MinTemp,MaxTemp,Rainfall,Evaporation,Sunshine,WindGustDir,WindGustSpeed,WindDir9am,WindDir3pm,WindSpeed9am,WindSpeed3pm,Humidity9am,Humidity3pm,Pressure9am,Pressure3pm,Cloud9am,Cloud3pm,Temp9am,Temp3pm,RainToday,RISK_MM,RainTomorrow
17.5,29.9,0.0,6.6,8.8,E,43.0,E,ENE,13.0,11.0,74.0,45.0,1018.5,1015.9,8.0,1.0,19.3,27.9,No,0.0,No
12.6,18.2,11.0,3.2,0.4,ENE,30.0,SSE,SSE,13.0,15.0,81.0,73.0,1010.0,1011.0,7.0,8.0,16.3,16.8,Yes,0.2,No
5.3,21.0,0.0,4.6,6.3,WNW,26.0,SSW,NW,7.0,7.0,77.0,44.0,1027.2,1023.3,7.0,2.0,12.0,20.4,No,0.0,No
7.6,16.1,2.8,5.6,10.6,SSE,50.0,SSE,ESE,20.0,28.0,68.0,49.0,1018.3,1018.5,7.0,7.0,11.1,15.4,Yes,0.0,No
14.5,24.2,4.4,6.6,5.9,W,48.0,NNW,WNW,9.0,17.0,95.0,60.0,1010.8,1006.8,8.0,5.0,15.8,22.6,Yes,11.0,Yes
7.7,18.4,10.4,5.2,12.0,S,48.0,S,S,24.0,17.0,58.0,34.0,1015.5,1014.5,5.0,1.0,10.6,16.8,Yes,0.0,No
11.9,21.1,13.2,6.6,8.6,NW,41.0,NNE,N,7.0,24.0,82.0,61.0,1019.2,1016.7,7.0,3.0,14.5,19.4,Yes,0.6,No
14.5449949724835,20.75272544453945,7.310010055033001,9.004559165954094,4.372745554605459,NNW,32.736372777302726,NW,NNW,18.154609441119103,17.418236663816376,93.86818638865137,67.76808583832134,1014.7882064987172,1012.5936573877964,8.0,4.527254445394541,14.776808583832134,19.392269527944045,Yes,8.311914007643114,Yes
5.469422255355589,23.93492594059469,0.0,4.488444334558804,6.087731840481457,WNW,35.27191472166518,SSE,WNW,5.907992737320595,11.485070306143268,74.58588205266966,31.76952824806635,1018.6039573297757,1015.924350880923,6.852115985953551,3.04057685386786,11.871122605342665,23.78424681445775,No,0.3872948263540872,Yes
13.776614410579636,19.948401165409926,29.18738579109345,5.484188121913314,8.782257059613576,NNW,49.8693417749765,SW,SSW,22.37416943072584,23.364514119227152,68.03711586734204,53.45805647690861,1007.8512977588596,1007.4130658225024,2.0,7.0,15.883072052898177,18.58017545944857,Yes,29.409442913074155,Yes
4.6,15.7,0.0,1.0,0.6,NNE,15.0,SSE,NNE,6.0,6.0,85.0,67.0,1030.3,1027.1,7.0,7.0,9.9,15.5,No,0.8,No
9.303348937247728,15.680482533829128,5.052430681332655,2.9403673023660293,2.2396110896572385,NW,33.406193732689594,ENE,S,2.925459127957537,2.4061937326895952,91.8174288834378,84.56031689483314,1025.023622616127,1021.597659346364,7.629816348816986,7.259632697633971,11.169931580280084,13.61750089894743,Yes,7.018040026544101,Yes
17.74301954165469,35.441646765107386,0.3954234842024585,9.312819287288397,10.206289781843235,S,68.86215646526911,N,W,5.8588715551298005,12.238880116470824,69.89683831023476,29.312121061069625,1018.8226017787338,1013.898332906512,0.8207273502272199,6.002867416186076,22.47928639174938,33.21265956182202,No,0.0,Yes
10.454259302194556,26.39638889227852,0.0,6.693981487130863,7.302407405147655,SE,67.5300925643457,NE,NNW,6.493981487130863,40.40972230696294,61.927777845570354,55.39768528122467,1019.1216666463288,1015.1602314718776,5.4819444613925885,7.0,18.02893520495802,21.125277754050376,No,0.0,Yes
7.9,19.7,0.0,3.2,8.3,ESE,48.0,SSE,ENE,17.0,11.0,58.0,43.0,1027.3,1024.1,3.0,6.0,14.0,19.1,No,0.0,No
7.51847137207629,16.490272203637677,0.0646207484052486,1.25744066524911,8.619745228679381,NNE,30.161551871013124,SSE,NE,5.964099584219306,18.96409958421931,75.08975103945173,64.47944397117995,1031.0589460500837,1027.5499709461385,6.964099584219306,6.928199168438613,12.196931122607872,14.701042328371884,No,0.5028547898815499,Yes
13.064636999747488,26.73493594113191,2.9397437645276385,4.510042705912061,9.883404509853433,ESE,37.53276392117253,ESE,SSW,4.550213529560302,16.266381960586266,78.8995729408794,35.63319098029313,1013.0785966864576,1009.0052348825164,4.266381960586265,3.366809019706868,16.968126921425043,25.424893235219848,Yes,4.638562525421914,Yes
13.0,28.2,0.0,5.0,11.6,NW,44.0,WSW,NW,4.0,17.0,74.0,27.0,1017.6,1014.4,3.0,6.0,17.4,27.0,No,0.0,No
10.17089414137952,21.5386176767244,0.0,6.29675809342677,6.261275372467715,NW,61.128963257543305,NNE,NW,19.258283017779547,37.03206256303936,68.0,55.61275372467715,1008.2030636552269,1003.5901316792032,6.354827209590551,6.354827209590551,16.31606693178897,17.45158530301732,No,2.8756777870422567,Yes
15.1,24.3,0.0,7.0,0.4,SE,39.0,SE,SE,7.0,17.0,69.0,80.0,1019.0,1017.1,7.0,7.0,18.9,19.7,No,0.4,No
0.5,16.3,0.0,1.8,4.1,NNW,39.0,SSW,WSW,4.0,6.0,81.0,45.0,1023.7,1017.5,7.0,8.0,6.2,15.4,No,4.0,Yes
5.8,12.4,0.0,1.6,0.0,SE,26.0,SSE,ESE,13.0,13.0,79.0,73.0,1027.3,1023.5,8.0,8.0,8.7,10.8,No,0.0,No
15.33614831760853,22.33336698249413,0.5934459327043412,4.767229663521706,1.9240315800840824,NW,28.12015790042041,SSE,WNW,5.97815310901447,18.85799520859406,88.91261243605788,67.74876075366642,1018.754617227464,1015.4229392355348,7.9890765545072355,7.0109234454927645,16.980934444128867,21.03773636069124,No,2.340607719996956,Yes
14.880959992744485,20.071439989116723,20.825775941230315,2.4438080014511034,0.1780959992744483,SSE,41.21904000725552,E,NW,6.547600018138793,20.0,83.3142400435331,90.32856001088328,1014.4743039825868,1013.267647972429,8.0,8.0,16.934287997823343,16.332856001088327,Yes,20.066906210887296,Yes
-0.9,18.5,0.0,2.2,8.9,E,22.0,SE,N,0.0,7.0,84.0,38.0,1030.2,1027.4,2.0,3.0,4.7,18.2,No,0.0,No
1.4,20.6,0.0,5.4,11.1,N,46.0,SW,N,6.0,30.0,56.0,16.0,1020.8,1015.4,5.0,1.0,11.3,19.5,No,0.0,No
16.23699288906917,29.615610624474808,0.7781631681997883,6.133510941692268,9.289871465742284,E,48.64845205052003,SE,ESE,9.444489822383892,16.947398275952068,68.15732732342231,38.4580042737994,1016.859234715366,1012.8734351484444,6.044834001746299,6.9460521792598815,21.516355320690018,28.34451449866491,No,0.0,Yes
14.23453979463996,26.609630158971974,0.0046343508219497,7.166400956540864,7.0600287241606825,NNW,64.82621184417688,N,NNW,6.95944943030794,47.79724715153969,68.17958109435055,64.18537403287799,1017.3411298635448,1014.3393919819864,7.0,7.005792938527438,19.7217953298796,18.939753439314654,No,0.0,Yes
0.3,17.0,0.0,2.2,5.6,WNW,31.0,S,WNW,6.0,24.0,99.0,52.0,1021.9,1018.6,8.0,1.0,3.8,16.2,No,0.0,No
8.537550274029888,25.31537273983423,0.0,4.355644931608689,8.928023561923894,NNE,30.597278082255432,SSE,NNE,6.59727808225543,15.819053424211988,71.58366849353258,31.986390411277156,1017.5497989038804,1013.0289823285572,3.416331506467417,5.805443835489139,14.519455616451086,23.958366849353254,No,0.0,Yes
3.8,13.8,0.0,2.8,0.8,WNW,31.0,W,NNW,6.0,26.0,67.0,54.0,1020.6,1018.5,7.0,7.0,10.5,12.4,No,0.0,No
4.126819672713315,9.142131684362145,0.1140555718565963,2.190331971849235,0.1332644433614057,W,64.38200525758441,NW,NW,18.02215369789677,27.23748480874004,65.10700899523012,80.87983474355792,1004.9729604417312,1001.3890874541636,7.894288098563822,6.993482393249827,10.102645149489138,9.349341672034427,No,1.4783594615574136,Yes
15.156796265189724,21.078398132594863,6.44488991102621,9.121180323351156,3.92413113172904,NNE,33.0,NW,NNE,17.410960145403575,17.805058528647805,93.60168617621594,67.19072603081236,1015.2809273969189,1012.8614332497835,8.0,4.796627647568132,15.296627647568132,19.85763935329769,Yes,5.606235865070365,Yes
15.0,29.4,0.0,6.6,11.1,NW,43.0,N,W,9.0,24.0,78.0,24.0,1010.8,1008.5,7.0,7.0,20.6,28.6,No,0.0,No
12.78781023506195,22.72221716716656,3.9515693472781295,6.0700365013286985,5.492335770252845,W,45.96167885126423,NNW,WNW,8.694251827689635,16.592335770252845,94.69425182768964,60.61149634462073,1011.1057481723104,1007.1261313837977,7.898083942563211,5.2038321148735776,14.291642349935527,21.09164234993553,Yes,4.317677252737576,Yes
12.1,27.5,0.0,7.4,11.7,NE,35.0,SSE,E,7.0,15.0,69.0,40.0,1011.8,1007.4,7.0,2.0,18.6,26.8,No,0.0,No
12.2138463819955,20.58046362108161,0.1113467493091214,6.068991840357485,0.662096140006327,NE,21.777032555577374,NE,ENE,7.3705427085194115,6.3289966211581605,69.77847318682657,56.3089710315969,1018.7933770513886,1015.4439714333064,8.0,7.9816409300925955,15.92992864648148,19.46302870108226,No,0.0,Yes
2.1,17.3,0.0,1.6,9.2,W,43.0,SSW,WNW,6.0,28.0,81.0,38.0,1020.0,1017.3,1.0,2.0,8.7,15.9,No,0.0,No
-3.4,12.5,0.0,3.0,6.8,SSE,48.0,NNW,WNW,7.0,30.0,89.0,30.0,1025.2,1021.8,6.0,7.0,1.4,11.2,No,0.0,No
11.206182051429066,23.04374029306129,2.7449767033471084,6.0375064712924695,3.751262295455693,NW,83.81246764353764,NNE,NNE,5.04997411483012,9.32509059809458,74.63729938993343,64.48737704544307,1010.1175168253604,1007.0337454700953,6.33745470095271,7.23750647129247,15.518753235646235,20.390005177033977,Yes,1.3762738279047304,Yes
0.2,15.5,1.0,2.4,9.4,SE,31.0,SE,WNW,0.0,11.0,79.0,37.0,1020.6,1018.2,1.0,1.0,7.2,15.3,No,0.0,No
-2.7,18.1,0.0,2.2,9.3,W,52.0,SE,WNW,0.0,24.0,85.0,36.0,1017.8,1014.3,1.0,1.0,3.5,16.7,No,0.0,No
-5.3,13.1,0.0,2.2,7.9,NW,33.0,N,NNW,4.0,20.0,94.0,47.0,1029.6,1025.6,6.0,6.0,0.1,12.2,No,0.0,No
6.3,11.8,0.0,2.6,6.5,WNW,63.0,NNW,WNW,20.0,28.0,81.0,48.0,1018.7,1020.4,6.0,1.0,7.0,11.5,No,0.0,No
16.115084807656313,33.7070157010483,0.0,8.627367536503183,9.637543454230626,NNE,62.31928792587048,NE,W,5.04561256083864,13.0,66.8070157010483,30.670178018532383,1016.711576957132,1012.8649109907338,1.0,6.47719371958068,21.054735073006366,32.14561256083864,No,0.0,Yes
3.0781025214687463,11.22580313243769,1.521881845174372,1.8389814976809256,0.3873381495021706,W,35.91297425797385,SE,N,0.0,12.882641840154085,98.46064414123852,95.67395615870404,1023.4702691011264,1021.0394749342664,6.7944096034216805,8.0,6.973285901532291,9.502960774626272,No,2.737110157981915,Yes
16.72757342133951,19.982352749048022,0.6547793277085097,8.98161771910699,0.0,E,27.27389663854255,N,E,6.181985234077507,11.363970468155014,88.72794093631003,72.72794093631003,1011.3733453660868,1009.3731616086015,8.0,8.0,16.863970468155014,18.99154388949453,No,0.3471041463265465,Yes
15.098916984620477,29.318514687909,6.271892720876939,2.6967509538614287,7.61959770328852,N,40.78648786812823,NW,NW,6.747292461551191,21.03919540657704,79.39865901096174,48.10675606593588,1013.081485312091,1008.7804022967116,2.5337803296794217,7.106756065935884,21.042702426374355,27.99716347472182,Yes,8.221674934853784,Yes
-0.1,14.7,0.0,3.4,9.9,ENE,30.0,SE,NE,6.0,15.0,60.0,43.0,1029.9,1025.9,1.0,5.0,7.2,12.3,No,0.0,No
2.4758907592742623,9.866180978766696,0.8977347822974171,2.4977347822974174,0.6105179345102398,W,61.93204346892252,NW,NW,16.571201079563654,25.18770651317897,67.5792826195904,82.63915761064115,1006.2888331557924,1002.2843027203874,7.872168477871771,7.127831522128229,8.679613040676752,8.612783152212822,No,0.0,Yes
13.9,34.7,0.0,6.4,8.5,SSW,46.0,SE,ENE,11.0,7.0,50.0,18.0,1022.8,1019.3,0.0,3.0,20.2,32.7,No,0.2,No
-1.6,11.5,0.0,2.8,8.9,N,31.0,ESE,NNW,7.0,20.0,82.0,53.0,1024.3,1021.9,1.0,1.0,3.0,11.1,No,0.0,No
7.1,23.4,0.0,3.4,10.2,ESE,39.0,SE,WSW,2.0,7.0,72.0,29.0,1021.0,1016.9,0.0,1.0,12.7,22.4,No,0.0,No
7.98696794428937,17.253913369836837,4.64696043804207,2.3617401095105177,1.7530395619579302,NW,54.68693041305287,NNW,SSW,20.495630960605457,16.34783424592098,90.34783424592098,87.15653479347357,1010.9304331508158,1009.3486892881816,7.269566849184196,7.269566849184196,14.281743862634167,13.678267396736782,Yes,4.525835632341192,Yes
9.538033991542155,25.93484671950761,0.0,5.494438347684742,10.32854419756744,NW,47.762125853389854,N,NW,20.92396803166197,25.83039331164498,47.4028532386892,30.823577049369916,1015.6573855527286,1011.0029293759352,3.1383969514334797,1.1940160090890912,18.29112269521452,25.917950239549512,No,0.0,Yes
12.6,20.2,19.8,2.6,9.1,W,46.0,NNW,W,17.0,20.0,76.0,50.0,1007.9,1008.4,5.0,4.0,15.1,17.4,Yes,0.0,No
12.204193426664109,29.16091382295969,0.0,7.2,8.222688158518233,ESE,39.56720396295586,SSW,WNW,2.4537631703646854,10.134407925911711,77.31935524445296,30.09247365927063,1012.4495697437006,1009.1794085548138,2.5672039629558565,6.886559207408829,17.717634219255277,28.736128951109407,No,0.3211187161819965,Yes
4.962246098688469,12.052266489069403,0.8,1.1691475178013566,0.1422868794503391,SSE,30.67151595877544,SE,N,2.597090424734738,12.422868794503392,99.0,93.11434397251696,1025.583118971268,1022.8602501767648,7.288565602748304,8.0,7.973680495940164,10.04282801374152,No,1.9372105565715767,Yes
5.384393232327016,18.8707130008438,3.286705075754738,2.342196616163508,5.8414260016876005,NNE,26.84778539564969,NW,SSW,7.996146927620463,8.566474621226309,98.14450845959124,51.71098308081754,1024.261656456216,1020.4479762247328,6.429672306394154,3.4296723063941537,8.055106233170816,18.242196616163508,Yes,4.349440848659162,Yes
2.6460527345853144,10.240230393135922,1.181447341061131,1.4874519017328522,0.7756107734656752,W,37.4754223639385,SE,N,0.3594129401336421,13.105942583579582,98.77838271682218,94.82293480922748,1024.0727151149486,1020.6486578556136,7.032405133687974,8.0,6.673984506325403,9.25461130216969,No,2.8910637982462823,Yes
15.551861261168936,32.743306349125014,0.0,8.034219648175684,9.025664736131764,NE,54.42774560219605,SSE,W,6.0,16.497341055472948,70.33156070364863,25.50265894452705,1015.9015953667164,1011.4267283139426,4.4973410554729485,6.0,21.03421964817568,31.17646241948988,No,0.0,Yes
14.302171628899186,21.19543478976087,7.000924021270392,9.159200308752323,4.357326595139311,NW,31.404980908819084,NNE,NNW,19.52790170848109,20.24163963226026,93.47872894518976,65.47172388968673,1014.5396816712656,1013.3075217065252,7.658530117814484,3.949673837079391,14.172497239916288,19.330094391790706,Yes,7.930490048957713,Yes
2.117017878347433,11.287927637590002,1.2582396628044223,1.6508654683155424,0.0270188772449592,W,38.06971683464079,SE,NE,0.2879107399118336,13.396473143613722,98.10272771908016,95.53266790335712,1023.7960041310024,1020.2207708611782,6.893579537590232,7.906317199234889,6.006173480913304,8.224594326179238,No,0.9804772395801952,Yes
15.28010886802388,19.679564527904493,19.17793150754633,4.741415284310405,0.0198911319761226,NNE,33.795645279044905,SE,NNE,8.70163302035816,13.696189619164292,91.00544340119389,88.19891131976122,1009.326570657248,1006.805590845033,8.0,8.0,17.900544340119385,18.37125198227459,Yes,18.340335849431032,Yes
14.959243473321708,29.46407895068709,0.0,6.683486820533899,8.622335540420142,E,48.679605246564535,SE,ESE,8.320394753435462,14.281579013741853,63.262171143895046,36.64078950687093,1018.3650328540832,1014.4650328540832,3.9611842603063874,7.0,20.27282898221447,28.624276327404825,No,0.0,Yes
13.2,33.1,0.0,8.6,9.7,ENE,39.0,SE,NNW,7.0,7.0,91.0,18.0,1020.9,1017.7,7.0,1.0,16.1,31.7,No,0.0,No
8.4,22.8,16.2,5.4,7.7,E,31.0,S,ESE,7.0,6.0,82.0,32.0,1024.1,1020.7,7.0,1.0,13.3,21.7,Yes,0.0,No
6.3,16.1,0.0,1.8,2.9,S,35.0,S,S,19.0,24.0,63.0,33.0,1019.7,1016.2,7.0,7.0,10.0,15.7,No,0.0,No
16.518234237818508,22.750157657337635,2.2805045034804263,6.077981986078294,0.690725223753113,N,32.0990540559742,S,N,6.0990540559742,13.0,93.50157657337633,75.39936937064947,1014.8204414405452,1012.2808198181556,8.0,7.699684685324733,17.538990993039146,21.589463965052047,Yes,1.8271332774734697,Yes
4.804338711614153,18.414983272018095,3.653152924394896,1.969084826188399,5.235253885425754,ESE,22.309151738116007,NNW,W,6.0,6.502371574438515,98.07254478565196,50.57965950896752,1026.7854910428696,1023.2854910428696,7.0,4.115931901793504,7.197084233048956,17.768610511300697,Yes,2.8295371623220675,Yes
15.3,33.4,0.0,8.8,9.5,WNW,59.0,N,NW,2.0,31.0,60.0,26.0,1012.4,1006.5,1.0,5.0,22.2,32.8,No,0.4,No
0.2,15.5,1.0,2.4,9.4,SE,31.0,SE,WNW,0.0,11.0,79.0,37.0,1020.6,1018.2,1.0,1.0,7.2,15.3,No,0.0,No
16.097580161882394,19.416600141082636,19.400031691074087,5.206745974360072,0.1490002342624567,NE,33.46456061387605,SSE,NNW,8.44623398438863,13.96160670238898,93.73763480742905,87.47756602751377,1009.32519367292,1006.0744343693912,8.0,7.988033916454999,17.304485363058706,18.882976053010005,Yes,21.017133850317464,Yes
13.156838923075243,15.58483619373319,38.74484984044345,7.16288416524173,9.012512675212648,NW,54.13255655270811,WNW,W,29.893954757833512,24.185579173791357,62.15906786324973,55.86744344729189,1005.4390239857544,1006.7534448119628,2.1060452421664877,6.973488689458378,13.52386017948746,14.166278276354054,Yes,40.06410332628118,Yes
14.498421366527506,24.14474782846267,4.450516271119845,6.644201737229864,5.884213665275049,W,47.76320497912573,NNW,WNW,9.173649681974466,17.031572669449904,94.98421366527504,60.07893167362476,1010.8741957732072,1006.9010325422396,8.0,4.984213665275049,15.779477764857564,22.54790509540766,Yes,4.387490934867203,Yes
16.0,23.8,2.2,5.4,6.2,SSE,30.0,SE,ESE,11.0,11.0,73.0,49.0,1018.9,1017.1,8.0,7.0,16.5,22.9,Yes,0.0,No
3.3252438476982555,22.055112316359075,0.0413790540814174,6.683320502505368,5.283530639237955,NW,81.63929015262528,SSE,NW,1.84399109865596,20.920057657508277,50.14635544868307,48.45123012371597,1011.6782823640862,1006.6010202707406,0.8779397196362642,7.718720147986728,14.93034785886604,21.182634015022757,No,0.0,Yes
13.3,31.7,0.2,7.8,11.0,WNW,44.0,ESE,WSW,6.0,28.0,80.0,23.0,1021.6,1017.6,2.0,5.0,17.5,30.7,No,0.0,No
4.6,15.7,0.0,1.0,0.6,NNE,15.0,SSE,NNE,6.0,6.0,85.0,67.0,1030.3,1027.1,7.0,7.0,9.9,15.5,No,0.8,No
3.4,15.0,0.8,4.8,11.7,S,70.0,S,S,35.0,37.0,43.0,24.0,1023.4,1023.1,1.0,5.0,8.3,14.3,No,0.0,No
7.5,23.3,0.0,6.8,10.9,WNW,65.0,N,NW,15.0,41.0,46.0,15.0,1012.5,1010.9,1.0,0.0,18.3,21.3,No,0.0,No
11.7,30.2,0.0,7.8,11.2,NE,33.0,ESE,NNW,9.0,13.0,73.0,22.0,1024.3,1020.6,1.0,0.0,17.7,28.8,No,0.0,No
6.3,19.3,0.0,3.4,10.6,S,31.0,S,SE,9.0,13.0,65.0,39.0,1027.9,1024.4,1.0,1.0,12.6,18.8,No,0.0,No
6.7,26.1,0.0,6.2,7.5,SSW,70.0,NE,NNW,6.0,33.0,56.0,47.0,1020.9,1016.0,4.0,7.0,16.3,23.2,No,13.2,Yes
-1.0,12.2,0.0,1.6,8.4,ESE,30.0,SE,E,7.0,13.0,82.0,51.0,1032.2,1027.4,3.0,5.0,3.7,10.8,No,0.0,No
1.990012101141733,20.179703850319807,0.0,3.208927172694125,7.743995159543306,SSE,33.73538833881284,NW,SSE,3.470776677625682,16.690752475342215,78.1615291529679,37.05844664474864,1021.9189150715524,1017.6336869087214,3.206165016438523,2.3676941694064206,8.528162596210176,19.90616501643852,No,0.9228645066160056,Yes
15.309117581033572,24.55458323979756,2.718210712786369,8.386384751651578,2.2636519222695832,N,30.8864580994939,N,NE,10.136396976291964,9.659129805673958,68.86360302370804,51.38633585309003,1016.2227083801012,1014.1363480777304,7.477267170618006,8.0,18.87048399572457,23.29321682510656,Yes,3.494279436183831,Yes
12.258435486367627,30.65836922493997,0.0,7.0333443769046085,8.566655623095393,ENE,42.75008282678456,W,W,4.333443769046083,16.500165653569127,68.25024848035369,28.41630775060023,1013.6500496960708,1009.9666556230952,4.500165653569125,6.833278115476959,19.033410638332256,29.508352659583064,No,0.0,Yes
13.70003947811865,18.325060862099587,6.149983550783896,3.700059217177977,0.2250148042944942,NW,39.99980260940674,NNE,N,9.749917753919476,16.749786160190638,93.7499835507839,91.24988485548728,1010.1749983550784,1007.025034543354,8.0,8.0,16.45000328984322,17.450055927334756,Yes,5.9533574376362415,Yes
0.1,16.7,0.0,3.8,10.2,WNW,28.0,ESE,NNE,2.0,13.0,69.0,44.0,1027.0,1024.8,1.0,4.0,9.0,14.9,No,0.0,No
7.5,19.0,0.0,4.0,6.8,ENE,26.0,SE,ESE,0.0,7.0,74.0,43.0,1025.5,1022.2,6.0,5.0,12.6,18.1,No,0.0,No
17.62393389774209,31.95770253983941,0.0,8.812619912017022,8.67606610225791,ESE,55.20409109395374,NNE,NE,12.929504233065678,18.96475211653284,61.10574365040148,53.71801693226272,1011.3296775481436,1008.41205360641,6.0,7.0,23.53376864209732,25.432462715805364,No,0.0,Yes
9.01231510346051,26.365024086246656,0.0,5.168472655190765,10.522167752854193,NE,31.93595919550425,SE,NNE,6.532020402247875,13.0,72.97044488494532,34.18719183910085,1015.7724142815736,1011.5596061206744,1.0,5.280787758651275,14.86206857474119,24.658620005797083,No,0.0458792610320698,Yes
2.3,11.6,19.2,1.8,7.5,WNW,54.0,WNW,WNW,26.0,31.0,78.0,56.0,1006.9,1010.3,7.0,3.0,7.6,11.2,Yes,0.0,No
0.5,17.1,0.0,4.0,9.4,NW,31.0,ESE,W,6.0,13.0,74.0,42.0,1020.8,1017.4,1.0,1.0,7.4,16.2,No,0.0,No
-0.9,16.7,0.0,2.8,8.6,NW,35.0,WNW,NW,7.0,22.0,84.0,33.0,1018.1,1013.9,7.0,7.0,6.4,15.5,No,1.0,No
5.4,20.7,0.0,3.2,10.8,SSE,28.0,SSE,S,7.0,9.0,66.0,36.0,1027.2,1023.9,1.0,2.0,12.3,20.4,No,0.0,No
14.7,34.2,0.0,6.6,12.8,NE,33.0,WNW,NW,6.0,11.0,64.0,25.0,1017.8,1013.3,1.0,1.0,21.3,32.2,No,0.0,No
0.5074746011600093,15.387143686004784,0.0023918723712029,2.3970101595359963,6.381462989123177,W,69.89535558375987,NW,NNW,21.93422350979192,27.955152393039945,53.137532661344174,68.0837155329921,1017.2215268513409,1010.2325892610576,1.0179390427840225,7.002989840464004,9.689834542422387,12.887143686004784,No,0.0,Yes
-3.5,7.6,0.4,2.4,4.7,NW,50.0,NW,NW,30.0,24.0,92.0,68.0,1014.8,1012.6,8.0,6.0,3.3,5.1,No,0.4,No
7.0,14.3,2.6,9.6,9.7,WNW,63.0,NW,W,26.0,33.0,68.0,40.0,1010.3,1012.7,1.0,3.0,9.1,13.7,Yes,0.0,No
11.694492344053993,29.072994577112645,0.0,7.516451027811405,8.353023692365456,ESE,38.53726670193332,SSE,WNW,3.033723221094529,8.606864699593563,77.69292285573641,30.205999822959964,1012.9870743906938,1008.6514278407448,1.7853138436558995,7.106926420931753,16.798736963545505,28.34905002146444,No,0.0,Yes
11.837437214211366,24.409283960606484,0.0,7.611221118537229,6.823733675694956,NNE,59.0,NNE,NNW,21.668819064367497,26.668819064367497,64.06256278578863,55.3311809356325,1005.286841723532,1001.0074472599376,6.0,6.393743721421137,18.376811586353483,19.316831677805844,No,0.2196448151766039,Yes
-0.3766476643787117,16.524917089870485,0.5008044874236378,1.739923077237853,8.679791725323032,W,38.32884836594578,SE,NW,5.451329895699187,15.1682489458202,79.79132935459859,49.96219335458781,1025.4484776952966,1021.6239481912972,1.136937406218507,5.021081776700212,6.481262002232635,17.997407149127532,No,2.2839691747176945,Yes
13.50476007521922,23.60823572040061,4.077219483854882,6.142727602127748,6.142085387108839,W,46.78957306445581,NW,W,9.537967526908531,16.731016236545734,95.13449188172712,59.46203247309147,1011.8221383011262,1007.74144317209,7.596524354818602,4.596524354818602,15.114091403191624,22.12927841395504,Yes,5.189956140702442,Yes
14.450610395635936,22.471363847257717,5.980467339650089,7.982908922193828,5.406103956359347,SSE,40.59155934539021,NNW,SSE,14.432856480047182,17.987792087281306,94.50610395635935,62.46948021820327,1013.1213114051112,1009.9609346793002,8.0,4.506103956359347,15.157935143267151,20.970143055985847,Yes,9.80050197395252,Yes
8.4,16.1,0.0,3.0,4.9,SE,35.0,SE,ESE,13.0,22.0,69.0,51.0,1029.5,1027.4,6.0,7.0,13.6,15.2,No,0.0,No
13.423944436960706,23.98148863886456,0.0436749512498793,3.2143107615651774,0.6788101234682382,NNW,27.290635284386862,SSW,S,4.950276407983423,5.899430363619534,81.85980841495521,46.40507247966399,1017.5419087744528,1012.503317066186,7.471204411013752,7.150375753847755,18.071662080553512,23.220833838781218,No,1.908672493933144,Yes
5.3,21.0,0.0,4.6,6.3,WNW,26.0,SSW,NW,7.0,7.0,77.0,44.0,1027.2,1023.3,7.0,2.0,12.0,20.4,No,0.0,No
0.3,17.0,0.0,2.2,5.6,WNW,31.0,S,WNW,6.0,24.0,99.0,52.0,1021.9,1018.6,8.0,1.0,3.8,16.2,No,0.0,No
15.175597466937964,20.09761013224814,21.163648128178657,3.382767070193551,0.1244025330620345,S,37.97610132248138,NE,NW,7.133962004069482,17.354088657171207,85.77987334689827,89.24402533062035,1012.6186797914542,1011.0383025890123,8.0,8.0,17.377987334689827,17.169370869786604,Yes,23.252868766912712,Yes
8.4,16.1,0.0,3.0,4.9,SE,35.0,SE,ESE,13.0,22.0,69.0,51.0,1029.5,1027.4,6.0,7.0,13.6,15.2,No,0.0,No
4.4,18.2,0.0,3.6,11.0,W,31.0,SE,WNW,7.0,19.0,78.0,35.0,1017.4,1015.0,1.0,3.0,9.2,17.2,No,0.0,No
12.116027662663184,25.23401977153867,0.0,6.0988094287024825,12.451096516285803,NW,43.066314900021865,NNW,WSW,6.5075157865945705,12.62382657914088,68.51298101794072,46.56648210692447,1013.9726794979044,1010.2190680645784,6.07998018229981,4.118333918922521,15.642502301026209,22.01668736078166,No,0.0,Yes
17.5,29.9,0.0,6.6,8.8,E,43.0,E,ENE,13.0,11.0,74.0,45.0,1018.5,1015.9,8.0,1.0,19.3,27.9,No,0.0,No
14.890465905335208,20.515533550342617,22.607458532268623,2.1630055871042817,0.0,SSE,42.42638403342912,E,S,6.303883929942269,20.17617714562722,80.54656271535126,86.89394591345427,1015.9371016655164,1014.2544491652131,7.537679671832655,7.934282779014327,16.966864376500386,15.74928964797297,Yes,18.718553244497336,Yes
3.8,21.7,0.2,2.8,6.5,NW,44.0,ESE,WNW,2.0,20.0,99.0,34.0,1011.9,1006.7,7.0,7.0,7.9,20.2,No,0.0,No
-2.0,11.3,0.2,2.2,5.9,WNW,33.0,SE,WNW,2.0,19.0,88.0,50.0,1020.0,1015.3,7.0,7.0,1.2,10.9,No,0.0,No
16.322687337561874,24.852355394373557,1.8593361136233604,7.841884315498842,3.796509640375096,S,49.8080302206303,NNW,N,4.15706618312066,7.104710788747107,87.6160604412606,55.877837413128375,1011.8488650347488,1008.4767879117478,7.0,7.017451798124518,17.56806201268562,24.040139135686392,Yes,3.737088785347148,Yes
-5.3,13.1,0.0,2.2,7.9,NW,33.0,N,NNW,4.0,20.0,94.0,47.0,1029.6,1025.6,6.0,6.0,0.1,12.2,No,0.0,No
9.4,19.2,0.0,2.2,7.7,NW,24.0,E,NNW,4.0,15.0,73.0,47.0,1024.2,1020.3,7.0,1.0,12.1,18.8,No,0.0,No
9.213381184019674,26.055302561885824,0.2212102475432993,4.96313162540945,10.63855270901575,NE,31.491578327874,S,NNE,6.81565812704725,13.245789163937,74.3686837459055,34.1228945819685,1015.8726450233582,1011.497223939752,1.2457891639369991,4.8771054180315,14.778197143854324,24.29217093647637,No,0.8718000816239991,Yes
13.756868686206158,27.087024087533724,3.375571094959531,4.54961927002698,9.643892773739882,ENE,39.12468272502248,ENE,W,3.875317274977517,16.750634549955034,78.94019683730889,36.0,1012.4124682725022,1008.5122144525202,4.750634549955034,3.3117068125562072,17.493765863748877,25.91196063253822,Yes,1.8795284739875284,Yes
15.19617192091403,20.2017034639561,17.74596442197248,5.262075319451427,0.0,NE,33.92754034098163,SSE,NNE,8.996430174673874,11.989793550353186,92.59731260735106,90.2869482331725,1009.4965396517908,1006.3638064886308,7.815181574408162,8.0,17.203880738885577,18.315642617559384,Yes,18.709045731715904,Yes
8.773218762881093,19.38078372761353,3.859304275637837,3.466261519259466,2.7165653798148663,NW,68.14522208354059,NNW,SSW,17.66869240370267,11.834346201851336,86.53782482366215,79.37217102551348,1010.6020431714608,1009.2744342051028,7.351739310905407,7.0,14.168304690720271,15.273218762881092,Yes,5.193620339977999,Yes
12.959254152144528,24.038241364062124,0.3691206820310616,2.6771982949223463,0.893711304103965,NNW,34.09150963088434,SSW,S,5.691206820310616,8.39314714259273,83.54038806445642,47.22443921678604,1017.261758635938,1013.0838447742174,7.4596119355435775,7.077198294922346,16.6978532996057,23.14596119355436,No,0.0,Yes
5.9,21.8,0.0,2.8,9.3,E,35.0,SSW,NNW,7.0,11.0,70.0,35.0,1028.0,1024.1,1.0,5.0,12.9,20.8,No,0.0,No
15.821861631888003,21.32712789370665,0.5284751929137765,6.373545755896916,1.2205143326808772,NE,27.28475192913777,NW,SE,6.0,16.139007716551063,88.64237596456888,69.43049614172448,1015.8390077165512,1013.0754437696976,8.0,7.357624035431117,16.88542557874133,20.098652700792872,No,2.143664584768648,Yes
-0.5,21.6,0.0,5.0,9.9,NW,48.0,NNE,NW,9.0,26.0,44.0,27.0,1014.6,1010.9,7.0,5.0,11.9,21.5,No,0.0,No
10.542751418105318,21.377652350041664,2.5866691652974514,1.3607850486168975,2.228235514585069,NNW,26.890205632019665,NE,S,4.478429902766205,11.564710291701385,96.5215700972338,71.36863553478587,1017.4027401742668,1015.4396037277454,8.0,7.0,13.649416835456591,19.060396272254625,Yes,1.1679557134064118,Yes
6.3,16.1,0.0,1.8,2.9,S,35.0,S,S,19.0,24.0,63.0,33.0,1019.7,1016.2,7.0,7.0,10.0,15.7,No,0.0,No
9.8,26.3,0.0,5.2,13.0,NNW,41.0,W,NNW,6.0,19.0,63.0,35.0,1023.2,1018.0,1.0,1.0,15.3,23.9,No,0.0,No
13.3,31.7,0.2,7.8,11.0,WNW,44.0,ESE,WSW,6.0,28.0,80.0,23.0,1021.6,1017.6,2.0,5.0,17.5,30.7,No,0.0,No
15.227111801360998,20.776250932028557,21.71530186252745,2.7965888202463143,0.3728720498509578,SSE,40.8983105589112,E,S,6.355913043810795,19.64408695618921,81.1864844712896,87.91536645767962,1014.9796621117822,1014.0339018632924,7.9491552794556,8.0,17.223716770395356,16.808447205443994,Yes,21.35546170084998,Yes
-0.2100579698763248,18.07164179535012,0.9124319744120716,1.8879960726740928,8.681753780366726,NW,34.05872096473547,NNE,NW,1.8199816752284197,19.85544138291131,79.22298494099182,41.756146715434575,1023.3841011230436,1018.2436012428798,0.7794641115068366,1.8744119248889668,7.04533947237107,18.39189844188485,No,3.858491517364288,Yes
12.495857357090571,27.98110252459115,1.9078395267268928,6.280178303636786,8.665901932999766,ENE,44.17049033500116,NE,NW,5.4101337277275885,13.239643392726428,68.71893017817928,35.0599108481816,1016.7244100983646,1012.7714145559556,2.6497771204540177,4.880178303636786,17.5,26.64008915181839,Yes,1.7645318318960634,Yes
2.3,16.8,0.0,4.8,11.4,N,41.0,NNW,NNW,6.0,28.0,52.0,34.0,1019.8,1017.0,2.0,1.0,9.8,16.3,No,0.0,No
9.0,30.7,0.0,7.6,12.1,NNW,76.0,SSE,NW,7.0,50.0,38.0,15.0,1016.1,1010.8,1.0,3.0,20.4,30.0,No,0.0,No
5.770169095144912,23.65262682135868,0.0,3.782843537000799,6.266072884788626,NNW,76.20866862568458,SSW,NW,2.6530126321457117,33.865539365700585,87.91035957713372,27.044820211433137,1017.7518551997846,1010.6567230317148,1.0,7.608192420712573,10.166072884788626,22.72202429492954,No,0.0,Yes
9.1695682033744,26.009367139487107,0.0,5.861572573739741,10.192827795328498,NW,46.91931968130809,N,NW,19.921987596370723,26.04535137521751,46.33742159425635,31.933050820734927,1015.0481186297628,1011.282614078372,3.5567800994500667,0.7385479756757642,17.94838502454305,25.29841989327081,No,0.9022168690826596,Yes
-0.3,9.3,0.4,1.4,9.9,N,39.0,NNW,N,9.0,30.0,72.0,60.0,1017.4,1016.6,1.0,1.0,4.7,8.3,No,0.0,No
14.685436405895134,24.261812135298378,4.132147413707031,6.723624270596755,5.683657526455678,SW,48.20604045099459,NNW,W,8.484898872513519,15.96979774502704,94.27885842151892,59.587919098010815,1010.9030202254972,1006.9648323607956,7.896979774502704,5.206040450994593,15.975134383345404,22.744228315696216,Yes,4.072226535804224,Yes
15.056391268395412,28.696640692361044,5.613733443587406,2.825565073581645,7.365011697266487,NE,42.53834761037247,NW,NNW,5.658144975472785,19.43608731604589,82.19649258584525,49.36742009810886,1012.71197973651,1008.3170927512264,2.8546375613180373,7.0,20.401753707077376,27.482104448492848,Yes,5.835409977453233,Yes
7.88958055541441,14.778785082518857,5.384333230290619,2.8051721194617985,0.6841076133046419,NW,37.4463986638322,ENE,NW,2.0,2.631183128094776,90.94827880538202,88.2113971181915,1025.7345212444457,1021.9582470159957,7.079085905166829,8.0,11.036731275866536,12.836656070204544,Yes,4.294723716933212,Yes
16.74268283930435,25.262341204340878,3.416780305753047,9.994243881433045,2.399755975026089,ESE,39.0,N,NNE,14.37170745711304,15.05756118566956,64.97121940716522,51.05756118566956,1015.5944879064068,1013.8287805928348,7.34292686427826,8.0,20.16546328859826,23.933804636480005,Yes,4.247989008626528,Yes
16.434027411089858,28.50791192898116,5.699702538104348,6.702082233269564,5.473884517891305,ESE,39.83283756350725,NNE,NNW,10.085068527724635,16.74776903578261,72.24628172630435,48.58358121824638,1013.8920880710187,1010.9261154821088,4.917906091231884,7.583581218246377,21.23343248729855,27.091195685331883,Yes,5.770140143459771,Yes
7.2,22.9,0.0,2.2,9.5,E,26.0,NNW,N,4.0,6.0,82.0,28.0,1023.1,1019.2,1.0,1.0,14.0,22.2,No,0.0,No
-0.8906745900752884,11.05528083229611,0.0,2.731684993776657,4.821123329184438,NNW,43.01236254667507,SE,NNE,5.434829130363831,26.0,86.54044577628602,76.65842496888328,1018.9366300124468,1016.6378662671142,6.10561664592219,7.2235958385194525,4.180112925483069,6.035393757779179,No,0.0,Yes
-0.7200222955312072,11.07599554089376,0.0480089182124828,2.7119464907251025,3.799777044687928,S,41.0,SE,N,5.319687862563099,21.199108178751715,89.72013377318724,80.16040131956173,1017.4398216357504,1014.2436923216692,7.0,7.240044591062414,3.46393757251262,6.420133773187243,No,0.0,Yes
14.954322731015337,19.254322731015336,16.85163721117734,4.654322731015335,0.0,NE,34.57126031356666,SE,NNE,9.314252062713331,14.099882219496662,92.31425206271334,88.78563015678333,1008.935689047035,1006.0785630156784,8.0,8.0,17.748598349829333,18.28574793728667,Yes,14.913604983609243,Yes
14.304448581371576,21.91698870209701,8.286718449045969,9.57208242395614,6.138974836312105,NW,64.37491975854913,N,S,33.595423032307025,27.99258569771404,69.45583515208772,40.68375272813159,1007.3463249454372,1005.5367505456264,7.0,1.1544164847912275,17.76547374505947,20.6397804597014,Yes,7.40623943266017,Yes
7.799280953690261,18.58625551485258,3.910564160332092,3.004922557011177,2.601230639252794,NW,64.81332957841406,NNW,SW,19.97538721494412,12.98769360747206,87.43487280581161,81.42256641328366,1010.8198976814116,1009.6845132826568,7.223589599169771,7.0,13.924820238422566,14.29928095369026,Yes,4.7162259695330615,Yes
2.5771689374685103,9.923851738987258,0.751275845569712,2.1522965220254817,1.9187483567084107,SW,60.274241065824526,NW,SE,20.24362077215144,29.24362077215144,66.73596569873317,79.7614826101274,1006.5177276802526,1003.3146656508852,6.75637922784856,6.502551691139424,9.127424106582453,8.500510338227885,No,2.388700788463044,Yes
11.112775367379443,29.71544078309441,0.0,8.308800855758683,7.089473597529775,E,47.2140887739278,SE,ENE,7.644686438869439,7.695564385391948,55.26754099411282,37.00684723261396,1022.1534301581328,1018.4138683282546,0.2181576988813649,6.872138346861468,17.70048003249024,26.02996345556921,No,2.4683306045011184,Yes
12.1,27.8,0.0,5.0,11.5,E,41.0,SE,NNE,7.0,11.0,66.0,33.0,1024.8,1023.1,0.0,1.0,17.8,27.0,No,0.0,No
12.6,18.2,11.0,3.2,0.4,ENE,30.0,SSE,SSE,13.0,15.0,81.0,73.0,1010.0,1011.0,7.0,8.0,16.3,16.8,Yes,0.2,No
11.329261957680986,17.83288553590863,0.093314092643783,5.14967719962127,8.113807701270773,SW,67.20136897179314,N,W,24.50251370407108,32.81640737354293,65.42646388460669,38.156018144890176,1009.5460629562228,1005.6071023378636,4.83963372934565,3.938970363908073,12.934727135349233,16.88340645772228,No,0.0,Yes
6.4,16.9,0.0,2.6,5.9,SSW,26.0,SSW,ESE,17.0,9.0,78.0,51.0,1027.8,1024.8,7.0,2.0,9.5,16.0,No,0.0,No
-2.3091900180941773,9.91100659637582,0.0,1.2510978020831336,1.825196367488375,SSE,29.39156023596594,SSE,WSW,7.171495795514966,13.687853349637622,89.4418360543458,67.03955509496608,1014.041782304045,1009.8855802819528,6.6950181238565705,6.890757683241414,0.8563893975567844,8.251846293917394,No,2.3460532492901227,Yes
8.134078704930332,18.80145237599405,0.2601113548692241,5.650010805772127,5.372721857228491,NW,58.87502691987007,NNW,NW,26.404115704121345,31.278316453131985,69.17612782958332,49.23548901463098,1002.6013150725169,997.8422859577252,6.1052604760411855,6.179213013140958,13.88282460409442,16.86518333321655,No,0.0,Yes
-1.2397511810033994,11.001576741384092,0.0,2.409460448304554,4.606306965536369,NW,45.42904663771584,SE,NW,3.5551859484432327,26.0,83.58672077612508,75.04730224152277,1019.5810791033908,1017.5239837671623,5.031534827681847,7.492116293079539,4.636597698235215,6.438174439619307,No,1.04028412735889,Yes
12.595973818076196,23.085333194420432,3.3902221296136203,1.609202701540122,2.317542649810857,NNW,30.100654548095083,N,NW,4.057516884625761,13.05751688462576,96.9079729845988,73.9022212961362,1015.7818821813428,1014.0746925707648,7.991372467306136,6.991372467306135,15.29281038942178,20.38792145422859,Yes,3.5739933480430714,Yes
12.6,20.2,19.8,2.6,9.1,W,46.0,NNW,W,17.0,20.0,76.0,50.0,1007.9,1008.4,5.0,4.0,15.1,17.4,Yes,0.0,No
6.209257961218935,16.159912701319875,0.0,0.989869051979812,6.288559571777931,NNE,25.447162792895924,SSE,NNW,6.0,14.797381039596235,82.00436493400628,64.29956350659937,1028.2830576043673,1025.0282103770576,7.350218246700313,7.0,10.80419248720884,14.605065474010097,No,1.5925074333777711,Yes
13.3,31.7,0.2,7.8,11.0,WNW,44.0,ESE,WSW,6.0,28.0,80.0,23.0,1021.6,1017.6,2.0,5.0,17.5,30.7,No,0.0,No
8.47512798173371,24.345645265867056,0.0,3.2096609324148124,6.315578879275922,NW,30.34078337042659,SW,NW,5.6065865094837966,19.20314821666432,68.55673426381759,26.4489903965727,1019.2208190392884,1015.2147097605988,7.013593155251982,7.140992980674006,14.693675444980933,23.298823970329856,No,0.0,Yes
15.800979293721287,19.863443332300264,18.64133018929991,5.099963103739159,0.0,NE,33.78781281064811,SSE,NE,9.82195497674811,12.851543434169749,93.20188021857255,88.20381288123049,1009.363336039341,1005.7695428612728,7.880110163074017,8.0,18.30341311604524,18.39725651391629,Yes,17.564444752728157,Yes
3.2905840879180994,21.11437968947705,0.0,3.4317761966222644,9.49367399740174,NNW,32.20632600259826,NW,NNW,3.9841849935043534,17.222141009093903,77.61897800779478,37.61897800779477,1020.5634062096136,1015.922141009094,1.0,3.190510996102613,9.895328589866793,20.27944049155566,No,0.0,Yes
2.4,14.7,0.0,2.6,9.2,ESE,20.0,SSE,E,7.0,6.0,74.0,43.0,1030.4,1026.0,1.0,1.0,5.9,13.8,No,0.0,No
13.817623567231678,21.52159907951449,10.344964050136234,3.133303751328779,1.2627651093952377,NNE,31.352915074701865,NNW,NNW,6.25485845783644,13.0,94.74514154216357,80.31360368194203,1012.5981009898724,1010.447129298305,8.0,7.450971691567288,16.517623567231677,19.58825095517888,Yes,10.30501585131126,Yes
-0.9,18.5,0.0,2.2,8.9,E,22.0,SE,N,0.0,7.0,84.0,38.0,1030.2,1027.4,2.0,3.0,4.7,18.2,No,0.0,No
10.0,22.5,0.0,4.4,11.6,E,33.0,SE,S,11.0,7.0,55.0,46.0,1018.7,1016.8,1.0,2.0,14.7,22.2,No,0.0,No
12.5,29.9,0.0,5.8,10.7,NW,43.0,SE,WNW,0.0,19.0,76.0,30.0,1022.7,1018.8,0.0,1.0,16.8,29.2,No,0.0,No
2.3,12.2,0.0,2.8,9.8,WNW,44.0,WNW,NW,20.0,30.0,58.0,41.0,1024.2,1022.4,1.0,1.0,6.5,10.4,No,0.0,No
2.4,14.1,0.0,3.0,1.8,NW,46.0,NNW,NW,15.0,30.0,50.0,27.0,1021.4,1017.8,8.0,8.0,8.6,13.2,No,0.0,No
10.868362977595153,29.25412069059616,0.0,8.407595886399461,7.522787659198384,E,50.18040230198721,SE,ENE,6.990505142000673,9.037979431997307,56.11393829599192,33.952525710003364,1021.5658185112025,1017.6620205680028,0.0094948579993267,6.990505142000673,17.544625832596836,27.751272233196364,No,1.0864692045837796,Yes
16.0,22.8,0.0,12.4,6.0,E,50.0,E,ENE,13.0,19.0,70.0,57.0,1012.3,1012.3,8.0,6.0,17.0,21.6,No,0.0,No
5.6,18.0,5.2,3.8,9.3,S,31.0,SSE,SSE,9.0,20.0,70.0,40.0,1020.8,1019.6,1.0,1.0,12.4,17.9,Yes,0.0,No
7.752766054398274,18.35965538187134,0.0,2.8420145741766687,7.070250493407201,NE,46.81680582967067,NW,SE,17.873956277469993,26.465553362634655,71.73277668131733,58.70589798076332,1013.2095771975283,1010.78856991044,4.225208744506001,5.816805829670667,13.41764080769467,16.735620920058476,No,0.6422414907351292,Yes
-0.8339417868531758,11.0064892247109,0.2389353482653889,1.7740431011564075,0.0129784494217963,WNW,40.61064651734611,SE,NE,0.0,6.454245729762871,92.45424572976287,87.58403022398083,1015.0489224710898,1009.7851961900188,7.0,8.0,2.653079763725028,8.6935107752891,No,0.0,Yes
0.9762556534731196,16.06247060875989,0.0,1.6146635687427215,3.5799381326726687,NNW,39.97535319648,SSW,WSW,3.431346709381762,5.763647907520775,79.03350136366697,44.1501015548068,1024.177468414677,1017.3364019329124,6.759931139949879,8.0,6.280030393444896,15.432448491887165,No,0.0,Yes
0.9875050901290482,16.555359809115217,0.4410760339262817,1.8232145281013832,4.216072640506916,NNW,37.02676511138242,SSE,WSW,4.232145281013833,6.0,83.0893075291245,45.58036320253458,1024.0366106574702,1018.1500067868388,7.0,7.535709437972335,6.292858112405533,15.690181601267293,No,1.972425418205884,Yes
15.127944560767729,22.3151269942034,7.054041579424204,9.581986140191932,4.604272522188111,NNE,34.36489605143949,NNE,NNW,18.407621273320597,17.63510394856051,87.63048509328237,61.36027719616136,1015.295265592284,1013.109006929904,7.772517324760085,4.909930700959659,16.069630459155412,20.892378726679404,Yes,8.640699645336648,Yes
0.4,18.9,0.0,4.8,9.6,N,22.0,NW,WSW,6.0,7.0,77.0,33.0,1021.2,1019.1,0.0,1.0,5.2,17.6,No,0.0,No
8.1,20.5,0.0,3.8,7.8,ENE,31.0,ESE,ENE,11.0,11.0,66.0,48.0,1027.8,1024.0,1.0,5.0,14.9,19.5,No,0.0,No
10.3,27.8,0.0,6.4,9.9,ENE,35.0,SE,NE,6.0,11.0,64.0,29.0,1021.3,1018.1,3.0,6.0,17.0,26.3,No,0.0,No
14.435636390223529,19.565906558824675,18.204644943823336,4.863647478113632,0.0,NE,32.79264276325086,SSE,NNE,8.8808399211826,13.501992779498956,91.69898387823868,83.44156746047202,1008.2632916914544,1006.2083890306304,7.968773301479963,7.756013860542279,18.587974338829586,17.942746775128253,Yes,19.544052087436,Yes
15.4,25.7,0.0,6.8,8.2,E,41.0,E,NE,9.0,17.0,67.0,32.0,1020.1,1016.9,7.0,7.0,17.6,24.6,No,0.0,No
11.92373912295666,28.887817165247004,0.0,7.256614733113309,8.401397335418604,ESE,37.15346891684701,SE,WNW,0.6856059000776982,8.721782700812268,77.90832126769256,31.30986982677441,1012.9564372408972,1009.0305214334136,1.880381312481738,7.012859821636768,17.885199629182292,28.950992298122515,No,0.0,Yes
-0.8685005765015104,11.225670587790022,0.6061914018366387,2.9131246684884164,4.848714124441867,NNW,41.69991312101173,SE,N,6.898604338260158,26.68210839851009,90.19147177089582,76.9410373837584,1017.8242430290896,1016.1661764556486,7.223390227432573,7.058845846685758,3.171480887046179,5.403049859308096,No,2.002016405583893,Yes
12.27691516808198,24.39413881752771,0.0,6.168740360147805,11.982776350554268,NW,43.8241645258314,NNW,WNW,6.980462725092378,12.960925450184757,69.11722364944573,42.78508997601615,1012.9250385594088,1009.8191773769364,6.019537274907622,3.980462725092378,14.931619537823323,22.523444729889142,No,0.0,Yes
20.46902780467281,35.8,0.0655766337599853,13.769767937051151,6.6991670039596976,SW,47.05883991548939,E,WNW,4.880882767635124,18.14467841839601,61.40325923803935,30.104338102618375,1008.0013578596748,1003.6891574674584,6.60353210083384,1.9286228000863943,23.633846808384625,33.32313987100457,No,2.179746052240178,Yes
2.9,9.5,16.8,1.4,6.5,NW,35.0,SE,NW,0.0,15.0,93.0,72.0,1021.6,1019.6,6.0,6.0,5.5,7.4,Yes,0.0,No
0.1,21.0,0.0,2.2,9.2,NNW,17.0,WNW,N,2.0,9.0,78.0,36.0,1023.2,1020.3,0.0,1.0,7.6,20.7,No,0.0,No
4.241446443678746,12.222267585085586,0.7801368569011401,1.737673432680619,0.3688367163403095,SW,34.304789991539906,SE,NE,0.5958942929657982,13.5958942929658,98.006842845057,93.2191599661596,1023.8339004216824,1020.5339004216823,7.0993157154943,7.9006842845057,7.372609727338436,9.841446443678748,No,0.0756192899044246,Yes
12.392951446763442,24.47929622391127,0.0,6.217621383091394,12.031276605943564,NW,43.91189308454303,NNW,WNW,6.911893084543032,12.929514467634426,69.15859244782254,42.78854340290327,1012.7894271701452,1009.6894271701452,5.929514467634426,4.052864149274181,15.042291319419345,22.6074904368575,No,0.0,Yes
11.948091619017648,28.99686761572789,0.0,5.986680715908114,7.729481448265011,NE,39.529876321766736,WNW,SSW,6.0,19.31929454844523,70.72282180621907,24.9157672906714,1016.0922611067596,1011.4603316519152,7.0,6.319294548445233,18.348091619017648,27.820373799639555,No,0.6668128706104899,Yes
8.3,17.4,0.0,2.0,1.6,E,20.0,WSW,NE,6.0,11.0,80.0,52.0,1024.4,1021.5,7.0,7.0,13.5,17.2,No,0.0,No
0.8,13.0,0.0,1.4,4.1,WNW,41.0,S,NW,2.0,28.0,95.0,69.0,1028.2,1024.2,8.0,6.0,4.3,11.7,No,0.0,No
7.5,23.3,0.0,6.8,10.9,WNW,65.0,N,NW,15.0,41.0,46.0,15.0,1012.5,1010.9,1.0,0.0,18.3,21.3,No,0.0,No
4.6,14.7,0.0,4.4,8.4,WNW,52.0,WNW,NW,28.0,33.0,54.0,51.0,1014.7,1012.4,1.0,3.0,9.2,12.0,No,0.0,No
14.703550491320332,29.18653909679108,6.062426719621163,2.113460903208921,8.292899017359336,N,40.75887622830083,NNW,S,5.758876228300831,21.39719057075208,80.87943811415042,46.55325736980498,1012.8397190570752,1008.312056188585,2.3616856575487546,6.517752456601661,20.57803339952645,27.89859528537604,Yes,4.051597938717099,Yes
5.713043611094258,22.56923053421785,0.0,3.94949844015668,5.631772585468788,NNW,79.1872897437453,SSE,NW,5.812710256254691,36.04682243593633,86.5050155984332,29.97157318359864,1015.6488286753096,1008.4665545299974,1.7943146367197271,7.682274145312109,10.278428343985333,21.56270872867072,No,0.0,Yes
4.631371556692522,17.242368396903423,0.0,4.298197742264132,6.065023927835742,SSE,63.85877201032193,NNW,NW,24.23317381442839,29.67488036082129,61.37440180410646,58.50901128867934,1009.3838916495008,1003.2213318299114,3.791467268035488,6.441706546392902,12.32397923195336,14.965685778346264,No,0.3783247568039433,Yes
12.1,27.8,0.0,5.0,11.5,E,41.0,SE,NNE,7.0,11.0,66.0,33.0,1024.8,1023.1,0.0,1.0,17.8,27.0,No,0.0,No
7.332526842239571,17.08718684053834,0.4498210517361931,1.649821051736193,8.397580526718713,NW,32.02419473281287,SSE,NNE,7.5743736810766755,18.100357896527616,79.72312104323004,62.97580526718713,1028.4761631637148,1024.72876158526,6.550178948263808,5.875447370659518,11.785125263784664,15.534588418993245,No,0.0,Yes
12.0,23.8,0.0,10.4,12.4,NW,44.0,NW,WNW,15.0,30.0,54.0,34.0,1007.9,1007.2,0.0,1.0,15.1,22.9,No,0.0,No
18.1396416174756,22.49269620884551,1.753054591369909,8.040238921682935,0.0,ENE,32.76527295684954,SSE,ENE,6.966467565264221,12.932935130528442,91.86587026105688,75.86587026105688,1014.2759299914776,1011.412815669687,8.0,8.0,18.43293513052844,21.97257674800404,Yes,1.1459352317909517,Yes
1.2,16.0,0.0,1.4,6.1,NNW,31.0,S,N,6.0,22.0,84.0,38.0,1024.6,1020.9,7.0,6.0,6.5,14.6,No,0.0,No
14.173793308603312,22.95948274030328,2.9503447689704823,3.398620924118071,1.6536206053950682,NNE,30.843103558180346,NNE,NNE,4.843103558180346,13.0,95.59482740303277,74.5620690387869,1015.4065516728492,1013.3693102495772,8.0,7.281034519393448,16.199310462059035,20.877758682968864,Yes,1.5236397691720742,Yes
1.5,20.9,0.0,2.4,9.3,NW,20.0,NW,NNW,2.0,9.0,80.0,41.0,1023.2,1020.0,1.0,1.0,8.4,20.9,No,0.0,No
-0.2,15.5,0.0,1.4,9.0,NE,28.0,N,ESE,4.0,11.0,86.0,42.0,1027.6,1027.0,1.0,1.0,4.9,14.5,No,0.0,No
14.467565497899471,23.06479242648154,5.437904067216877,7.508166058814767,5.575654978994726,SSW,43.13482468492089,NNW,SSW,12.567795231058014,17.648690042010546,94.67565497899471,61.62172510502637,1012.3244215987248,1008.8758081344338,8.0,4.675654978994726,15.378351472693144,21.5296614306826,Yes,3.1223707559646474,Yes
15.346442539029365,19.94831904272023,15.688349885032649,5.325097773205544,0.2089914256321355,NNE,32.535574609706366,SSE,NNE,8.303361914559549,11.606723829119096,92.2322126951468,87.53557460970636,1009.0250977732056,1006.6037530073818,8.0,8.0,17.674902226794455,18.925097773205547,Yes,15.771710953835791,Yes
11.15203579945702,29.3462969476542,0.0,7.021481220938321,8.467778168592519,ENE,39.8925938953084,SSE,WNW,2.0,10.785187790616796,71.30554578518701,33.23148473827099,1012.3785187790616,1009.5909266424196,1.5537030523458006,7.446296947654199,17.4,28.8231484738271,No,0.0,Yes
16.919653427979682,21.27550354618588,9.30547990494668,6.67550354618588,0.0,ESE,33.0,SSE,N,7.88299763587608,13.0,92.0,81.29798581525648,1011.8834567377532,1009.0717565013408,8.0,8.0,18.27925059103098,20.55475413721686,Yes,8.321098608845611,Yes
-1.2118736307478637,10.878803566689816,0.1813543948753561,1.762708789750712,0.1771332486841173,WNW,39.78803566689815,SE,NNE,0.5593681537393178,6.652596179362537,92.0,85.04221146191239,1014.344063184626,1009.0932280256231,7.0,7.90677197437678,2.269480764127493,8.616094776939102,No,0.0,Yes
2.7,16.5,0.0,0.6,8.9,NNW,41.0,SW,NNW,7.0,22.0,93.0,51.0,1021.8,1019.0,5.0,1.0,6.7,15.9,No,0.0,No
5.8,12.4,0.0,1.6,0.0,SE,26.0,SSE,ESE,13.0,13.0,79.0,73.0,1027.3,1023.5,8.0,8.0,8.7,10.8,No,0.0,No
12.4,19.9,16.2,5.4,5.6,ENE,41.0,ESE,ESE,7.0,20.0,75.0,58.0,1007.6,1005.0,7.0,7.0,13.6,18.7,Yes,0.0,No
14.4,20.7,7.6,9.4,4.9,NNW,33.0,NNW,NNW,20.0,19.0,94.0,65.0,1015.5,1013.2,8.0,4.0,14.5,19.3,Yes,3.0,Yes
6.5,25.7,0.0,4.8,10.5,NNW,50.0,NNW,NW,2.0,24.0,62.0,25.0,1022.8,1016.4,5.0,1.0,15.9,24.7,No,0.0,No
-2.8,12.2,0.0,2.6,8.7,NNW,31.0,SE,NNW,0.0,15.0,84.0,48.0,1018.3,1014.6,1.0,1.0,2.7,11.5,No,0.0,No
17.684464073992554,22.646029993393523,1.9472959788592696,7.410816084562921,0.2117379696102004,ENE,32.723820039638866,SE,ESE,6.723820039638869,13.0,92.46029993393522,75.81588002642592,1014.5288839815018,1011.7393559656464,8.0,7.907940013212956,18.205408042281466,21.943498022462027,Yes,4.268934012237994,Yes
15.934425416415015,29.01001780337057,0.0,5.771220380652222,9.343898096738886,ENE,48.287796193477774,S,N,10.582879064127756,18.295082870649985,64.12203806522226,36.99271332282779,1016.4985426645655,1012.5985426645656,5.568305709783338,6.136611419566678,21.095627993696677,28.524407613044453,No,0.0,Yes
15.1,28.3,14.4,8.8,13.2,NNW,28.0,NNW,NW,6.0,13.0,73.0,44.0,1016.8,1013.4,1.0,5.0,18.3,27.4,Yes,0.0,No
2.7,16.5,0.0,0.6,8.9,NNW,41.0,SW,NNW,7.0,22.0,93.0,51.0,1021.8,1019.0,5.0,1.0,6.7,15.9,No,0.0,No
0.3,16.0,8.2,5.4,11.8,NW,57.0,NNW,N,11.0,28.0,68.0,45.0,1016.8,1013.3,1.0,1.0,6.9,14.6,Yes,0.0,No
4.4,18.2,0.0,3.6,11.0,W,31.0,SE,WNW,7.0,19.0,78.0,35.0,1017.4,1015.0,1.0,3.0,9.2,17.2,No,0.0,No
1.3036429285018905,15.235746740089056,0.0,2.4523748128302927,6.452346622180855,WNW,71.89848525632173,S,NNW,22.34808955383356,28.99340858109137,51.629945185796124,67.35698619547041,1017.3717167695864,1010.9581513915527,0.7751404268357436,7.235420796386636,10.196441842329552,13.120454784235006,No,0.0,Yes
0.7,14.1,0.0,5.6,9.0,ENE,20.0,SSW,NNW,6.0,7.0,69.0,43.0,1026.7,1022.1,7.0,1.0,7.4,13.7,No,0.0,No
7.1,18.5,0.0,3.4,10.0,NW,57.0,N,NW,9.0,22.0,90.0,30.0,1015.1,1011.3,6.0,6.0,8.8,18.2,No,0.0,No
16.5,33.9,0.0,9.0,12.6,ENE,39.0,E,NW,11.0,11.0,60.0,36.0,1012.3,1009.5,1.0,1.0,20.8,31.3,No,0.0,No
6.896683973586663,25.968337357082344,0.1740719310302685,6.271105218690668,7.868815290719081,SSW,69.09019774994219,NE,NW,6.221935140482485,33.42223773735368,55.04607883525521,48.183393907297486,1021.047487692602,1015.4935847510676,3.7078489368781375,7.147864694280598,16.419843198970977,22.96144456701132,No,0.0,Yes
0.5,17.9,0.0,5.8,11.5,N,44.0,NNE,NNW,2.0,26.0,72.0,33.0,1019.1,1017.5,0.0,1.0,7.2,16.6,No,0.0,No
13.8,33.5,0.0,11.4,13.6,NE,31.0,SSE,NE,7.0,9.0,44.0,20.0,1019.2,1015.6,0.0,1.0,21.9,32.2,No,0.0,No
-2.0,11.3,0.2,2.2,5.9,WNW,33.0,SE,WNW,2.0,19.0,88.0,50.0,1020.0,1015.3,7.0,7.0,1.2,10.9,No,0.0,No
0.1,16.7,0.0,3.8,10.2,WNW,28.0,ESE,NNE,2.0,13.0,69.0,44.0,1027.0,1024.8,1.0,4.0,9.0,14.9,No,0.0,No
0.3,17.0,0.0,2.2,5.6,WNW,31.0,S,WNW,6.0,24.0,99.0,52.0,1021.9,1018.6,8.0,1.0,3.8,16.2,No,0.0,No
8.376137747515733,22.612357433935077,0.0,3.672882293706524,9.966592846522026,NE,30.65075849834382,SE,NE,6.650758498343822,15.09544900993707,74.34924150165618,44.82648655134152,1021.4433949753396,1017.35771232683,3.0954490099370684,5.698483003312356,13.726896245859551,20.81235743393507,No,0.0,Yes
10.3,27.8,0.0,6.4,9.9,ENE,35.0,SE,NE,6.0,11.0,64.0,29.0,1021.3,1018.1,3.0,6.0,17.0,26.3,No,0.0,No
2.5,21.2,0.0,2.0,7.9,NE,28.0,ESE,NE,7.0,9.0,82.0,55.0,1023.7,1019.8,4.0,4.0,9.2,17.6,No,0.0,No
9.65928803492856,20.25187070722026,0.5023781883830811,6.0131380800622445,2.692582672291697,W,40.58040896781724,NNW,NW,1.4881090580845948,14.488109058084596,84.86296394819635,70.7021460125619,1018.1499419560448,1014.3663065121672,7.000000000000001,5.767836412873108,12.736071676215875,18.049492518837177,No,0.777338064155181,Yes
13.14330891476446,22.37558811364739,4.667720801117071,3.954338630645988,3.0847795435486627,NNW,30.90551485794077,NE,NW,8.829412575684078,14.81102971588153,96.09448514205924,71.28345542617771,1015.709448514206,1013.828345542618,8.0,6.094485142059235,15.058529371215796,20.06797788542172,Yes,5.2699178666333015,Yes
1.9091617469870608,14.222609962188226,0.8955663291461833,2.2060096962315647,4.497142354523932,SSW,32.92561481030401,SSE,SSW,9.134482152011644,13.895566329146185,93.79113265829236,61.52216835426909,1015.8598025570362,1011.7015760253776,6.104433670853817,4.761084177134542,5.343496696358988,12.859949759675937,No,2.2931688406931,Yes
6.6229517398603175,26.376381240642463,0.0,6.343676969646177,7.296661405837635,SSW,71.5719145415605,NE,NNW,6.286387645280686,32.77975175764295,57.6885939946985,45.62395085848949,1020.781221047941,1015.6233818662568,3.810379596224213,7.147772498532243,16.185656536326558,22.59596149738906,No,0.4877431347402917,Yes
18.0,34.9,0.0,9.2,9.9,NW,69.0,N,W,6.0,13.0,68.0,29.0,1018.0,1013.7,1.0,6.0,22.2,33.1,No,5.2,Yes
13.67399158685494,28.71583414085456,1.152076920183393,6.407947117373917,6.887899042259297,N,43.81998798122135,W,SSW,6.900060093893275,19.18001201877865,75.96026441313042,35.60084131450586,1013.6439495211296,1009.2059603380304,7.180012018778655,6.36002403755731,19.51595432864111,27.42384135212175,No,0.0,Yes
4.242754387449484,15.92855933969994,0.0,0.642839009549909,2.471229105048999,NNW,17.928178540248027,SE,SSE,6.0,7.85678019099818,93.57203301500304,63.142796698499694,1023.1354453083236,1020.2854664638488,7.928601650750152,7.0,8.66417389222444,14.778580495225048,No,0.0,Yes
16.605707950817948,28.403677315574814,5.626125163935166,7.21712385245384,5.197969364756871,ESE,39.71020860655861,NE,NNW,10.514269877044867,16.195938729513742,71.32656454918957,48.644895696720695,1013.9963226844252,1011.2020306352432,5.224478483603477,7.644895696720695,21.25795827868828,26.97469817623068,Yes,4.574089809022587,Yes
12.1,27.5,0.0,7.4,11.7,NE,35.0,SSE,E,7.0,15.0,69.0,40.0,1011.8,1007.4,7.0,2.0,18.6,26.8,No,0.0,No
15.097816664436992,23.965635787787026,2.625693901479077,7.906919451064629,3.508203238876044,S,50.577164552000255,NNW,N,3.686473313424608,6.141483309213746,87.94321497158958,55.40089528014444,1011.6907657479204,1008.247833467743,6.9014347592545855,6.814857742139921,17.18288682601134,24.46896500866688,Yes,1.1040085259940131,Yes
-0.6,14.0,0.0,1.2,7.1,NW,41.0,WNW,NNW,2.0,22.0,86.0,59.0,1030.0,1026.3,5.0,5.0,3.7,13.6,No,0.8,No
12.805736574393157,22.825684567475797,3.880052006917363,2.4915251557036733,2.5971750519012247,NNW,30.34289429065526,N,NW,5.828769550161383,13.685788581310518,96.65710570934472,72.97131712803423,1015.7657105709344,1013.9971317128036,8.0,6.657105709344741,15.208561522491932,20.274272093426404,Yes,4.515325687996854,Yes
1.8,8.7,0.0,1.8,1.2,NW,65.0,NW,NW,31.0,35.0,83.0,85.0,1014.6,1010.5,7.0,7.0,6.0,6.9,No,1.6,Yes
6.424929242118165,17.20373481887492,3.8506072450031423,2.401680219245758,2.340242898001257,NW,58.58916992375864,NW,WNW,23.589169923758643,14.925303622501572,88.43977716876178,84.7385626787555,1011.155182173501,1010.3813259056252,7.0,7.0,13.582166015248273,12.70084010962288,Yes,3.986198065001527,Yes
16.302471183307667,20.637039155145864,12.923444787506774,6.037039155145864,0.0,N,33.0,SSE,NE,8.308640563236091,13.0,92.0,83.85184337941655,1010.6703743947772,1007.9012384511008,8.0,8.0,18.172839859190976,19.809879014336843,Yes,14.913693937171749,Yes
12.3,33.8,0.0,7.2,11.3,W,22.0,SE,W,9.0,13.0,57.0,15.0,1022.6,1019.1,0.0,1.0,17.9,32.7,No,0.0,No
15.14374100790529,20.22503596837884,21.76892084979949,2.968633102768772,0.1562589920947098,SE,39.25035968378839,ESE,NW,6.656115118579352,18.469064723314844,84.1870503952645,89.5625899209471,1013.6221582509834,1012.3284891798356,8.0,8.0,17.21870503952645,16.803021590910838,Yes,19.58524570728437,Yes
-1.097585392454998,11.002043129461152,0.1999690434930128,1.80077391267468,0.0009132169561225,WNW,41.00309565069872,SE,NE,0.0017026078842962,6.002166955489105,91.997523479441,86.9982973921157,1014.397678261976,1008.9984366963972,6.999999999999999,7.999845217465063,2.402399129291508,8.701795477405257,No,1.4246329436183338,Yes
13.163776293656476,23.580615987799614,3.0998589095726428,5.906503153819859,3.534695540832533,NW,83.17542599149965,N,NNE,6.770364859585606,5.933492148214324,82.102615354233,70.23476845580406,1009.0464073371091,1006.815972989764,8.0,6.879697097308196,14.97357346171392,20.09755219192838,Yes,0.7670686143480112,Yes
11.371167487883197,15.933758738171692,0.9870437485575234,1.984123739325673,0.0,ESE,22.431568731247804,S,ESE,8.625912502884953,11.374087497115047,97.69069376009732,84.12956251442476,1025.862683145339,1024.2634131476468,8.0,8.0,13.297079990768149,15.189871862738949,No,3.60771182553977,Yes
14.508541938389708,24.21745526540505,4.3836589004718665,6.61262721327174,5.918198042656331,W,48.08170549764066,NNW,WNW,9.08170549764067,17.089133270153457,94.8105918009239,59.85887232225702,1010.82042637441,1006.8185694312818,7.974002796205241,4.985144454974424,15.82488303791784,22.62154054028709,Yes,4.990642426435076,Yes
7.9,12.3,1.0,1.8,1.7,NW,52.0,NNW,NW,30.0,24.0,68.0,78.0,1006.3,1005.9,7.0,7.0,11.3,7.3,No,0.8,No
13.3,22.2,0.2,6.6,2.3,ENE,39.0,E,E,20.0,17.0,70.0,55.0,1021.0,1018.6,7.0,7.0,16.5,21.2,No,0.0,No
2.3,12.8,0.0,2.2,9.6,WNW,35.0,ENE,WNW,4.0,24.0,70.0,48.0,1021.2,1018.1,1.0,1.0,7.8,11.6,No,0.0,No
16.546719224024617,29.132313639891528,0.1380659531030541,9.903044829062615,10.31643150976762,NNW,72.19448118178603,NW,NW,31.69935343776661,39.59752133202549,44.8683673573417,20.312360812605363,1015.7982878676232,1012.2113577630272,0.8885453256950694,0.7518966198399027,22.00048632532603,28.191504131073224,No,0.0,Yes
12.02895481821363,22.80759571714344,4.26297344785622,7.731486723928111,7.227136937679215,NNW,40.46440149821635,NNE,NNW,20.0,22.07357708750085,73.36312526963715,50.071197003567306,1015.4121835117857,1012.4096516060712,5.80458779464225,2.6827526767853502,15.817247323214652,21.846678158214992,Yes,3.899314198353536,Yes
-1.4466887643494153,10.857502071657755,0.0,1.6583402388591924,4.398323665597131,S,49.43336095543677,SE,SSW,3.3998342673793847,26.991618327985652,77.57502071657758,72.1416597611408,1019.383402388592,1017.81173434082,3.0,7.575020716577577,5.811651474509777,7.341659761140808,No,1.9617090537444728,Yes
8.1,18.7,0.0,4.4,7.1,ESE,33.0,SSE,ESE,11.0,30.0,66.0,65.0,1028.2,1024.2,4.0,7.0,13.5,15.6,No,0.0,No
-0.8757939362720351,11.044841212745592,0.110317574508814,2.338094552947116,2.24206063727965,SSE,41.0,SE,NE,3.1388848921915096,14.9682425491186,90.6547636176322,82.96429085289662,1016.1936485098236,1012.094043679446,7.0,7.55158787254407,3.0277769784383017,7.3547636176322095,No,0.0,Yes
-2.0,12.3,0.0,2.4,5.8,W,31.0,ESE,W,4.0,19.0,81.0,60.0,1020.9,1018.3,1.0,7.0,2.6,9.1,No,0.0,No
7.786545902949646,18.950419899380687,0.2037687649162161,5.7985877908039045,5.520240227887703,NW,57.56683714554833,NNW,NW,26.113423121664752,31.35601371177416,69.40313372602962,53.00763658561229,1003.6173331978532,997.1932952245616,6.018502883981151,5.79137043853304,14.393495496306922,16.764181577711813,No,0.0056448322309614,Yes
15.330841457706004,24.476947152568663,3.19989567220244,7.153894305137335,4.930684966009663,SSW,48.923157175228894,NNW,SE,6.692107061927768,12.384214123855536,91.76894988669888,58.15368564954221,1011.2615785876144,1007.5385257401832,7.538421412385554,5.9231571752288925,16.584683598944558,23.246210022660225,Yes,4.174175117274993,Yes
-2.2,11.6,0.0,1.4,9.2,S,39.0,E,SSW,2.0,28.0,68.0,33.0,1025.7,1025.8,1.0,1.0,3.4,11.0,No,0.0,No
4.4,21.0,0.0,4.2,12.2,NW,28.0,SW,NW,2.0,9.0,73.0,30.0,1025.7,1022.3,1.0,1.0,9.6,19.2,No,0.0,No
11.45639930227182,26.403168190320077,2.7968318096799267,8.5141564003951,7.071913498518379,ESE,54.8516470167917,NW,N,16.132512031607924,14.9932110207427,60.28086501481621,36.56851900888973,1017.5189086858752,1014.3609252884434,1.9977370069142333,5.287653994073514,17.2716871992098,24.988785490616397,No,3.271426955540276,Yes
16.401983064765822,29.04243454185655,0.2617031256945878,10.120932815719003,10.530516998855283,NNW,69.10059349191164,NW,NW,32.68697642087093,39.6157230318819,43.03998906793264,22.188474933401736,1016.4166732205802,1011.5877530559594,1.2848658529690582,0.9522975038459758,22.20170891000118,29.10495599184196,No,0.5828758394663849,Yes
17.53026988343486,27.31188918404399,4.921079533739425,10.141891569529044,3.3908096503045684,ESE,38.2445904038776,N,NNW,12.593240986703329,12.883783139058092,67.27838547036097,50.336493900831925,1014.3733771211632,1012.5733771211632,7.058108430470953,8.0,21.115268690692325,25.835132556232374,Yes,5.589606245339779,Yes
-2.580835466974101,9.566878917859768,0.0,1.8499041343421248,2.0869495510341864,SSW,27.30084790996949,SSE,WNW,4.652243778414506,12.499117951523909,91.2827752659574,66.22206871185392,1013.5890848973633,1010.0993908230558,6.708921892282455,6.900623169155788,1.465089239179158,7.339913266842388,No,2.02911590580196,Yes
2.7,16.5,0.0,0.6,8.9,NNW,41.0,SW,NNW,7.0,22.0,93.0,51.0,1021.8,1019.0,5.0,1.0,6.7,15.9,No,0.0,No
14.05681761758814,15.3126545908103,39.8,7.3711594704700465,9.347223570728792,NW,55.662267562604136,WNW,W,30.469062205966512,24.56321006992785,62.66974709946378,57.43026194728623,1004.92173035022,1007.227644304204,2.086779888482431,7.015699007130042,14.1511686035539,14.460005189769255,Yes,37.90392033223586,Yes
-0.5,21.6,0.0,5.0,9.9,NW,48.0,NNE,NW,9.0,26.0,44.0,27.0,1014.6,1010.9,7.0,5.0,11.9,21.5,No,0.0,No
8.3,28.5,0.0,5.8,9.8,NW,46.0,W,NW,2.0,26.0,66.0,30.0,1024.1,1019.8,1.0,6.0,16.8,27.4,No,0.2,No
10.8,21.7,1.4,2.8,10.6,ESE,48.0,SSE,ESE,13.0,20.0,59.0,40.0,1017.6,1016.8,1.0,4.0,15.3,20.8,Yes,0.0,No
13.99703962666342,31.10446563555713,0.0,7.1164074311124885,8.447767182221435,ESE,44.23883591110717,WSW,SW,6.17912693333038,18.880582044446413,71.70145511111603,23.895634666651905,1014.5373306488866,1009.9791269333303,6.940291022223206,6.059708977776793,20.28956346666519,29.758203715556245,No,0.0,Yes
2.1157220481096117,10.168147151000792,0.4798364988880066,1.663705697998412,3.248801155448767,SSE,55.11689347887213,NNW,SSW,21.600817505559966,30.600817505559966,69.72179851223193,77.31852848999206,1008.0649319563385,1005.5133243590072,5.3991824944400335,5.959672997776013,8.611689347887213,8.391934599555203,No,1.0444114932906272,Yes
5.587769240218384,22.95343408054884,0.0,3.910267664974376,5.934052273443429,NNW,84.38053777009068,SSW,NW,1.8832932247138143,36.41324315961458,89.27843800233484,25.887515171635776,1018.475874499485,1010.1500659476254,1.0919038058372736,8.0,9.063420865666156,21.84502246331229,No,0.6332528591236982,Yes
2.3,12.8,0.0,2.2,9.6,WNW,35.0,ENE,WNW,4.0,24.0,70.0,48.0,1021.2,1018.1,1.0,1.0,7.8,11.6,No,0.0,No
4.6,14.7,0.0,4.4,8.4,WNW,52.0,WNW,NW,28.0,33.0,54.0,51.0,1014.7,1012.4,1.0,3.0,9.2,12.0,No,0.0,No
12.9,28.0,0.0,4.4,10.7,S,52.0,S,NNE,6.0,11.0,61.0,31.0,1019.2,1014.8,5.0,7.0,18.8,26.7,No,0.0,No
-2.9,9.6,0.0,1.8,7.3,NW,43.0,N,NW,6.0,24.0,76.0,70.0,1022.4,1019.0,1.0,6.0,5.6,8.1,No,0.4,No
17.1,29.6,0.0,5.8,9.2,E,48.0,SE,ESE,9.0,17.0,67.0,38.0,1016.7,1012.8,6.0,7.0,21.7,29.1,No,1.8,Yes
4.8,14.1,4.0,1.6,8.3,S,48.0,S,SSE,30.0,22.0,67.0,48.0,1018.2,1017.6,5.0,1.0,8.9,13.6,Yes,0.0,No
13.686457955841806,20.76875009847605,0.0,7.633332808127731,0.5302084482220588,N,28.552080543178576,N,ENE,10.854165025399162,11.01041453301891,68.53125147714076,54.38541650253992,1017.80729174873,1015.677083300508,8.0,8.0,16.75520805431786,19.76875009847605,No,0.0,Yes
15.29569008914816,27.404393963903185,0.0,5.408703874755022,8.09132764513923,ESE,48.0,NW,ESE,11.173867362472096,17.0,67.65216020874163,40.173867362472095,1018.7434353207236,1014.9521286888472,6.217386736247209,7.0,20.047860804521207,26.882655290278464,No,3.211501825127093,Yes
14.8,17.3,0.0,7.6,0.8,SSE,48.0,S,SE,13.0,13.0,74.0,78.0,1010.0,1009.9,7.0,7.0,15.7,15.3,No,10.4,Yes
12.497802805026932,23.3722945846067,3.8248213703526814,1.8758408536787523,2.5563138910654257,NNW,30.313749150551,N,NW,2.995172952948825,12.498064691959996,98.31068197320248,77.11562514077153,1015.8287374583552,1013.9529884908192,8.0,6.915622844866196,15.422092136631532,19.955450863852,Yes,4.165400722167424,Yes
17.863293743161297,27.7130767828872,5.4734123097908585,10.106786063731333,3.761806940788576,ESE,38.10157287080217,N,NNW,14.083758058123594,14.00375159370316,65.20719832193573,48.3796241659955,1014.9538688801396,1012.4580279925832,6.766173915364909,7.684407206402971,21.72954745717672,27.349819345853696,Yes,7.724515431816969,Yes
19.331289372494705,23.37391331434517,2.0848085872782427,8.266377783618632,0.0,ENE,29.59373149474674,SSE,ENE,4.730366562525095,13.230769941373502,90.15706332037458,75.6051877760935,1014.7366757387724,1011.9298509020682,7.653819678463014,8.0,19.023388357997217,21.53494227297762,Yes,1.2356177088741505,Yes
11.7,30.0,1.2,7.2,10.1,S,52.0,SW,NE,6.0,11.0,59.0,26.0,1016.4,1013.0,1.0,5.0,20.1,28.6,Yes,0.6,No
16.48596180156906,23.27111471389043,0.0,5.211554114443828,6.419872671896874,SSW,43.08261141209024,NW,NNE,8.082611412090234,8.082611412090234,71.19006366405156,75.19006366405156,1013.161178377942,1011.0239745343794,6.297515916012891,7.0,19.774407687125237,20.428133813105894,No,1.4844100414407564,Yes
10.189615204313537,29.685702772293716,0.0,6.77662212061386,8.928578336623772,E,41.1168893969307,SE,WNW,2.1948156615511683,13.0,63.23377879386141,36.27274192617163,1012.607792626462,1010.1805184338448,1.1948156615511685,7.844147470759065,17.30648848245544,28.842843326752455,No,0.0,Yes
15.4,35.0,0.0,9.6,13.0,E,39.0,SSW,ESE,6.0,22.0,55.0,18.0,1017.4,1015.0,1.0,1.0,23.4,34.3,No,0.0,No
8.7,13.0,0.6,3.2,7.1,WNW,54.0,W,WNW,19.0,28.0,82.0,58.0,1013.7,1014.1,4.0,2.0,8.8,11.1,No,0.0,No
13.00827795873549,24.680733479797134,0.0,9.0162636163913,3.699707698920317,ENE,44.35091684974641,NNE,ESE,12.135530136594166,14.135530136594166,59.59487109561592,44.784613286847744,1019.4944326439964,1016.724249274047,4.108424109275333,7.513553013659417,17.654065904097827,23.437509986626843,No,0.0,Yes
-1.9442629864278684,10.023397285065574,0.0517435656104918,1.522890968324918,2.0972723438900003,SSE,30.26378099545902,SSE,WSW,6.808493212663936,14.261249411755738,91.06214787330984,64.93278895928361,1013.6480032760192,1009.7251123076944,6.87064108597377,6.967660271493443,1.4721600361957383,8.146035095020164,No,0.8869386017019572,Yes
13.475973231813718,20.23339263874877,5.111308795829242,5.149469789621733,5.846466443598448,NW,66.8992954117361,NNE,SSE,32.96996653976715,30.53533556401552,79.15194646362744,56.111308795829245,1000.086748278904,997.281802007614,6.929328871968953,4.60600669204657,17.280919503103753,17.99399330795343,No,4.449337428381109,Yes
16.059468666508806,23.903655776883227,13.511847803568324,6.18139570345814,2.784718443865617,NNE,43.12624888678406,S,NW,8.156145926101328,13.0,85.24916740881062,71.40420321332613,1011.315947629086,1008.1658921230066,6.0310071609031,7.437430617400885,19.18139570345814,22.67862802384358,Yes,14.338927059252052,Yes
3.422744693104166,9.235215410752032,1.238844780892545,2.3980790245122434,0.6166949430165161,WNW,65.48582328530715,NW,NW,19.548486977728928,28.67946508728692,64.96170722480824,83.52939530343133,1005.3707521863936,1000.4570140765117,8.0,7.117030179223202,9.234395554222772,7.851811021687288,No,1.2591791420514409,Yes
2.4,20.6,0.0,2.8,10.1,E,30.0,SE,SSE,9.0,7.0,77.0,34.0,1024.8,1021.0,1.0,2.0,10.6,19.8,No,0.0,No
17.89346939758744,33.288451736028314,0.2215024622324362,10.56231715515356,8.004249639353853,N,57.35990470065131,N,NNE,12.813652533598548,20.72232590055805,56.766416038531695,61.17964994872789,1009.3594537941924,1005.8962910236348,5.911930906392908,7.218888813270972,24.62305030736562,23.955081575339225,No,2.7115227593535884,Yes
14.98248136965023,21.84437379614048,0.205443810091743,4.809519168001668,1.91779614495532,NW,25.725385692480067,SSE,WNW,6.248950248347356,18.009739274510896,89.99233386862285,65.71407774958625,1019.0437537320048,1014.191447346258,8.0,7.509345255664792,16.871287725658718,20.921989783319297,No,0.0,Yes
9.8,26.3,0.0,5.2,13.0,NNW,41.0,W,NNW,6.0,19.0,63.0,35.0,1023.2,1018.0,1.0,1.0,15.3,23.9,No,0.0,No
2.4,14.1,0.0,3.0,1.8,NW,46.0,NNW,NW,15.0,30.0,50.0,27.0,1021.4,1017.8,8.0,8.0,8.6,13.2,No,0.0,No
-1.691630789326166,10.359066644896654,0.101394868445639,1.602789736891278,0.9367487497664294,SW,34.59066644896654,SE,SE,2.95815394663083,9.451179604402634,92.0,76.6464611867921,1014.1041846053369,1009.4930256577718,7.0,7.506974342228195,1.709764079119473,8.256276908005376,No,0.6603383641369234,Yes
7.6,16.1,2.8,5.6,10.6,SSE,50.0,SSE,ESE,20.0,28.0,68.0,49.0,1018.3,1018.5,7.0,7.0,11.1,15.4,Yes,0.0,No
17.86169062184104,33.0985928225204,0.0,10.35943712900816,8.371831339589,N,59.0225349283288,N,NNE,14.954930143342402,20.0,58.2028143549592,62.1577444983016,1008.397466076104,1006.0188742580164,6.0112674641644,7.0,24.42563473651496,23.46394411467392,No,0.0,Yes
4.6,22.0,0.0,4.4,11.0,N,41.0,NNW,N,6.0,19.0,82.0,25.0,1028.8,1024.9,1.0,2.0,10.0,21.4,No,0.0,No
15.613466377379975,24.571155459126658,2.7916596771178117,7.342310918253318,4.600955893056693,SSE,49.23718486375553,NNW,NW,5.907037840611174,10.814075681222349,90.66985297685564,57.52563027248894,1011.4185924318778,1007.7897478910044,7.381407568122235,6.23718486375553,16.8516071341922,23.46602940462887,Yes,1.9374442397278029,Yes
18.02225664417021,22.80580809622397,1.8,7.981290173070547,0.3554867116595837,ESE,34.5903352890034,SSE,ENE,6.719352596058224,12.438705192116448,91.62580346141095,74.12901730705482,1014.1567722499173,1011.2099976825934,7.906450865352741,7.906450865352741,18.406450865352745,22.27774335582979,Yes,3.1817586330725955,Yes
13.1,19.4,9.8,8.8,6.0,NNW,67.0,N,NW,39.0,30.0,71.0,43.0,1007.3,1006.0,7.0,1.0,16.7,18.2,Yes,1.6,Yes
4.918429327800738,23.43125715672457,0.0,4.870917280616743,5.864192942665071,WNW,34.94448405092481,SSW,WNW,6.0755272483126985,11.574270600760784,75.29549559167062,35.43147444324915,1020.4997070011271,1015.3375611751972,6.801529487045111,2.918084522229745,11.961890610931604,23.69960961771565,No,0.0579231443980966,Yes
3.3,25.5,0.0,5.2,10.8,N,43.0,N,NNW,4.0,19.0,57.0,16.0,1018.8,1014.6,0.0,3.0,12.0,24.8,No,0.0,No
5.6,18.0,5.2,3.8,9.3,S,31.0,SSE,SSE,9.0,20.0,70.0,40.0,1020.8,1019.6,1.0,1.0,12.4,17.9,Yes,0.0,No
5.932035320585339,23.926786424353637,0.0,4.5212665565243775,6.160362306664643,WNW,35.10497792463416,SSW,WNW,6.0,11.104977924634165,75.15746688695124,32.41991169853665,1019.3653402312988,1015.9574668869512,6.842533113048755,3.052488962317081,11.360904249859733,23.529410872469484,No,0.0,Yes
8.629454689461204,13.721634860400709,6.212511726496795,2.205734541311031,0.0153789971523103,NW,31.117297435907453,E,NW,2.1016577777864582,0.0781982906049677,96.98696695156583,93.91658849002135,1027.718413116802,1024.228318233612,8.0,7.986966951565839,10.326848079774374,11.620852877494658,Yes,6.416080005505656,Yes
14.592614894203365,28.82599840616093,5.674152129711773,2.4740015938390685,8.514770211593273,ESE,40.48153723550841,NNE,SE,5.481537235508409,20.703843088771023,80.7407686177542,44.88922341305045,1012.770384308877,1008.3259231382244,2.7776941467373866,5.963074471016817,20.092690162139714,27.55192154438551,Yes,5.394942158474949,Yes
12.583488098804638,26.65002731155376,2.600109246215039,4.566648458964161,9.977747431606932,ESE,36.77802054714453,ESE,SSW,4.833242294820801,15.889010273572264,78.3335154103584,35.444505136786134,1013.4276654969456,1009.3165665243027,3.889010273572265,3.5554948632138674,16.694532448339892,25.2833788525896,Yes,3.664032973711996,Yes
1.4,16.8,0.0,1.6,8.2,NW,20.0,SE,NW,0.0,6.0,91.0,50.0,1027.2,1024.7,1.0,4.0,6.2,16.3,No,0.2,No
5.107381746017535,23.44657991551979,0.0,3.5646582028867733,5.712781557117024,NNW,83.45660212837032,SSE,NW,1.3801697494256633,38.075636304713456,88.41121390149176,25.7722795820202,1018.0245744383528,1010.8533795903504,0.771856627580861,7.809471690920892,9.555395608421282,22.83942578951573,No,2.3010433326000754,Yes
9.794774741739824,28.34612595794819,0.0,6.661261246245374,8.383783738736124,ENE,43.49729756758326,SE,W,5.329730090111017,15.497297567583262,63.69369376877312,38.08108130631938,1011.2958557147064,1008.4657655780672,1.6936937687731284,7.722522492490748,16.983783738736122,27.36576557806718,No,0.0,Yes
8.4,22.8,16.2,5.4,7.7,E,31.0,S,ESE,7.0,6.0,82.0,32.0,1024.1,1020.7,7.0,1.0,13.3,21.7,Yes,0.0,No
13.0,28.2,0.0,5.0,11.6,NW,44.0,WSW,NW,4.0,17.0,74.0,27.0,1017.6,1014.4,3.0,6.0,17.4,27.0,No,0.0,No
8.6,13.7,6.2,2.2,0.0,NW,31.0,E,NW,2.0,0.0,97.0,94.0,1027.8,1024.3,8.0,8.0,10.3,11.6,Yes,4.8,Yes
2.5,20.9,0.0,3.6,10.6,NNW,44.0,NW,WNW,20.0,26.0,48.0,35.0,1025.4,1020.6,2.0,6.0,15.4,20.0,No,0.0,No
-0.3,9.3,0.4,1.4,9.9,N,39.0,NNW,N,9.0,30.0,72.0,60.0,1017.4,1016.6,1.0,1.0,4.7,8.3,No,0.0,No
-2.2333320218946917,9.960752254779608,0.0,1.5018649252900953,2.133983117825762,SSE,26.745715273856387,SSE,WSW,6.611490724588803,13.621146304325515,92.0936924947835,68.84665036471361,1012.7293761498046,1009.652913440934,7.129626690429037,7.130179727943756,0.9576006625646312,8.482258424826497,No,0.1871360558660628,Yes
10.8,25.8,0.0,6.8,11.7,E,31.0,S,NNE,7.0,11.0,72.0,42.0,1021.3,1017.4,5.0,4.0,17.2,24.1,No,0.0,No
3.462396409453806,13.573295062998984,1.801997007878172,1.43069895275736,4.158402393697462,NW,51.85649027560406,NNW,WNW,24.0,24.891013464548227,81.3069895275736,78.40599102363451,1010.9801997007878,1009.8504992519696,4.801997007878172,5.9009985039390855,10.31289566142335,10.18219670866599,No,1.4752132710851389,Yes
12.4,32.3,0.6,7.4,13.0,E,39.0,NNE,W,4.0,17.0,60.0,25.0,1017.1,1013.3,1.0,3.0,20.2,31.2,No,0.0,No
-0.9,18.5,0.0,2.2,8.9,E,22.0,SE,N,0.0,7.0,84.0,38.0,1030.2,1027.4,2.0,3.0,4.7,18.2,No,0.0,No
15.398975288273382,20.342314662050367,12.168655685683415,5.6928270179136735,0.4453887972302183,NNW,32.01024711726618,SSE,NNE,7.515370675899272,10.030741351798545,92.49487644136693,87.01024711726618,1009.3928270179138,1007.286678747554,8.0,8.0,17.30717298208633,19.292827017913677,Yes,11.61425821190672,Yes
-0.182807822776176,17.513880573824313,0.0,2.2552052151841173,7.589906649744899,NW,34.447947848158826,NNW,SE,2.482649282719609,16.62145502096274,80.24132464135981,41.20662320679902,1023.548264928272,1018.4104104303684,2.447947848158827,3.447947848158827,6.655205215184117,17.14495332487245,No,0.0,Yes
12.3,33.8,0.0,7.2,11.3,W,22.0,SE,W,9.0,13.0,57.0,15.0,1022.6,1019.1,0.0,1.0,17.9,32.7,No,0.0,No
15.18479825427712,20.54839694498496,18.953675066083825,3.247982542771204,0.3483969449849607,SSE,38.88004364307199,ESE,NW,6.0,17.24405673599359,84.33195199262082,89.1520174572288,1013.9612213851052,1012.9340240036896,8.0,8.0,16.91520174572288,17.084383852063365,Yes,17.345638302357333,Yes
5.673855769007341,24.047711538014685,0.0,4.294303571013634,6.107375686509963,NW,79.52848214493183,SE,NW,3.0681593400209755,35.931840659979024,80.9206456098217,31.60783653511012,1018.7744155215152,1011.9687190925288,1.8011195050157316,7.732960164994756,11.31587087803566,22.68692788450367,No,0.0,Yes
12.0,28.9,0.0,7.2,8.2,ESE,39.0,SSE,WNW,2.0,9.0,78.0,31.0,1012.2,1009.1,2.0,7.0,17.4,28.6,No,1.8,Yes
10.766786558695951,16.52693042913109,0.5421902510144132,2.469120680145505,0.2578097489855868,N,20.64452437246397,NW,ESE,8.355475627536032,9.38868906884008,90.29892097173644,75.68761004057653,1025.1162470445645,1023.461758639709,8.0,8.0,13.389048744927935,15.662477991884694,No,0.8598778777756778,Yes
-0.2,16.2,0.0,3.4,5.9,E,28.0,SE,ENE,0.0,20.0,74.0,45.0,1027.6,1022.9,7.0,6.0,7.3,14.6,No,0.0,No
19.43840432088856,21.82350753445739,10.918541938980336,4.698679557072106,5.906788171751639,NNW,75.38906454235251,N,WNW,40.86423656496722,30.0,90.57448393215586,60.71024736718864,997.233122549177,997.4245118011509,7.9321182824836125,2.864236564967225,20.33526130168609,19.50496559547706,Yes,14.197927439491156,Yes
14.9,24.8,0.0,10.4,10.0,NNW,35.0,NNE,WNW,11.0,6.0,58.0,37.0,1011.7,1010.4,7.0,7.0,19.3,22.9,No,0.6,No
12.492010204266109,29.528679705451136,0.0,7.2,8.254667800474012,ESE,40.366695011850304,SSW,WNW,3.093356009480241,11.733390023700602,76.35996598577964,28.81328798103952,1012.8013458052142,1009.291337301659,3.366695011850301,6.726660997629939,18.16534920663617,28.928006802844077,No,1.6142836108584535,Yes
-2.9,9.6,0.0,1.8,7.3,NW,43.0,N,NW,6.0,24.0,76.0,70.0,1022.4,1019.0,1.0,6.0,5.6,8.1,No,0.4,No
-0.2,18.1,0.0,4.4,9.4,NW,24.0,SE,NW,0.0,9.0,80.0,44.0,1021.4,1018.9,1.0,1.0,6.7,16.9,No,0.0,No
9.2,20.4,17.4,7.8,10.2,ENE,39.0,N,N,9.0,20.0,59.0,49.0,1009.5,1009.1,1.0,7.0,14.9,18.8,Yes,0.0,No
4.9,18.1,5.2,1.2,8.5,NNW,22.0,SE,NW,0.0,13.0,93.0,55.0,1025.7,1022.3,1.0,1.0,8.9,17.7,Yes,0.0,No
15.403926793222077,27.60769604790416,4.547957834118964,4.215707172888307,6.368743192763379,NNE,44.62356075933246,NW,NNE,5.194764275703897,15.96073206777923,83.81832503503635,51.22094289718441,1012.4571203516372,1008.3402617862148,4.0130893107402565,7.0,19.59083748248182,26.509004978978183,Yes,3.3252645177051416,Yes
3.1,12.5,1.2,1.4,7.2,N,43.0,WNW,N,6.0,30.0,69.0,62.0,1019.8,1019.1,6.0,2.0,7.6,11.3,Yes,0.0,No
4.7,19.5,0.0,10.0,11.0,NNW,46.0,NNE,NNW,13.0,33.0,42.0,25.0,1018.7,1015.1,1.0,0.0,14.5,18.3,No,0.0,No
0.4800965280407591,10.81576407156822,0.0,1.7493619149001738,5.341083114118134,NW,43.84235928431779,NW,SE,16.664021566680475,29.9793029980449,81.0413940039102,75.15764071568222,1014.0796138878368,1012.2049329303868,4.72611257254577,5.863056286272885,6.017040241767874,7.121179642158893,No,0.0,Yes
7.4,16.3,0.0,1.2,8.6,NNE,30.0,SSE,NE,6.0,19.0,75.0,65.0,1031.4,1027.9,7.0,7.0,12.1,14.5,No,6.2,Yes
5.3,21.0,0.0,4.6,6.3,WNW,26.0,SSW,NW,7.0,7.0,77.0,44.0,1027.2,1023.3,7.0,2.0,12.0,20.4,No,0.0,No
2.4,17.3,0.0,2.2,11.3,E,31.0,SSE,SW,4.0,6.0,67.0,33.0,1030.5,1027.7,1.0,1.0,10.7,16.5,No,0.0,No
20.396319489300517,35.38076587350033,0.0,13.33178994780048,7.006411375499892,SSW,49.57435449800043,ENE,WNW,4.141881833999856,17.141881833999854,61.780350086999206,27.64529541500036,1008.0823982355996,1003.4823982355996,7.0,2.28376366799971,23.35880088220025,33.702048148600305,No,0.0,Yes
16.729469154125386,22.73129739695309,2.2201516702498894,6.319393319000442,0.603968025984216,ESE,32.212215618281455,S,N,6.212215618281457,13.0,93.3129739695309,75.47481041218764,1014.7676327114688,1012.182746464156,8.0,7.737405206093819,17.65969665950022,21.65358885035949,Yes,4.285637736872076,Yes
14.863690233393868,24.559365990637183,0.1481917141755438,6.909556111974698,5.93278775165805,SW,64.3326832995371,N,NNW,9.514194670562288,20.475151937722924,76.27654574298423,75.98152609721917,998.8684615553432,998.7158643731811,6.687871095230368,6.979891920391182,18.61092040553917,19.963753293404224,No,0.1107462732260718,Yes
1.2,14.5,0.0,1.2,8.9,SE,17.0,SE,SSW,6.0,6.0,74.0,43.0,1026.7,1023.5,0.0,1.0,6.5,13.9,No,0.0,No
5.380893709791152,23.414083230877715,0.0,4.356610178698544,6.387642516083538,W,34.77873652608959,SSE,W,5.557473052179171,11.995685632596864,75.55315868477604,32.88505389564166,1019.6757164689076,1016.12083203717,6.336209578268757,2.8893682630447928,10.980030836310526,23.03620957826876,No,1.123014187326138,Yes
9.5,27.4,3.0,4.8,11.5,NNW,24.0,SSE,NNW,6.0,9.0,79.0,39.0,1024.7,1020.7,1.0,7.0,14.0,24.9,Yes,0.0,No
16.485974878603823,21.742987439301917,4.416143606341533,8.63148293946175,2.2101902881161237,N,33.0,S,N,12.863770152144816,15.706355454836068,92.90211848494536,71.03834833280054,1014.89616516672,1012.2668007122036,8.0,6.195763030109287,16.695763030109287,20.837034121076503,Yes,3.643363750493695,Yes
-0.2,16.2,0.0,3.4,5.9,E,28.0,SE,ENE,0.0,20.0,74.0,45.0,1027.6,1022.9,7.0,6.0,7.3,14.6,No,0.0,No
11.223317499465043,22.273990499679027,3.049571727136557,2.0004894547010785,3.65165190961614,S,32.25275318269357,NNE,NW,6.252753182693567,13.500611818376347,96.74969409081184,69.49449363461287,1016.4507953638893,1014.0249082272436,7.249082272435478,5.748470454059129,14.1485928177344,20.074602318055373,Yes,4.204746391744855,Yes
17.488780130558048,27.29738322883189,5.529688282933175,10.01372157649711,3.373058375508493,ESE,39.07936802492991,N,NNW,12.492145495774766,12.844668115910943,66.50936919415352,49.10875513938799,1014.0205945639816,1012.9182119907384,7.06684348670662,7.926986884107707,21.056819659523494,25.888579303185413,Yes,5.586091403092297,Yes
14.4,31.6,0.0,6.6,13.6,NNW,30.0,NW,N,6.0,7.0,65.0,30.0,1017.1,1014.2,0.0,2.0,21.5,30.3,No,0.0,No
4.4,18.2,0.0,3.6,11.0,W,31.0,SE,WNW,7.0,19.0,78.0,35.0,1017.4,1015.0,1.0,3.0,9.2,17.2,No,0.0,No
17.668081349717337,22.33404067485867,2.6118758346419604,8.195970029051509,0.685895101680277,ESE,33.0,SE,ESE,8.819721698335428,13.83987155307789,92.27995718435928,74.46023548602386,1014.5539764513976,1011.7379636067054,8.0,7.4400856312814065,17.940085631281406,21.708059941896984,Yes,0.7977767794792938,Yes
7.112645429757656,17.55222449730701,4.513660725239391,2.3614362279323804,2.6568303626196954,NW,60.24746176129567,NW,WNW,25.247461761295664,16.10070155408441,89.22014031081689,83.31225761707057,1010.1213124769972,1009.4020305909636,7.073380103605627,6.70647958557749,14.020998735599951,13.113660725239392,Yes,5.425108496717521,Yes
17.10219630706565,28.899635449388462,0.2801896274326015,9.88980720654031,10.679736074374368,NNW,68.88865786480073,NW,NW,31.900736061188532,39.61653440284469,44.28004311183905,22.980807472918315,1016.2508040111892,1011.6669349834922,0.9029013348498616,1.1261712699551103,22.62832436214861,28.184468212912176,No,1.606724610596126,Yes
4.136648179994516,12.457623720204658,3.4391638226770205,2.015944254845135,0.0,SSE,35.601393628871634,NE,NNW,1.0797212742256734,2.76083617732298,94.6993031855642,90.77902445978984,1021.634132537312,1017.2598677478264,7.539860637112836,8.0,6.664899033191411,10.265595847627226,Yes,2.4185186414601683,Yes
-2.7,15.2,0.0,4.0,9.7,N,30.0,SW,WNW,6.0,20.0,62.0,35.0,1022.8,1017.9,1.0,2.0,6.3,14.9,No,0.0,No
7.958468665839819,18.7547366233394,0.0422964816713578,5.747751404994205,5.756459504161838,NW,58.639235891626655,NNW,NW,25.726316883302975,30.776077449975165,68.36076410837335,51.286123258365066,1003.3567457850174,997.904018323356,6.024880283336093,6.012440141668046,14.411196127501242,16.64727253833858,No,1.4491510140665216,Yes
12.6,20.2,19.8,2.6,9.1,W,46.0,NNW,W,17.0,20.0,76.0,50.0,1007.9,1008.4,5.0,4.0,15.1,17.4,Yes,0.0,No
10.951587666783071,27.694325816800536,0.0,6.204008283443921,7.702004141721959,N,36.64107225026192,SSW,SW,3.048412333216926,11.883133916346546,75.37896916695769,30.47579383339154,1014.1657731247818,1010.646408191495,3.3105154165211577,7.0,16.613690750087304,27.28948458347885,No,0.2441452206998753,Yes
-2.0,12.3,0.0,2.4,5.8,W,31.0,ESE,W,4.0,19.0,81.0,60.0,1020.9,1018.3,1.0,7.0,2.6,9.1,No,0.0,No
13.614188314390969,23.00944747192938,3.1102319101740097,2.7590723593039623,1.8834583708751385,NNE,30.54331516842373,NE,NNW,4.5433151684237325,13.0,96.0944747192938,74.36221011228248,1015.5464529214022,1013.6291268540328,8.0,7.181105056141244,15.879536179651982,20.707878595440118,Yes,6.731889244867961,Yes
13.5429451630761,17.8429451630761,8.896600010065292,3.2429451630761,0.0,NNW,40.98661289510864,NE,N,10.597322579021728,18.59062902657605,93.59732257902172,91.99330644755432,1009.8979919342664,1006.3993306447554,8.0,8.0,16.722141936782617,17.002677420978273,Yes,10.626863813257549,Yes
7.5,16.8,0.0,2.8,3.0,NW,41.0,W,NW,7.0,26.0,70.0,53.0,1018.0,1013.8,7.0,7.0,12.5,15.4,No,0.0,No
14.56412676989951,27.92538859200748,0.0,8.738738177892031,10.628009751530731,NNW,64.26699171769104,NNW,NW,27.84684544473008,36.70024378826829,44.85995124234634,24.57985372703903,1016.0133495858844,1011.6853398343536,1.5733008282308951,1.0,21.06674792942276,27.454053633419026,No,0.0,Yes
4.2,18.9,0.0,6.4,10.8,WNW,50.0,WSW,WNW,6.0,31.0,60.0,34.0,1011.2,1009.3,3.0,2.0,11.2,18.1,No,0.0,No
17.962582588781018,22.46810143821168,2.116556548291974,7.859308200759123,0.0791391370729935,ESE,32.824135250948906,SSE,ENE,6.912067625474451,12.47240575284671,92.08793237452556,76.87932374525548,1014.0218907895402,1011.244996113876,8.0,8.0,18.332928488401457,21.91534201349635,Yes,2.9561649979425,Yes
15.15609832124225,16.964318231810815,0.0,7.1475883653411785,0.7999623962953065,SSE,47.74631835011383,S,SSE,11.674884266979376,11.85583005012044,74.61631808371965,75.09362672104537,1010.2777107244927,1009.5766961378864,6.946585960831353,6.920944653918594,15.610716344805727,16.788855616861166,No,2.31208794487084,Yes
8.6,24.2,0.2,2.8,12.7,E,33.0,S,SE,11.0,9.0,63.0,37.0,1017.5,1015.1,1.0,1.0,13.7,22.0,No,0.0,No
9.950756900029962,29.410226183358347,0.5908986271138474,7.128657071991105,8.71216599591117,E,40.75533163888437,SE,WNW,1.9317621236155544,13.22279780783822,63.71989362432161,31.50402505464743,1012.8163278226596,1010.378793199976,1.2087030725372836,7.915544430092815,17.176590882304435,29.72104128182425,No,1.5971767400028398,Yes
10.0,22.5,0.0,4.4,11.6,E,33.0,SE,S,11.0,7.0,55.0,46.0,1018.7,1016.8,1.0,2.0,14.7,22.2,No,0.0,No
0.1,10.4,0.0,1.8,7.9,WNW,59.0,NW,WNW,22.0,24.0,69.0,63.0,1021.3,1020.1,1.0,6.0,7.0,8.6,No,0.0,No
14.499428007537492,24.20018385472009,0.0,6.799816145279908,5.900490279253579,SSW,60.99693575466513,N,NNW,10.99959143395535,19.999285009421865,75.99979571697767,75.9957100565312,999.4017057632364,998.9013074113428,6.999387150933026,6.999795716977675,17.899662933013165,20.30039835189353,No,0.0,Yes
10.04278780276138,21.981965256606014,0.2913828336721032,2.3827656673442066,1.4775544969510706,NNW,32.44388624237768,SSW,SSE,5.456914168360516,6.0,82.45691416836051,47.91382833672103,1018.9650289528284,1014.4404802464428,7.728457084180258,7.271542915819742,14.285873634400865,21.08196525660601,No,2.5539538470135748,Yes
7.835420148083383,20.199684863088795,1.984012605476448,3.567710074041692,7.38824580679074,W,39.87930669879535,SSE,NW,12.28056724644017,14.360504219057928,95.36050421905792,56.0,1017.8724159807228,1013.368340347864,5.159873945235518,2.399684863088795,11.243571413800762,19.49169116582702,Yes,0.0,Yes
0.4715517236205268,17.115678071502437,0.0,1.725276623183176,4.223517875826056,NNE,37.09073110211463,SSW,WSW,4.36037324612856,5.137386080807028,80.91739867713234,43.53353531515478,1022.9651409384226,1017.169792638486,7.440281862460452,8.0,5.706080898980393,16.31646314201789,No,2.717885684686251,Yes
4.4,11.5,6.6,2.2,9.3,WNW,57.0,NNW,WNW,28.0,31.0,67.0,56.0,1013.9,1014.9,1.0,1.0,6.9,10.5,Yes,0.0,No
-2.0,12.3,0.0,2.4,5.8,W,31.0,ESE,W,4.0,19.0,81.0,60.0,1020.9,1018.3,1.0,7.0,2.6,9.1,No,0.0,No
-1.011671895071624,10.760976086411604,0.0,2.6125440987561186,4.24930419133998,NW,37.851920802393465,SE,NNW,6.757840061722575,22.851920802393465,89.72647981483227,75.09408074067089,1017.2860642839238,1014.4712563641632,7.0,7.0,3.121952172823208,6.208535870382595,No,0.6721474612917614,Yes
14.497810381725238,24.356927014809607,0.3615803444479636,6.730969639526391,5.868598361780895,SSW,61.35111464302619,N,NNE,10.7450202722035,19.863083238384178,75.54819825724361,77.98069435139584,999.8286745606048,998.860209489796,7.118212559641409,6.872181474393685,17.73942112038074,19.69157176367053,No,0.0,Yes
10.846209476884574,29.08207421682334,0.6612013441937576,8.451053037138736,7.848192214833307,E,49.553726494765975,SE,ESE,7.147600137289699,8.357235484514284,54.65444425174279,35.574948330107134,1021.685958641003,1017.2905103933188,0.1397082287058036,7.025636689366304,16.784338812331512,28.004027433419044,No,0.1484057528432352,Yes
17.0,33.8,2.0,9.0,13.5,WNW,52.0,NNW,W,6.0,24.0,65.0,35.0,1004.0,1001.8,2.0,3.0,23.0,31.8,Yes,0.0,No
11.9,21.1,13.2,6.6,8.6,NW,41.0,NNE,N,7.0,24.0,82.0,61.0,1019.2,1016.7,7.0,3.0,14.5,19.4,Yes,0.6,No
7.9,18.7,0.0,5.8,5.8,NW,59.0,NNW,NW,26.0,31.0,68.0,51.0,1003.2,997.7,6.0,6.0,14.4,16.6,No,7.2,Yes
-1.6,10.7,1.4,0.8,9.1,S,59.0,SSW,S,28.0,37.0,74.0,56.0,1014.1,1014.9,2.0,4.0,5.6,9.6,Yes,0.0,No
16.23902114710577,28.626308589257214,5.783276651240385,6.117063441317307,5.787287442151442,ESE,39.97212775206731,NNE,NNW,9.597552867764422,17.374574884302884,73.29095814050481,48.513936123966346,1013.7736914107428,1010.6127125578486,4.569680619831731,7.513936123966346,21.20557444958654,27.22352136446394,Yes,4.974108495936557,Yes
11.389256018656065,16.332902269062693,5.451468683611283,2.562867170902821,0.0338761184424541,NW,41.64495526230184,NE,N,9.13681348566502,18.814335854514106,94.84690296106136,93.50814177663682,1012.6052044094145,1008.9729566462992,7.830619407787729,8.0,14.689256018656064,15.244955262301836,Yes,6.189771967090857,Yes
14.430823052654857,31.76491214084548,0.0,8.621214549079166,8.766545158613367,NW,71.65276665005382,NNE,SW,5.03535758179861,14.688124231852433,63.90026972264409,34.064372695557296,1016.5771524331532,1011.9636436472376,1.0,6.482321209100695,20.680688191332813,30.181956684940797,No,1.1811356852735444,Yes
-2.2304591387845143,10.912667517029584,0.0615269557526655,1.726542272467778,4.208999733625885,S,48.90400107833759,SE,SSE,0.4782194125527566,25.050705489784043,77.8482228766494,72.15404329245412,1020.3924581689304,1019.5905183523776,3.136987424215593,7.985243311439176,5.019360150866479,7.401372562872107,No,1.2729801888352892,Yes
11.399380183402354,27.401859449792937,0.0,7.575852247821763,9.223218027281767,N,47.75232431224117,S,NNW,7.0,10.498450458505886,60.86996399014413,37.37151353163824,1018.303408991287,1014.7030990829884,2.2476756877588278,5.876162156120587,16.56346846343382,25.75201440394235,No,0.0,Yes
2.2,17.5,0.2,1.2,8.5,NW,20.0,SSE,WNW,7.0,7.0,92.0,45.0,1032.1,1029.6,2.0,1.0,5.5,17.3,No,0.0,No
7.4,24.4,0.0,6.2,11.6,E,35.0,ESE,WNW,7.0,11.0,65.0,37.0,1026.3,1023.2,0.0,2.0,12.2,22.1,No,0.0,No
17.5,35.8,0.0,9.4,13.3,SSE,57.0,NNW,NW,6.0,19.0,56.0,24.0,1011.8,1006.5,0.0,1.0,24.7,34.5,No,0.0,No
11.05129357641949,22.63911697052436,0.0,6.489345469841763,6.440106507710208,NW,61.95433772789327,NNE,NW,16.644597195004646,39.370623562364266,68.0,57.40106507710208,1010.1426936605492,1005.873667713838,6.492389621315545,6.492389621315545,17.058903955103943,17.78173509115731,No,1.177173955137336,Yes
3.8,21.7,0.2,2.8,6.5,NW,44.0,ESE,WNW,2.0,20.0,99.0,34.0,1011.9,1006.7,7.0,7.0,7.9,20.2,No,0.0,No
9.59344442275027,26.19564939947877,0.0,4.443980828698454,6.876936773754409,NNW,33.84624515836272,W,SE,6.0,19.72526820297409,69.09892718810363,27.351609217844548,1018.2439214757628,1013.5713946554652,7.0,6.725268202974092,15.99344442275027,25.30333714156064,No,0.9191806457783144,Yes
4.0333095487655,10.34213937409228,2.036252823874426,1.9313711499273825,0.8058865502178528,NW,53.83345225617249,NNE,NW,21.475591630264777,23.505024381354044,87.59799024745838,87.9558508733661,1018.9352479476036,1015.0323046724948,7.328427874818455,7.328427874818455,7.41223986171936,8.443611011646743,No,3.6798467106206174,Yes
15.4,25.7,0.0,6.8,8.2,E,41.0,E,NE,9.0,17.0,67.0,32.0,1020.1,1016.9,7.0,7.0,17.6,24.6,No,0.0,No
6.2,16.9,0.0,5.8,8.2,SE,44.0,SE,E,20.0,24.0,70.0,57.0,1023.8,1021.7,7.0,5.0,10.9,14.8,No,0.2,No
8.57518508764605,19.543981359557563,1.3503701752921016,5.293611184265462,7.656758991026639,NW,91.91527302274496,NW,NNW,30.219906797787814,48.72360855070883,63.780093202212186,35.808335527963855,1008.1794900213896,1000.9071291663188,3.4680559213273097,6.0,15.412777631469076,18.20356458315937,Yes,1.7471534312992922,Yes
7.9,26.1,0.0,6.8,3.5,NNW,43.0,SE,WNW,0.0,19.0,45.0,20.0,1017.6,1014.2,5.0,8.0,16.3,25.9,No,0.0,No
6.646385425221984,19.373538757653197,0.0,5.773253359793493,5.916438510500204,NW,59.09604018836215,NNW,NW,26.46372931242568,30.626946585843378,68.03566581264384,52.81269794932728,1003.2981231525216,997.5213331229908,6.154421408008606,6.305291504659452,13.374553491081148,16.811079836682843,No,0.0,Yes
17.59820590995082,27.7958597921942,5.195307764486754,10.196687833755355,3.6002760138537204,ESE,39.01518076195462,N,NNW,12.987579376582582,12.991719584388388,66.03036152390924,49.00966048488021,1014.596135806048,1012.793927695218,7.0,7.998619930731398,21.39461772985245,26.296825840682217,Yes,4.988024504755649,Yes
8.1,20.5,0.0,3.8,7.8,ENE,31.0,ESE,ENE,11.0,11.0,66.0,48.0,1027.8,1024.0,1.0,5.0,14.9,19.5,No,0.0,No
-2.8,12.2,0.0,2.6,8.7,NNW,31.0,SE,NNW,0.0,15.0,84.0,48.0,1018.3,1014.6,1.0,1.0,2.7,11.5,No,0.0,No
14.724186089926857,24.274728696642285,4.07617564788343,6.749457393284571,5.638449561752001,SW,48.249095655474285,NNW,W,8.377260861314287,15.754521722628573,94.12816520584,59.50180868905143,1010.9245478277372,1006.9992765243794,7.875452172262857,5.249095655474285,16.011731307153145,22.774366958832,Yes,3.937794728632511,Yes
-0.1,14.7,0.0,3.4,9.9,ENE,30.0,SE,NE,6.0,15.0,60.0,43.0,1029.9,1025.9,1.0,5.0,7.2,12.3,No,0.0,No
13.572291542817684,22.19528889612632,4.217087992183579,6.356188444154947,2.345781342886737,SE,39.543253389785264,SE,NE,6.0,12.69550225985684,84.89486216866527,77.45674661021474,1012.465824015633,1010.2210275662668,7.123768883098947,7.780942220774737,16.53428266623242,20.70098489352084,Yes,2.5277975632277347,Yes
9.988171357335268,13.985108410411156,1.7128628072748588,0.7462183526925008,0.0632157077976778,ESE,20.72210396027773,S,ESE,9.455648855629049,9.720719479224636,97.14441661210611,86.13347856550666,1028.4658752134308,1027.3507802654951,8.0,8.0,11.950159080005765,14.67101393144764,No,2.296985229631532,Yes
13.308447979563937,20.193202926156737,3.8986242452327753,2.716620808174426,0.2084479795639354,NNW,37.58035253133768,NNW,NNE,8.915520204360647,14.16345657220981,89.41414444959342,74.65657779837369,1013.1182717138952,1009.3348925220696,8.0,7.583104040872129,16.775206363215084,19.351513330243947,Yes,4.393194516675498,Yes
15.341120859489331,19.90401525427267,18.950704176964543,5.148904819130882,0.3300622791734241,NNE,32.98920928912512,SSE,NNE,7.505237898073311,12.789412337336357,91.17524107939846,89.13406136247714,1008.8355428539188,1005.1934490332224,7.913397442828992,7.968948920195933,18.309074878416475,18.100686073927065,Yes,17.048593193165498,Yes
7.1,23.4,0.0,3.4,10.2,ESE,39.0,SE,WSW,2.0,7.0,72.0,29.0,1021.0,1016.9,0.0,1.0,12.7,22.4,No,0.0,No
15.899797297155072,21.3221096095306,4.866936937126573,6.636916916832635,0.766734234281643,NW,31.296146146040797,SSE,NE,6.148073073020397,7.88843843812238,92.8519269269796,84.51926926979604,1010.7367142139876,1009.0294119117592,8.0,8.0,16.881338838738756,20.310953453342837,Yes,5.063573739059471,Yes
7.5,19.0,0.0,4.0,6.8,ENE,26.0,SE,ESE,0.0,7.0,74.0,43.0,1025.5,1022.2,6.0,5.0,12.6,18.1,No,0.0,No
14.815713813426418,20.940143754489803,21.31502643668741,2.650171844184752,0.68897224090656,SE,41.0,ENE,S,5.772571050741135,19.601999338796983,80.91971249102039,86.92970918500532,1014.8635426304448,1013.8782567744726,7.601999338796986,8.0,17.022742894925887,17.02777263762837,Yes,21.02566941232106,Yes
14.3,35.0,0.0,7.6,10.5,ESE,41.0,ESE,WSW,2.0,9.0,43.0,14.0,1012.6,1008.7,0.0,1.0,23.0,33.6,No,0.0,No
7.613317360292576,24.259296564241325,0.0,3.6442206145520566,6.259296564241324,S,31.017585893966903,SW,S,6.0,18.16834539085957,69.42462025155366,29.610551536380143,1019.5982414106034,1015.1628137430348,7.0,6.185931284826477,13.809800181499195,23.620351717879338,No,1.6753638052887851,Yes
8.1,18.7,0.0,4.4,7.1,ESE,33.0,SSE,ESE,11.0,30.0,66.0,65.0,1028.2,1024.2,4.0,7.0,13.5,15.6,No,0.0,No
-3.7,14.4,0.0,2.6,10.4,NNW,22.0,N,NNW,2.0,11.0,64.0,28.0,1031.0,1028.0,0.0,0.0,5.2,14.0,No,0.0,No
9.9,24.4,0.0,5.8,10.8,NE,28.0,SE,E,7.0,7.0,60.0,38.0,1021.6,1019.2,1.0,4.0,16.2,22.7,No,0.0,No
7.6,16.1,2.8,5.6,10.6,SSE,50.0,SSE,ESE,20.0,28.0,68.0,49.0,1018.3,1018.5,7.0,7.0,11.1,15.4,Yes,0.0,No
-1.0,12.2,0.0,1.6,8.4,ESE,30.0,SE,E,7.0,13.0,82.0,51.0,1032.2,1027.4,3.0,5.0,3.7,10.8,No,0.0,No
4.3,12.6,0.0,2.0,9.0,NW,46.0,SE,WNW,0.0,28.0,75.0,54.0,1026.3,1021.9,3.0,1.0,7.8,11.3,No,0.0,No
14.214555615639767,20.54655522236129,1.915999803360764,6.642000098319618,2.1305554190005305,S,67.69222020120785,NNE,NW,9.274444826798517,9.274444826798517,78.2577773408017,73.2100004915981,1009.7338889162,1008.4630001474796,7.532222167600212,7.0,15.540333349719935,17.90788862124104,Yes,3.71674218243618,Yes
0.1,16.7,0.0,3.8,10.2,WNW,28.0,ESE,NNE,2.0,13.0,69.0,44.0,1027.0,1024.8,1.0,4.0,9.0,14.9,No,0.0,No
11.151657716138248,24.93504685641673,0.0,5.755324839255167,8.13665438199967,NW,59.56815134557962,NE,W,13.381446773024644,21.201607525582936,70.87056263395402,47.04353655628246,1015.0474212907902,1011.9366543819996,1.820160752558294,5.589919623720853,16.25383454395237,22.888998630649244,No,0.0,Yes
13.9,34.7,0.0,6.4,8.5,SSW,46.0,SE,ENE,11.0,7.0,50.0,18.0,1022.8,1019.3,0.0,3.0,20.2,32.7,No,0.2,No
8.225501986603708,24.559327284594264,0.0,3.614226887273523,6.407113443636761,NW,30.507379469858343,SW,NW,5.774498013396292,19.3798695368398,68.56375496650926,29.11275099330185,1019.277183775118,1014.6673845697596,6.718122516745364,7.0,14.56912648995278,23.88187748325464,No,0.4948643186482446,Yes
3.8,13.8,0.0,2.8,0.8,WNW,31.0,W,NNW,6.0,26.0,67.0,54.0,1020.6,1018.5,7.0,7.0,10.5,12.4,No,0.0,No
7.974203488829719,22.855395374464244,0.0,4.019116268086752,6.171017444148593,NW,37.48098823938159,SSE,NW,11.15930223405627,22.837616228730948,68.0,34.6752324574619,1015.4435756569036,1010.5372035675414,6.742034888297187,6.742034888297187,14.400000000000002,21.79424421808031,No,0.0,Yes
13.75502844364768,31.18419918290324,0.0,7.195138210124074,8.404861789875927,ESE,43.96353657593056,WSW,W,5.951382101240735,18.9270731518611,71.89060972779166,23.15800817096761,1014.3781219455584,1009.804861789876,6.9270731518611015,6.024308949379632,20.165967470868512,29.79149186771713,No,0.2754198330844013,Yes
0.5,17.1,0.0,4.0,9.4,NW,31.0,ESE,W,6.0,13.0,74.0,42.0,1020.8,1017.4,1.0,1.0,7.4,16.2,No,0.0,No
-0.4236653578353291,16.989880398929266,0.0,1.615458169729416,8.07537843568226,W,39.850199335117885,SE,NNW,5.536254908117516,15.850199335117887,80.76812745405876,49.85498036752993,1025.1367330113587,1021.5990437935176,1.1545816972941614,5.231872545941242,6.145896405947044,16.42709151352919,No,0.4243828725559407,Yes
14.9,28.8,0.0,5.8,8.1,NNE,30.0,SSE,NNE,7.0,11.0,71.0,44.0,1018.2,1014.5,7.0,2.0,19.1,27.0,No,0.0,No
2.4,14.7,0.0,2.6,9.2,ESE,20.0,SSE,E,7.0,6.0,74.0,43.0,1030.4,1026.0,1.0,1.0,5.9,13.8,No,0.0,No
13.099993583027397,19.399999136176763,9.799987906474708,8.799996297900421,5.999999753193362,NNW,66.99999012773445,N,NW,38.99998395756848,30.0000012340332,70.99999629790042,43.00000987226555,1007.299994940464,1005.9999897575244,6.999998765966806,1.0000061701659666,16.699997161723655,18.19999802554689,Yes,10.291578759095332,Yes
15.1,28.3,14.4,8.8,13.2,NNW,28.0,NNW,NW,6.0,13.0,73.0,44.0,1016.8,1013.4,1.0,5.0,18.3,27.4,Yes,0.0,No
2.530455914126859,20.69520410270562,0.0,3.39184661708909,7.527817634349256,SSE,33.901678742808265,S,SSE,3.803357485616528,15.94244565736281,77.74580314297934,36.39328502876694,1021.5613907029624,1017.392565822928,3.7050362284247926,2.450839371404132,8.91894504559942,20.40503622842479,No,0.7319513882008135,Yes
14.104369089587754,25.183860444305093,1.0433648555319788,6.482686661821765,5.942517113394211,NNW,61.413433309108825,N,NNW,7.652103034707487,43.4352787570476,72.23866972559867,68.72774700162928,1016.1425171133942,1013.0283990823204,7.163025758676872,7.163025758676872,19.245712420498634,18.608738179175507,No,1.319503697478758,Yes
-2.7,18.1,0.0,2.2,9.3,W,52.0,SE,WNW,0.0,24.0,85.0,36.0,1017.8,1014.3,1.0,1.0,3.5,16.7,No,0.0,No
5.6,27.6,0.0,5.2,11.0,NW,46.0,NNW,NW,15.0,28.0,44.0,21.0,1017.7,1014.1,0.0,0.0,19.0,26.7,No,0.0,No
15.476485355486949,19.78257105740029,17.765430674731693,5.182571057400289,0.0,NE,33.0,SSE,NNE,8.878285961733141,13.0,92.0,87.26971577039885,1009.0468850090606,1006.334713605234,8.0,8.0,18.030428509566715,18.812999566967004,Yes,17.194168275986375,Yes
4.5,23.9,0.0,4.8,11.7,NW,30.0,ENE,NNW,4.0,11.0,67.0,27.0,1025.8,1021.5,0.0,4.0,12.6,22.3,No,0.0,No
15.284222868059125,24.461407622686377,3.2672336350257085,7.12281524537275,4.985073320597688,SSW,48.87135874228792,NNW,SE,6.821603144280209,12.643206288560418,91.9502444019923,58.257282515424166,1011.235679371144,1007.4970869938304,7.564320628856041,5.871358742287916,16.54065493094473,23.20995111960154,Yes,3.4357694637909018,Yes
9.728338156593772,20.22361513049481,2.272219925431537,4.186947085753733,3.911807565247405,SE,59.86389003728423,NNE,SSW,18.384714757652496,17.15972509321058,83.38471475765249,81.11249483222096,1006.1030487800232,1005.4326322856156,7.0,7.0,15.40055808202531,15.925976643544292,Yes,2.311894407086008,Yes
4.6,14.7,0.0,4.4,8.4,WNW,52.0,WNW,NW,28.0,33.0,54.0,51.0,1014.7,1012.4,1.0,3.0,9.2,12.0,No,0.0,No
10.989539293768,29.21203424087416,0.0,8.32177743431797,7.551145523715174,E,49.9398287956292,SE,ENE,7.060171204370794,9.240684817483174,56.33094162403937,34.120342408741585,1021.4525805492916,1017.5525805492916,0.1805136131123808,7.0,17.626359529178664,27.742119843059555,No,3.0994823130626514,Yes
-1.1,11.0,0.2,1.8,0.0,WNW,41.0,SE,NE,0.0,6.0,92.0,87.0,1014.4,1009.0,7.0,8.0,2.4,8.7,No,19.2,Yes
11.418744195845449,26.746481270804367,0.0,6.45597977499684,10.69211123751738,NE,42.7201011250158,NW,WNW,4.866835208359666,13.0,66.4402022500316,40.01356929170353,1012.7146734083344,1009.913316479164,3.8668352083596655,5.706531833312267,16.02391909998736,25.31577752496524,No,1.7066850053444294,Yes
-3.1,12.0,0.0,1.8,3.9,ESE,35.0,SSW,NE,4.0,13.0,80.0,52.0,1030.5,1030.0,1.0,6.0,5.9,10.2,No,0.0,No
2.1,17.3,0.0,1.6,9.2,W,43.0,SSW,WNW,6.0,28.0,81.0,38.0,1020.0,1017.3,1.0,2.0,8.7,15.9,No,0.0,No
0.8498722822352625,13.596812083864418,0.0,2.2385204851221863,5.000510871058951,SSW,68.65433737601822,NW,NNW,24.4221927231672,29.88392767357449,61.07397574389067,72.57525292153805,1016.5002554355297,1010.2807397574388,2.6147951487781347,7.0,8.704209658253482,11.285204851221868,No,1.8284334466710623,Yes
2.1,14.7,0.0,2.6,8.2,S,43.0,S,SSW,24.0,26.0,72.0,57.0,1029.0,1026.3,1.0,2.0,9.0,13.8,No,0.0,No
-2.2,11.6,0.0,1.4,9.2,S,39.0,E,SSW,2.0,28.0,68.0,33.0,1025.7,1025.8,1.0,1.0,3.4,11.0,No,0.0,No
12.6,20.2,19.8,2.6,9.1,W,46.0,NNW,W,17.0,20.0,76.0,50.0,1007.9,1008.4,5.0,4.0,15.1,17.4,Yes,0.0,No
11.437497913618548,24.97420297109037,0.2159572692441318,3.704256384535209,5.193089634274639,NNE,30.46010682688967,SSE,NNW,6.46010682688967,9.220747788227694,78.85903855799296,42.09839759665494,1016.6938824904214,1012.5638290769764,4.779252211772306,6.079786346220659,16.057711567397888,23.66010682688967,No,0.0,Yes
13.201850244148243,17.41392023910926,25.077536622236465,7.985198046814055,7.578678784297768,NW,60.3797341303642,SE,SSE,34.416739013329064,26.944492675552706,66.41673901332906,49.6202658696358,1006.3833478026658,1006.5092512207412,4.453743896293922,4.055507324447293,15.07039609362811,16.112069994961015,Yes,25.180276945859934,Yes
16.9857030623085,25.65651220140773,0.0,4.337638413137387,8.917137124582089,SW,41.26846783727986,NW,N,5.903746120790177,7.174927484444202,69.85677107663383,74.97359789579805,1013.0426319059624,1010.8199718097616,6.001915685744523,6.655017832822228,20.536656938660112,22.745864135230267,No,2.847812257977186,Yes
10.6,15.1,3.8,0.2,2.6,SSE,41.0,SE,SE,9.0,20.0,78.0,65.0,1028.2,1025.7,8.0,7.0,11.5,13.3,Yes,0.0,No
7.9,19.7,0.0,3.2,8.3,ESE,48.0,SSE,ENE,17.0,11.0,58.0,43.0,1027.3,1024.1,3.0,6.0,14.0,19.1,No,0.0,No
13.82902300082321,18.41604290310161,16.67126905810188,4.712980097721601,0.0837141381645328,NNE,36.82693203037864,SSE,NNE,10.195916259493323,14.793874389239988,88.65143447341869,87.28245024430402,1008.2694701465824,1005.437919358038,8.0,7.880408374050667,16.995430342025607,17.404083740506675,Yes,17.6587228403072,Yes
14.661195267381189,20.95781127776957,22.918302610508047,2.408805195854617,0.0,SSE,42.65687768606756,E,S,6.357849439549103,19.063555620247683,82.7967821110109,89.69176119343992,1013.949437333504,1013.1830984144814,7.870862226028743,7.807041920290903,17.293274072869803,16.409198276037817,Yes,24.20020459848603,Yes
17.02172690026823,28.457418726797624,0.3268650893919306,5.80521227846982,9.3336829619368,E,47.363678652371945,SE,ESE,8.957927586512465,16.582432630949786,66.85358658876338,39.10550202070848,1016.9883231348635,1012.1465521170536,6.044245301203826,6.8830061030064105,21.861010694567057,29.7155825114705,No,1.5450703203817262,Yes
11.4,27.1,0.0,5.6,12.1,NE,33.0,ESE,SE,6.0,15.0,69.0,38.0,1017.6,1012.8,1.0,2.0,16.9,26.1,No,0.0,No
13.73152589132657,22.47156047297883,0.1264493818288864,5.643841963775524,4.479348145486659,NW,49.26449381828886,SE,NNE,15.206518545133406,28.38044436459978,71.26449381828886,55.58696290973319,1014.5931062535712,1011.256330944486,7.0,7.0,18.146380218524364,19.53224690914443,No,0.3668446785706498,Yes
16.3,26.8,0.0,6.0,6.3,ENE,39.0,ESE,ESE,13.0,9.0,78.0,54.0,1018.8,1016.1,8.0,7.0,18.6,24.5,No,0.0,No
4.181683487524213,15.983853917318868,0.1327687024215401,0.753732181751257,2.0506617417134825,NNW,17.27951305772956,SE,SSE,6.244573925513364,7.209634793297169,94.9825304338919,63.0349391322162,1022.3777130372434,1019.5864478202974,8.0,6.9475913016757085,8.506564353259394,14.87861304748644,No,0.6480046419710006,Yes
-1.0925279079158778,11.007179068865138,0.1997069767810148,1.798241860686089,0.0029302321898519,WNW,40.96483721372177,SE,NE,0.0087906965695558,6.001465116094926,92.00439534828476,86.96483721372178,1014.4118674403688,1009.0156767422158,7.001465116094926,7.998534883905074,2.408790696569556,8.708937208179048,No,0.3065310865099803,Yes
1.079872912019809,16.40074841267935,0.0,2.755405978334722,6.502880677938999,W,70.0,NW,NNW,20.50355377543275,28.467639445177262,53.28058366710636,66.03591433025548,1017.5460531894312,1010.7424617564056,1.280583667106359,7.0,10.31728406763399,13.863337257065169,No,0.8175117470287687,Yes
15.3,33.4,0.0,8.8,9.5,WNW,59.0,N,NW,2.0,31.0,60.0,26.0,1012.4,1006.5,1.0,5.0,22.2,32.8,No,0.4,No
15.375459842468768,20.16594881851576,13.744190554592535,5.528218897281377,0.3395692911094566,NNW,32.24540157531232,SSE,NNE,7.868102362968478,10.736204725936956,92.37729921234384,87.24540157531231,1009.2282188972814,1006.980977952094,8.0,8.0,17.471781102718623,19.12821889728138,Yes,16.96285372532153,Yes
13.98258701420332,31.04166894657844,0.0,7.256595496917326,8.232883739520494,ESE,43.668012444770405,WSW,W,6.543903968328357,20.09812033814385,70.50637518977098,21.688301072611164,1013.9971014437548,1010.6562208694588,6.990339817781143,6.40117959300042,19.87989613478899,29.96379526515329,No,0.0,Yes
14.413989313526026,21.18962597341088,7.1523419671672,9.0082992212713,5.03989313526025,NW,35.098397028903754,NNW,NW,18.46117551213725,18.7202137294795,94.13989313526024,64.30053432369876,1014.8425022642768,1012.3046839343344,8.0,4.13989313526025,14.681861075838324,19.761647346358828,Yes,5.646786600700796,Yes
14.637037311983638,24.60965001659585,0.0,6.795409221968104,5.725548869618917,SSW,61.67882938477256,N,NNE,11.797188773674828,20.137821824940183,75.1868949047455,76.7909296491693,1000.2397964123428,999.7295410732916,7.170283474527259,6.840865921967861,18.03355048262756,20.47684459235878,No,1.2961258015367465,Yes
15.201311776986028,25.80315011666493,2.659842957141369,6.175852192066302,6.61837413729671,NNE,44.74540415080274,N,S,4.0,11.776905317452051,84.17847574603836,46.4461893650959,1012.086614319047,1008.4,6.04461893650959,5.089237873019179,17.5,24.812073903966848,Yes,4.1820875689000605,Yes
13.063313219257594,24.37416706879668,0.5910222167349704,2.644994447314465,1.024535472394441,NNW,29.56442040638333,SSW,S,5.867682273001781,6.316045078872656,80.57936244310008,50.07352401022072,1016.9260420253788,1012.8109319413488,7.864197064453754,7.087324583919664,16.960930170005383,24.158097712145167,No,0.0,Yes
8.554895707244127,20.25032486176604,1.7575173821259789,3.4771229918560245,6.6954291545219125,SW,37.09477943098983,SSE,S,11.787586910629894,15.69280747964006,94.7875869106299,58.078422438920185,1018.451960560973,1014.077122991856,5.519605609730045,2.866009349550076,11.808491967424096,19.44640373982003,Yes,1.2927396231106376,Yes
4.3,12.6,0.0,2.0,9.0,NW,46.0,SE,WNW,0.0,28.0,75.0,54.0,1026.3,1021.9,3.0,1.0,7.8,11.3,No,0.0,No
-0.1794402339855971,10.73869752193615,0.0,1.2623250731204991,4.952744897631301,NW,47.849300292482,NW,W,12.904198245108022,29.763724488156505,76.3869752193615,72.5376749268795,1015.4232507312048,1013.9307857165808,3.0,6.3869752193614975,6.682884839134902,7.7376749268795,No,0.0,Yes
8.754498077959573,13.79012387880975,5.504758649181923,1.99400256272057,0.0,NNW,29.58376761870392,ENE,NNW,2.9012387880975075,1.416232381296083,97.25749679659928,92.97001281360284,1027.8901238788096,1024.673370355069,8.0,8.0,10.53174711693936,11.857496796599287,Yes,3.7367752276124513,Yes
14.242988363407282,24.15904548590621,1.0312994628340384,2.2998274877866978,0.6018408787671641,NNW,30.0237077228273,SSW,S,5.60382049311594,4.799273949382701,80.70987145066138,47.33751380590399,1016.8001829156756,1013.1397328179186,7.763525758314996,7.14866443505012,17.33742533081664,22.34179087001677,No,2.530622018153309,Yes
5.6,27.6,0.0,5.2,11.0,NW,46.0,NNW,NW,15.0,28.0,44.0,21.0,1017.7,1014.1,0.0,0.0,19.0,26.7,No,0.0,No
6.6,13.1,0.2,2.8,8.2,WNW,61.0,NNW,WNW,31.0,30.0,62.0,53.0,1013.5,1014.0,5.0,1.0,10.6,12.3,No,0.0,No
16.257104528637278,18.75663743031832,0.3692819256103915,9.293460753225904,0.1713394126823356,E,24.52264102217257,ENE,ENE,5.442871298776893,10.651912305860318,89.62351554445017,71.7223079036485,1011.097972945369,1008.8045395365482,7.945166838830058,8.0,16.34213850022199,19.419841819309955,No,1.2907249669387924,Yes
12.4,32.3,0.6,7.4,13.0,E,39.0,NNE,W,4.0,17.0,60.0,25.0,1017.1,1013.3,1.0,3.0,20.2,31.2,No,0.0,No
5.326740448076088,15.007261691153326,0.0487825776923273,1.346347733076982,6.502349159229924,NW,32.683041773078,SSE,NE,4.536522669230179,15.829132449998722,79.14651910384782,70.366083546156,1027.2534808961525,1023.2900464080752,7.0,7.243912888461637,9.734044981922125,13.085305246922507,No,0.0,Yes
9.633825667761702,20.819113798028937,0.0,5.287254236696359,8.08676513355234,SW,66.74019370248699,N,SSW,17.73530267104681,33.0,61.867651335523405,42.43627118348179,1013.4676416416704,1009.0240145233222,4.651961259502601,5.044116221492199,14.0181355917409,18.6362711834818,No,0.0,Yes
0.5,11.0,0.0,1.0,0.9,NNW,31.0,SE,NW,0.0,15.0,92.0,69.0,1024.4,1021.9,7.0,7.0,2.8,10.7,No,0.0,No
13.7,23.4,3.6,5.8,3.3,NW,85.0,N,NNE,6.0,6.0,82.0,69.0,1009.5,1007.2,8.0,7.0,15.4,20.2,Yes,39.8,Yes
1.2,14.5,0.0,1.2,8.9,SE,17.0,SE,SSW,6.0,6.0,74.0,43.0,1026.7,1023.5,0.0,1.0,6.5,13.9,No,0.0,No
15.613876063206476,27.95577777205823,0.0,5.926478632918598,10.116970088659832,ESE,46.73521367081402,S,NNW,8.367606835407011,15.73521367081402,67.63239316459298,39.58098291148247,1015.4668333290437,1011.8197905948808,6.0,6.051410253110516,19.581482898613487,27.013102556843137,No,0.0,Yes
16.800734325072856,28.28526844549148,5.542542432111634,7.802202975218563,4.884534120418627,ESE,39.57090405351939,NE,NNW,11.001835812682137,15.569068240837254,70.28178040139542,48.71454797324031,1014.1147315545086,1011.5154658795814,5.572739866201526,7.714547973240305,21.28581918929612,26.84235885084342,Yes,7.89113690355672,Yes
15.980266022802184,20.197823458759625,6.044014511588971,4.580217654124038,7.026360338275234,SE,71.04401451158897,N,WNW,33.34074969972841,31.35163240593028,79.83530834662747,52.08802902317794,1002.3570737590312,1000.6296251501358,6.64836759406972,3.4505441353100936,17.08575574458127,18.068149939945684,Yes,6.077021383164214,Yes
15.107943659788605,17.144566089706913,0.82212315435331,7.750654982926925,0.8957226514530842,SSE,49.4788626880902,NW,SE,12.189992913843366,14.60530555529974,75.23910169005158,80.39616282744564,1009.6784025771532,1010.6304277259964,6.89108433222524,7.422978397337801,15.110308299366952,14.389947053759633,No,0.4628795240374529,Yes
18.15991667710864,22.646412268611048,1.8,7.995780702853541,0.0801666457827172,ENE,33.358640257449,SSE,ENE,6.936710542803118,12.873421085606235,91.91561405707084,75.57807028535412,1014.345149137096,1011.43460089423,7.978903514267706,7.978903514267706,18.478903514267703,22.14008332289136,Yes,2.1738635945263862,Yes
6.399482000519847,25.90232646053877,1.024330577205833,6.115054248858549,7.9597361179468145,SSW,69.97348091122167,NE,NNW,5.292854968207458,34.76949738337834,57.35744889720331,44.343622292049645,1021.3345086833212,1015.9152515009422,3.837247723294244,7.096359277773777,15.549118253819636,22.838460225776096,No,4.174193189575947,Yes
11.148622993671523,29.348093161225517,0.0,7.020762735509794,8.468855896735308,ENE,39.89618632245103,SSE,WNW,2.0,10.792372644902056,71.27860258161728,33.240465806127574,1012.3792372644904,1009.592902477348,1.5519068387744857,7.448093161225515,17.4,28.82404658061276,No,0.0,Yes
0.3504061112816723,16.565944691054806,0.0,1.899729259145552,4.864590986782563,NNW,38.00270740854448,SSE,WNW,3.667569136181494,8.32701604672954,80.83378456809075,44.16892284045374,1023.6667569136182,1017.6994585182912,6.002707408544483,7.002707408544483,6.299729259145552,15.78229549339128,No,0.0,Yes
3.7421396917228207,9.351827895083945,1.5960154607316277,2.375552964921697,0.7405011934640335,W,66.04352320951675,NW,NW,18.287565315104075,27.879690663137453,64.15037714314438,82.62006785159119,1004.7501262024704,1000.5786454944868,8.0,7.011299221431194,9.67815156658014,7.803902572560624,No,0.6519666006147431,Yes
0.5,20.0,0.0,6.2,11.5,NNW,31.0,S,N,2.0,9.0,69.0,22.0,1026.2,1024.2,0.0,1.0,8.1,18.8,No,0.0,No
14.764164137645238,19.96558637886974,5.706598275981151,5.296246206467857,0.6240615516169643,NW,34.67917931177381,S,NE,7.532991379905754,10.985777587754962,93.30659827598114,88.14618793186806,1010.1306598275982,1007.9561436204395,8.0,8.0,16.53868034480377,18.957565861664087,Yes,5.481256024706076,Yes
7.433950559734923,20.25627755605845,2.4797443492263094,3.2342063024366854,8.232724740685569,W,39.48402709282794,SSE,NW,11.975277029714013,14.182701017101502,96.00680993606716,57.06462969956279,1018.7045871618972,1013.2368371097906,5.121024901861403,1.7799447020451131,11.230431997374785,18.815767707832688,Yes,2.100945532153775,Yes
20.9,35.52671457568136,1.0623188843923026,13.77636450513188,7.407580977893826,SW,49.111737645607775,E,WNW,4.581484822254134,17.38833073524189,61.86265499035832,28.306907899192293,1007.6653437208124,1002.6571633914892,6.929803533617855,2.208556763186114,23.40335406441612,34.42257256218882,No,2.8568562052009305,Yes
7.597795397850096,14.969535672969805,0.4962476410827717,0.6,0.7593808972930707,NE,18.860928654060395,S,NNE,7.860928654060394,9.48123820541386,97.48123820541386,77.26711968112969,1026.221857308121,1024.352321635151,8.0,7.620309551353465,10.69514534000782,14.055628538375842,No,0.1023198519763786,Yes
12.4,32.3,0.6,7.4,13.0,E,39.0,NNE,W,4.0,17.0,60.0,25.0,1017.1,1013.3,1.0,3.0,20.2,31.2,No,0.0,No
10.356031405139415,18.97499611952361,0.3603450952052682,5.286550600137874,4.026205504932605,SW,62.44138038082107,NE,NNW,13.882760761642146,22.882760761642142,71.67585885753678,78.16207057123161,1001.45396704267,999.7648282284928,7.360345095205268,7.0,14.909135709796272,16.083962386098364,No,0.0,Yes
12.81301596590746,19.35524477333824,1.0688664385647966,6.346978293552702,0.747001332054819,NE,21.600313027074773,NE,ENE,6.681858388965958,5.564597987085975,72.74245568101726,53.01582142574302,1018.351692074751,1016.6453496636456,8.0,7.955954499135445,15.80945198946362,19.81706809634361,No,0.486353906346062,Yes
5.6,19.5,0.0,2.8,6.8,SW,17.0,S,WNW,9.0,6.0,69.0,49.0,1025.7,1021.8,6.0,4.0,14.3,18.6,No,0.0,No
-0.3337446833871918,17.634978733548767,0.0,1.8699574670975343,8.501234050161575,SSW,36.97531899676849,S,NNW,4.650212664512328,16.68723416935959,80.66255316612808,45.300425329024655,1024.8251063322562,1020.7539148149972,1.0,3.9876594983842457,6.402468100323151,17.368723416935957,No,0.4036071706855294,Yes
13.191318448408143,19.331621892711944,9.598895523067815,8.754337518764624,6.271112352424389,NNW,67.96772416048834,N,NW,38.68666428554804,30.36608322372981,69.33526923136802,40.69717879054683,1007.740023933652,1005.979407767781,7.359209817030289,1.1075834424389348,16.309416863195914,18.60323099350064,Yes,8.355201044581518,Yes
2.1,17.3,0.0,1.6,9.2,W,43.0,SSW,WNW,6.0,28.0,81.0,38.0,1020.0,1017.3,1.0,2.0,8.7,15.9,No,0.0,No
-1.3406325318535823,9.578960244492176,0.381991152769518,1.7174985836476582,1.9902890879936983,SSE,26.794771087004644,SSE,WSW,6.139487023116586,14.129244733806694,93.10883846309753,65.0025004249184,1013.1635236174554,1010.2133387482264,6.86900622076908,7.060451589242184,0.6848750858798176,7.355219078793501,No,0.1839344347664407,Yes
1.5,20.9,0.0,2.4,9.3,NW,20.0,NW,NNW,2.0,9.0,80.0,41.0,1023.2,1020.0,1.0,1.0,8.4,20.9,No,0.0,No
4.6,22.0,0.0,4.4,11.0,N,41.0,NNW,N,6.0,19.0,82.0,25.0,1028.8,1024.9,1.0,2.0,10.0,21.4,No,0.0,No
10.164059482007245,19.600177762590413,4.328474489195319,6.397866848915019,7.334518417269434,NW,87.68503546767623,NNW,NNW,33.66192633092226,44.67970258996378,65.66192633092226,36.32740791365283,1008.5010665755424,1002.9973335611438,4.330963165461132,4.336296043173586,15.96601487050181,18.400177762590413,Yes,3.378086771373288,Yes
10.2,15.0,4.8,0.2,0.5,NW,46.0,NNW,NW,22.0,17.0,90.0,65.0,1022.9,1022.1,7.0,7.0,12.9,13.7,Yes,0.2,No
8.1,18.7,0.0,4.4,7.1,ESE,33.0,SSE,ESE,11.0,30.0,66.0,65.0,1028.2,1024.2,4.0,7.0,13.5,15.6,No,0.0,No
-1.8,14.8,0.0,1.4,7.0,N,28.0,E,N,2.0,19.0,80.0,40.0,1024.2,1020.5,1.0,7.0,5.3,13.9,No,0.0,No
-1.6,10.7,1.4,0.8,9.1,S,59.0,SSW,S,28.0,37.0,74.0,56.0,1014.1,1014.9,2.0,4.0,5.6,9.6,Yes,0.0,No
14.757091903713974,20.715550485003806,0.0,9.478002973163386,0.1634922922565124,ESE,40.24750585580684,ESE,ESE,16.758684981056337,18.654884717162744,64.13466201551425,57.22621131550396,1016.8782919308238,1015.1615667116964,7.783739871967902,8.0,17.077936779425627,19.666219148666,No,0.0,Yes
11.887011305312493,28.4118838582735,0.0,7.163945698321224,8.262676202632127,ESE,37.525775924161685,SSE,WNW,2.2517567377414816,10.003392695321228,75.8964559153706,29.50747153642561,1011.8015777720772,1010.3069202554884,2.0435815627819585,7.118467626301434,17.711125455592438,28.87242214123521,No,0.0,Yes
14.699396278029704,29.173037903596537,6.047886973103964,2.126962096403463,8.301207443940593,N,40.74849069507426,NNW,S,5.74849069507426,21.37122673768565,80.87424534753713,46.49094417044556,1012.8371226737686,1008.3125754652464,2.377263957388611,6.496981390148519,20.559858716379956,27.885613368842822,Yes,5.624580861390912,Yes
5.609749652678783,24.791699583214537,0.0,6.38690005954078,6.783549771760343,SSE,73.11500099234634,NNW,NNW,4.753999603061466,28.950498709949763,54.44249950382683,47.9345002977039,1018.1587991267352,1013.040749057271,3.065499702296099,7.3115000992346335,16.175399960306148,22.51469978168381,No,0.0,Yes
14.27870819697192,21.942270208984883,4.5577297910151175,4.378551498436282,1.4895891462894175,NW,30.57886489550756,NW,NNE,5.157729791015117,9.526810626954648,94.68454041796976,80.9463787460907,1012.5004700956068,1010.9162430747084,8.0,7.578864895507559,16.052524364159826,20.168454041796977,Yes,5.658071296345475,Yes
15.827954867502177,21.306817108326083,0.5271211405550722,6.40333490778841,1.2076508352731865,NE,27.271211405550723,NW,SE,6.0,16.08484562220289,88.63560570277536,69.45757718889855,1015.784845622203,1013.0314370680398,8.0,7.364394297224639,16.881363421665217,20.079695967771013,No,2.413672652218092,Yes
12.0,24.3,0.4,1.2,7.5,NNE,26.0,WSW,NE,6.0,9.0,74.0,57.0,1020.7,1019.2,7.0,5.0,17.8,22.8,No,0.0,No
-0.2,16.2,0.0,3.4,5.9,E,28.0,SE,ENE,0.0,20.0,74.0,45.0,1027.6,1022.9,7.0,6.0,7.3,14.6,No,0.0,No
1.2,14.8,0.0,2.4,6.7,SE,17.0,SE,SSW,11.0,6.0,81.0,49.0,1028.5,1024.8,7.0,1.0,5.3,14.5,No,0.0,No
0.4,19.0,0.0,3.4,8.3,NW,39.0,NE,WNW,2.0,19.0,76.0,41.0,1019.8,1015.8,6.0,5.0,7.7,18.5,No,0.0,No
17.5,29.9,0.0,6.6,8.8,E,43.0,E,ENE,13.0,11.0,74.0,45.0,1018.5,1015.9,8.0,1.0,19.3,27.9,No,0.0,No
12.350649222669094,22.84890778956289,2.098110904304465,6.501593770516861,3.8982585668938015,NNW,44.36865420408843,ENE,N,16.579102802725618,15.386068535150413,68.38606853515041,48.4034828662124,1021.4599470385574,1018.7055196244972,7.0,7.403482866212397,17.0454249233505,21.885773209971735,No,0.8883712336839844,Yes
13.3,31.7,0.2,7.8,11.0,WNW,44.0,ESE,WSW,6.0,28.0,80.0,23.0,1021.6,1017.6,2.0,5.0,17.5,30.7,No,0.0,No
5.0,24.1,0.0,6.2,12.0,NNW,52.0,SE,NNW,0.0,26.0,73.0,34.0,1024.5,1020.7,6.0,1.0,11.6,21.9,No,0.0,No
1.0,11.8,0.0,2.2,7.2,S,48.0,NW,S,7.0,24.0,73.0,49.0,1025.7,1025.6,4.0,1.0,6.5,11.0,No,0.0,No
3.5176293304782917,15.370675992330025,0.8532969838810033,0.7195127485653853,1.3939695678803343,NNW,18.251136822370587,SE,SSE,5.628540273187336,6.520941029245306,95.77925404608382,64.86612167161424,1020.7848757802408,1018.9037993569768,7.89130237705332,7.193449020423208,8.199733125324009,15.100834592272092,No,1.78236411588657,Yes
-0.6437780454915027,11.063947491948174,0.0,2.9587971336550565,4.920169446456672,NNW,40.66522671094733,SE,N,6.97424820853441,25.66522671094733,89.07725537439677,77.69097850241292,1018.2815417592584,1015.748064430353,7.0,7.0,3.727894983896349,5.754078762077739,No,3.408254596326703,Yes
4.5,16.0,1.8,3.0,4.3,NW,35.0,W,NW,9.0,15.0,88.0,69.0,1017.7,1013.7,7.0,7.0,10.0,15.2,Yes,1.0,No
17.539357865782982,31.55135024357936,2.9108972261802037,9.369593902237098,7.343833749793024,NE,56.68158628003347,N,NNE,13.840793140016734,20.0,61.09121829328871,65.60642134217017,1009.3372049544324,1007.130406097763,6.257601524440726,7.128800762220363,23.53399428334728,22.572634512013387,No,3.8234647220649047,Yes
13.693937949254126,21.641416067661165,5.952521881592959,6.34039778010121,3.88013259336707,NNW,31.823229915423543,NNE,NNW,13.723892882258893,16.646459830847085,95.17677008457646,68.53031025372937,1015.6176770084576,1013.553031025373,8.0,5.176770084576458,14.813805355887055,19.7314823643447,Yes,7.702435307701121,Yes
0.4376707015723761,11.357706611379545,0.5544500446004881,3.070525148963727,5.763483194965644,NNE,40.33381632242538,SE,N,7.704924576369036,26.076427673022867,89.72941489064733,79.68517261066717,1018.5208766461247,1016.2766287680824,6.908824293646267,6.896509112753622,3.4180494851715717,5.743592640350979,No,0.0,Yes
13.350750117058828,22.918784454503044,2.675137818012165,2.428413922271811,2.1964482597160235,NNW,29.48224129858012,NNE,SE,4.517758701419882,14.553276104259645,94.92896519432048,72.44672389574035,1016.5507501170588,1014.4365431559228,8.0,7.0,15.765982831277896,20.58121554549696,Yes,1.467480473208231,Yes
9.262372648867084,14.283283377360563,7.445656026227651,2.4768124502728117,0.0,NW,31.19772317876629,ENE,NW,2.6920311256820275,1.2852006619809089,96.50569205308426,93.40683046370113,1025.911743642782,1022.4908329142884,8.0,8.0,11.06123423825023,12.292031125682028,Yes,9.481941380005212,Yes
8.4,11.7,4.8,0.6,0.0,W,26.0,WNW,WNW,6.0,7.0,91.0,86.0,1021.2,1019.2,8.0,7.0,9.7,11.3,Yes,0.6,No
16.7,25.3,0.0,6.2,12.5,ESE,46.0,ESE,ESE,24.0,26.0,56.0,45.0,1016.2,1013.0,6.0,7.0,20.3,23.9,No,0.0,No
1.2,14.5,0.0,1.2,8.9,SE,17.0,SE,SSW,6.0,6.0,74.0,43.0,1026.7,1023.5,0.0,1.0,6.5,13.9,No,0.0,No
14.8,29.5,6.4,1.8,8.1,N,41.0,NW,NW,6.0,22.0,81.0,48.0,1012.9,1008.3,2.0,7.0,21.0,28.2,Yes,11.0,Yes
12.970405768174086,22.606125642434552,4.264280125739536,3.205091662087709,2.8350305540292364,NNW,30.61734294695681,NE,NW,7.292495717102993,14.23468589391362,96.3826570530432,72.14797115912957,1015.7382657053042,1013.914797115913,8.0,6.382657053043189,15.135375214144853,20.17364091944917,Yes,4.468020788148271,Yes
15.1,28.3,14.4,8.8,13.2,NNW,28.0,NNW,NW,6.0,13.0,73.0,44.0,1016.8,1013.4,1.0,5.0,18.3,27.4,Yes,0.0,No
7.1,23.4,0.0,3.4,10.2,ESE,39.0,SE,WSW,2.0,7.0,72.0,29.0,1021.0,1016.9,0.0,1.0,12.7,22.4,No,0.0,No
12.7,28.6,6.6,3.2,8.6,W,50.0,SE,W,7.0,28.0,78.0,42.0,1008.3,1002.3,5.0,5.0,16.5,27.4,Yes,0.0,No
15.970362367318083,24.6177979143344,1.5663621559171728,7.684567164117541,4.288841745721107,S,49.66069734431521,NNW,N,4.262703512081496,7.01797996066983,87.41134625510232,55.07436055260999,1011.889411896229,1008.8757517173832,6.987102603360286,6.911148956478642,16.582493686316088,23.44124578937247,Yes,1.066833465194975,Yes
5.4,15.5,0.0,1.6,5.8,NNE,20.0,SSW,NNE,7.0,7.0,80.0,58.0,1028.6,1025.5,7.0,1.0,9.4,14.9,No,0.0,No
-0.9,14.2,0.0,2.6,7.8,WNW,31.0,SSW,N,7.0,19.0,82.0,34.0,1030.2,1024.4,7.0,6.0,5.3,12.8,No,0.0,No
13.308068106506052,17.124631385825964,6.502914932344686,2.999776887661674,0.1280222794374984,NNW,41.79299480993674,N,N,11.121230771827491,19.17213532256219,94.8913490136692,89.99674528361075,1010.483520016486,1006.76186375699,8.0,7.507805624277171,15.818465165378516,16.417849675278596,Yes,5.867382633711129,Yes
7.5,23.3,0.0,6.8,10.9,WNW,65.0,N,NW,15.0,41.0,46.0,15.0,1012.5,1010.9,1.0,0.0,18.3,21.3,No,0.0,No
16.746890024166408,24.195235502256025,0.0,4.8419057990975904,7.289633413888024,SW,42.321570762847976,NW,NE,7.321570762847979,7.321570762847979,70.75518329305599,74.75518329305599,1013.650418795312,1011.1979266827776,6.188795823263997,7.0,20.404984225068816,21.221790490172825,No,0.9724296503911078,Yes
14.3,35.0,0.0,7.6,10.5,ESE,41.0,ESE,WSW,2.0,9.0,43.0,14.0,1012.6,1008.7,0.0,1.0,23.0,33.6,No,0.0,No
-0.3,17.5,0.0,1.6,8.400000000000002,W,39.0,SE,NNW,6.000000000000001,15.0,81.0,48.00000000000001,1025.5,1021.8,1.0,5.0,6.2,17.200000000000003,No,0.0,Yes
8.3,17.0,0.0,5.6,4.6,E,41.0,SE,E,11.0,24.0,65.0,57.0,1026.2,1024.2,6.0,7.0,12.1,15.5,No,0.0,No
1.2,16.0,0.0,1.4,6.1,NNW,31.0,S,N,6.0,22.0,84.0,38.0,1024.6,1020.9,7.0,6.0,6.5,14.6,No,0.0,No
7.5,16.8,0.0,2.8,3.0,NW,41.0,W,NW,7.0,26.0,70.0,53.0,1018.0,1013.8,7.0,7.0,12.5,15.4,No,0.0,No
0.1,21.0,0.0,2.2,9.2,NNW,17.0,WNW,N,2.0,9.0,78.0,36.0,1023.2,1020.3,0.0,1.0,7.6,20.7,No,0.0,No
2.3,12.8,0.0,2.2,9.6,WNW,35.0,ENE,WNW,4.0,24.0,70.0,48.0,1021.2,1018.1,1.0,1.0,7.8,11.6,No,0.0,No
15.1,28.3,14.4,8.8,13.2,NNW,28.0,NNW,NW,6.0,13.0,73.0,44.0,1016.8,1013.4,1.0,5.0,18.3,27.4,Yes,0.0,No
4.6,14.7,0.0,4.4,8.4,WNW,52.0,WNW,NW,28.0,33.0,54.0,51.0,1014.7,1012.4,1.0,3.0,9.2,12.0,No,0.0,No
6.5,25.7,0.0,4.8,10.5,NNW,50.0,NNW,NW,2.0,24.0,62.0,25.0,1022.8,1016.4,5.0,1.0,15.9,24.7,No,0.0,No
13.42553161674802,23.47216070295795,4.601660581471569,5.919210271820966,3.1762814197814118,NW,86.97063937113523,N,NNE,6.140280876924428,5.020690397260919,80.820782711741,69.04941806630978,1008.5310569124182,1007.3619104452122,7.983165662188539,6.9526779262934175,15.25775941201672,21.13458849191925,Yes,4.266751047219111,Yes
9.8,14.4,0.8,0.6,0.0,ESE,20.0,S,ESE,9.0,11.0,99.0,86.0,1028.5,1027.2,8.0,8.0,12.1,13.6,No,3.8,Yes
7.658338726790098,24.374990291777824,0.0,5.901850173887525,7.69166774535802,SSW,68.93517919245545,NE,NW,9.833354907160391,33.0,57.9166774535802,45.50925086943762,1018.4722085587985,1013.7212834718548,4.212964161508911,6.361107515473268,15.554625434718814,21.709250869437625,No,0.0,Yes
9.2,20.4,17.4,7.8,10.2,ENE,39.0,N,N,9.0,20.0,59.0,49.0,1009.5,1009.1,1.0,7.0,14.9,18.8,Yes,0.0,No
12.673715467557876,23.082206611279133,3.3288264451165333,1.6813412055811048,2.289832349302362,NNW,29.94916174651181,N,NW,4.05083825348819,13.152514760464571,96.79664698604724,73.84748523953543,1015.873715467558,1014.1330448647674,8.0,7.0,15.345754428139372,20.417793388720867,Yes,2.293869868638218,Yes
1.1,18.0,0.0,1.6,8.6,NNW,39.0,NNW,NNW,2.0,28.0,82.0,36.0,1021.0,1015.6,4.0,1.0,7.0,17.8,No,0.0,No
12.05789854532826,22.77473912719696,3.26201053881083,1.7577022413590515,2.8322450645867985,NW,30.887075107644662,NE,NW,4.887075107644664,13.197127801698814,96.9014360991506,72.22584978471068,1016.0562661422084,1014.0704308297452,7.704308297451778,6.507180495752964,14.846606056092728,20.27186692889577,Yes,2.229515997646244,Yes
3.1,12.5,1.2,1.4,7.2,N,43.0,WNW,N,6.0,30.0,69.0,62.0,1019.8,1019.1,6.0,2.0,7.6,11.3,Yes,0.0,No
3.5692299094059474,22.343075891287132,0.0,6.736703444101837,5.442636797609622,NW,78.9450574016973,SE,NW,2.4219770393210824,21.37142537779352,51.52747129915135,49.68351722050919,1013.0283494865064,1007.5021954683876,1.3164827794908118,7.89450574016973,15.94219770393211,21.232087371626594,No,2.110374931985377,Yes
14.656324848720429,26.96173899406088,5.442165658136181,4.098802420473165,7.0463822239498,S,44.35242019652337,NW,SSE,7.436751512795729,19.60541414534045,87.70484039304674,53.74700605118292,1011.8942739410428,1007.581624243602,4.873503025591456,6.042165658136181,18.50963071115407,25.51806384278131,Yes,6.703967282641553,Yes
7.573292195437095,16.829044006281407,0.0,1.4193789089002438,8.911203020530262,NNE,29.3822724173602,SE,NE,6.471565445232388,18.13470222734122,75.45973471644068,60.90065304166796,1032.027485743383,1028.5892651940976,7.275268724019615,6.979019052042245,12.102754260871302,14.679296435778175,No,0.0,Yes
2.3,12.2,0.0,2.8,9.8,WNW,44.0,WNW,NW,20.0,30.0,58.0,41.0,1024.2,1022.4,1.0,1.0,6.5,10.4,No,0.0,No
16.795343342491957,28.150140994248947,0.0,10.08438381214056,5.125482050958301,N,51.10959530351398,N,NE,15.789040469648604,19.605479765175694,59.97260117412151,59.238358356229895,1012.0506821134188,1009.9268462777956,6.789040469648603,7.394520234824301,21.856714426677183,21.88246703722037,No,0.0,Yes
13.580423816521057,20.598956360940957,6.97128402363259,8.703921597593226,5.214357988183705,NW,33.67362426039365,NNW,NNW,19.21410502954074,18.550917159737565,94.22454142013122,63.98956360940952,1015.8255850591904,1013.2673624260394,7.663187869803173,3.7754585798687823,14.073371301750688,19.27754585798688,Yes,8.45390521052498,Yes
1.3,19.0,0.0,2.2,9.4,NNW,30.0,SE,NW,7.0,15.0,87.0,34.0,1024.7,1021.4,1.0,2.0,7.9,18.6,No,0.0,No
10.6,15.1,3.8,0.2,2.6,SSE,41.0,SE,SE,9.0,20.0,78.0,65.0,1028.2,1025.7,8.0,7.0,11.5,13.3,Yes,0.0,No
6.9,18.9,0.0,4.2,4.1,ESE,39.0,SSE,SE,15.0,9.0,68.0,45.0,1028.2,1025.4,5.0,4.0,13.8,17.8,No,0.0,No
3.842075859788189,21.77151573040657,0.0,3.5415980592757137,6.911441487888619,WNW,36.41120258763238,SSE,SSW,6.0,12.41120258763238,77.11680388144858,37.644810350529525,1021.422644075521,1017.9168038814486,4.883196118551427,3.705601293816191,9.630156571387094,21.40679579509738,No,0.0,Yes
0.4,15.5,0.0,1.0,4.7,N,13.0,N,NNW,6.0,9.0,97.0,70.0,1026.7,1023.5,5.0,7.0,4.0,15.0,No,0.0,No
7.160599684112181,13.119114552583852,0.8,0.9105176842220964,0.0776294210555241,NNW,25.82220657916431,S,ESE,5.506676052501415,11.77629421055524,99.0,89.8814710527762,1026.908596868362,1024.8323026578066,7.61185289472238,8.0,9.8487467893898,11.659264473611897,No,1.3520629887847495,Yes
6.3,11.8,0.0,2.6,6.5,WNW,63.0,NNW,WNW,20.0,28.0,81.0,48.0,1018.7,1020.4,6.0,1.0,7.0,11.5,No,0.0,No
3.2,18.0,0.0,7.4,12.2,SSE,48.0,SSE,S,26.0,15.0,47.0,25.0,1026.6,1022.8,1.0,2.0,9.1,16.3,No,0.0,No
15.1,26.2,0.0,9.0,9.8,NE,31.0,SE,NNE,4.0,15.0,59.0,48.0,1022.1,1018.7,1.0,4.0,19.7,24.5,No,0.0,No
13.269652479391953,16.091776651856947,35.24787190879273,7.442780164864388,8.629613430575247,NW,55.97258883952315,SW,SW,31.36563842736218,24.91042561824145,63.36563842736218,54.02741116047685,1005.7731276854724,1006.8482623969596,2.758688015201211,6.089574381758546,13.985560329728775,14.722124172464992,Yes,36.40602481904894,Yes
0.3960028402911792,16.738071700540377,0.0,1.669596659081933,4.006600579266175,NNW,39.16727925563352,SSW,WSW,4.768281565528251,5.060250931261823,81.05031446503735,45.95705358604235,1023.125572981512,1018.296312335186,7.3326924622579135,7.803580634880923,6.708612037032559,14.78360216898819,No,0.0,Yes
13.2,31.3,0.0,6.6,11.6,WSW,46.0,N,WNW,4.0,26.0,71.0,28.0,1013.1,1009.5,1.0,4.0,19.7,30.7,No,0.0,No
-0.8310748448566684,11.989360238281645,0.0,1.7501934574497855,0.0,WNW,42.174655085704906,SE,NE,0.038047820705213,6.832898625062304,93.3087199599436,86.83196316166624,1014.4784561100832,1009.748907393195,7.142420848325307,7.9374230417064595,2.3987901055603835,8.636019903600989,No,0.0,Yes
8.4,22.8,16.2,5.4,7.7,E,31.0,S,ESE,7.0,6.0,82.0,32.0,1024.1,1020.7,7.0,1.0,13.3,21.7,Yes,0.0,No
12.3,30.2,0.0,6.0,12.6,NW,78.0,NW,WNW,31.0,35.0,43.0,13.0,1009.6,1009.2,1.0,1.0,23.8,28.6,No,0.0,No
11.3,27.4,0.2,7.6,12.1,NW,52.0,SE,NW,6.0,31.0,60.0,20.0,1021.4,1017.5,1.0,1.0,16.4,26.3,No,0.0,No
4.9,18.9,0.0,9.6,9.4,NW,44.0,S,NW,6.0,22.0,41.0,32.0,1015.2,1013.9,2.0,7.0,14.9,16.0,No,0.0,No
12.432420997321914,24.572000022359227,0.3006315742401629,3.1962105545590225,3.033894856875846,NNW,30.248421064399597,SSW,NW,6.248421064399593,7.738947450797149,80.76421042040367,45.27368403400611,1016.9267368291604,1012.9025262969608,6.261052549202851,6.503157871200815,16.6292631261211,23.448421064399597,No,1.9170085342428649,Yes
6.11594642974574,17.904408542994723,0.0,4.980299710964259,5.944652992182778,S,61.65197152335093,NNW,NW,25.03564671878148,30.276735039086116,64.38367519543056,55.09850144517871,1006.5752364842648,1000.713604003808,4.794558398476851,6.2410883203046295,13.26688489456824,15.70797321487287,No,0.9974396638233471,Yes
-0.7962223888532136,11.060755522229355,0.0784889555412854,2.529066266752287,3.0377761114678643,SE,41.0,SE,N,4.25288655605501,18.151104445871457,90.17733433311928,81.53200299935784,1016.8302208891744,1013.1921310338256,7.0,7.3924447777064275,3.2505773112110017,6.877334333119281,No,0.0,Yes
0.3334612091553821,16.549808186266926,0.0,1.7583653022888457,4.995146000789821,NW,39.0,SSW,W,4.416346977111544,7.873561397001951,81.0,45.62452046566732,1024.0747122794005,1018.39514600079,5.750959068665366,7.375479534332683,6.2,15.77471227940039,No,0.0,Yes
11.667099707256972,28.93207653869107,0.1709143707437987,8.467216123507619,7.288073253260055,E,49.02739811374083,SE,ENE,5.893591118904006,9.396681975297758,54.59298079384517,34.23546228431311,1021.696800411572,1018.549773851016,0.1016400799875187,6.566869630554495,16.402568812611733,28.298337338122995,No,0.7360925325834402,Yes
5.505404244236867,15.510671316145638,0.2076419647223264,0.6,1.480895088194184,NNE,17.778657367708725,SE,S,6.778657367708724,8.038209823611632,96.03820982361164,68.96970648576688,1024.0573147354175,1021.646643419272,8.0,7.259552455902908,9.36034408684076,14.488537052916511,No,0.0,Yes
12.941390573085467,19.632494425985943,18.1388738510433,2.3520309016241217,0.7276600821346635,SE,45.31721885382906,ESE,SE,10.317218853829065,18.80077254060304,83.67891844315575,88.80077254060303,1014.0885871308584,1013.2125716800464,7.760154508120608,7.760154508120608,16.160540778422128,15.412571680046248,Yes,18.18087034689718,Yes
14.4,24.3,0.0,9.4,11.1,WNW,52.0,NW,NW,31.0,30.0,36.0,25.0,1010.5,1009.9,1.0,1.0,20.4,23.0,No,0.0,No
14.35608881789264,29.425783417009058,0.0,6.9324077894411325,8.45957952228849,E,48.87108291495472,SE,ESE,8.128917085045282,13.51566834018113,62.209043967749054,36.25783417009057,1018.8341531416391,1014.9341531416392,3.386751255135848,7.0,19.87072587859509,28.490241959531694,No,0.0,Yes
15.954847164857938,19.689349342842338,2.00255020651142,9.244515283514206,1.0906244460980496,ENE,27.55803492299721,ESE,ENE,9.116069845994428,12.780611340568244,89.33545850542619,70.44196507700279,1011.768366804341,1009.8570785955554,8.0,7.109694329715878,16.05484716485794,18.52257641757103,No,1.9514121887749245,Yes
-2.6,11.1,0.2,1.4,6.5,N,20.0,E,NNW,2.0,7.0,87.0,54.0,1027.1,1022.7,1.0,7.0,0.8,9.9,No,0.0,No
11.3,32.3,0.0,9.4,11.4,NE,28.0,ENE,WNW,4.0,6.0,44.0,17.0,1024.3,1020.7,5.0,2.0,18.2,30.5,No,0.0,No
9.5,27.4,3.0,4.8,11.5,NNW,24.0,SSE,NNW,6.0,9.0,79.0,39.0,1024.7,1020.7,1.0,7.0,14.0,24.9,Yes,0.0,No
9.433461871623408,14.222121202405477,0.8,0.6431221327501874,0.0107805331875468,N,20.808539989066013,S,ESE,8.514876006560392,11.107805331875468,99.0,86.53902665937734,1028.2789990696554,1026.8711937377798,7.946097334062266,8.0,11.78736453756114,13.330486670311329,No,0.0,Yes
12.5,26.9,0.0,5.0,7.1,NW,46.0,SSW,WNW,6.0,28.0,69.0,39.0,1021.0,1016.2,6.0,7.0,15.8,25.9,No,0.0,No
17.150024949985735,28.00786503836277,0.1153807769252718,8.207765238419835,6.265455626882472,NNE,53.80786503836277,SE,NNW,13.84619223074728,28.653558269395383,66.07665438476903,60.846192230747285,1008.1538576692242,1005.2346441730604,6.576903884626359,7.0,22.19238446149456,21.423146015345107,No,0.9206240668302806,Yes
14.781886226007684,21.547310063954548,7.313585330494237,9.495471556501922,4.744858720684379,NNW,33.71603667376441,NNW,NNW,19.16462388060819,18.283963326235597,90.65849552243276,63.09056886996158,1015.3925944989352,1013.1522642217492,7.880660554372599,4.477357782509605,15.323442174829069,20.135376119391807,Yes,5.046163109769651,Yes
12.1,27.5,0.0,7.4,11.7,NE,35.0,SSE,E,7.0,15.0,69.0,40.0,1011.8,1007.4,7.0,2.0,18.6,26.8,No,0.0,No
8.5927751367472,22.69300475385504,0.0,5.611136624123093,7.87855502734944,SW,67.89691651472533,NE,SE,13.571100546988804,33.0,59.7855502734944,44.05568312061546,1016.1049696535738,1011.4994013415122,4.420616697054934,5.738149908835199,14.827841560307734,20.255683120615465,No,0.0,Yes
4.6,15.7,0.0,1.0,0.6,NNE,15.0,SSE,NNE,6.0,6.0,85.0,67.0,1030.3,1027.1,7.0,7.0,9.9,15.5,No,0.8,No
14.37383063718234,18.354128798826743,34.176518505281955,8.132537132289928,8.789154289236691,S,53.43482598043035,SW,W,26.32636887279726,23.01094546575311,61.85870649510758,52.043781863012434,1005.796716360274,1006.4348259804304,2.7064675244620657,6.293532475537935,14.927064399413371,16.91174074735902,Yes,33.28293565190429,Yes
7.309619622854934,24.08508153601227,0.7850045608342703,3.3562709380903804,5.994703073688831,NW,28.51693966213952,SW,NW,6.7784975781604055,20.02761385896129,67.31278136209428,30.993996873214243,1019.654532644759,1015.2506155929864,7.148852537498046,7.064552692790204,14.905375181548113,22.706662689387542,No,1.7407620241608643,Yes
14.74042177979164,27.154840976280667,0.0375288504156452,7.148350704138502,7.632577244855577,NW,64.56084533933283,N,NNW,7.197375613854559,48.69609799459591,66.33212199137006,64.66278652499008,1016.4069630402624,1014.2734734649752,6.615094919039831,6.719658628943894,19.41672636352425,18.71662028273214,No,1.2580226136660977,Yes
0.4,19.0,0.0,3.4,8.3,NW,39.0,NE,WNW,2.0,19.0,76.0,41.0,1019.8,1015.8,6.0,5.0,7.7,18.5,No,0.0,No
10.186137063858975,21.651682238315388,2.7855621617095574,2.3022146723319343,4.669974519120278,SE,33.94995753186713,NNW,NW,7.94995753186713,13.877768340414915,96.56111582979254,66.10008493626574,1016.9410988425392,1013.9683347489378,6.683347489377623,4.805579148962705,13.28113281704569,19.829450578730302,Yes,1.663035237135652,Yes
15.6,33.4,0.0,8.0,10.4,NE,33.0,NNW,NNW,2.0,13.0,61.0,27.0,1018.5,1013.7,0.0,1.0,22.8,32.0,No,0.0,No
4.4,18.3,0.0,4.6,9.6,N,33.0,SE,N,7.0,17.0,80.0,36.0,1014.8,1012.6,1.0,2.0,8.4,17.4,No,0.0,No
7.5,20.9,0.0,6.6,8.7,ENE,39.0,SE,E,13.0,20.0,61.0,43.0,1020.6,1018.3,6.0,7.0,15.3,19.8,No,0.0,No
9.33177235897252,26.18197651566573,0.0,6.116090336179475,9.70234146154122,NNW,50.0,NE,NNW,17.603866296309576,22.866594387481754,48.6588617948626,31.552953931620863,1016.4612032564038,1012.5612032564038,2.447046068379133,2.105907863241734,17.5,25.57922674073809,No,3.741917924276225,Yes
17.530209946907544,21.409262127835635,1.2790521809280904,8.446526702061636,0.0,ENE,30.39526090464045,NW,ENE,6.627894414948636,12.255788829897272,90.51157765979454,74.51157765979454,1013.02320933531,1010.5325254788664,8.0,8.0,17.755788829897273,20.68599877680482,Yes,2.696609197720742,Yes
9.5,27.4,3.0,4.8,11.5,NNW,24.0,SSE,NNW,6.0,9.0,79.0,39.0,1024.7,1020.7,1.0,7.0,14.0,24.9,Yes,0.0,No
-1.7658249328778153,10.920642318018798,0.0,1.923853908112786,4.2825692720751904,S,49.071095689154106,SE,SSE,0.7224811306579175,26.0,79.13532749103388,72.61926954056393,1020.5522921837744,1018.85940175269,3.4128463603759527,7.896788409906012,5.32454029684022,7.0451826148590175,No,0.0,Yes
8.5,27.3,0.2,7.2,12.5,E,41.0,E,NW,2.0,15.0,54.0,35.0,1023.8,1019.9,0.0,3.0,16.8,26.0,No,0.0,No
15.258235450882715,24.233823614610174,1.822647055415593,7.279117725441357,4.241617580604066,SE,48.75441195214238,NNW,N,5.0191174937016925,7.905882216623726,88.90588221662372,56.0,1012.5473528287146,1009.011470496221,6.773529445844068,6.433823614610171,16.73000011586983,23.445147142317968,Yes,2.305852679442505,Yes
15.269708775184505,19.721164899261996,19.37553327149445,4.606214077398531,0.0302912248154976,NNE,34.21164899261991,S,NNE,8.545631627767536,14.060192868542416,90.48543875922512,88.30291224815498,1009.6541735816884,1007.2267946050276,8.0,8.0,17.848543875922513,18.251650914621777,Yes,19.654735671227535,Yes
14.02114796499295,26.144898612390868,3.651093229025383,4.462854272593784,9.224672819538238,ENE,37.30056740630498,E,W,3.1641166355979675,16.597230526412527,80.04681636344479,36.112384960015525,1012.1048902915306,1008.3687542116844,4.878958967562737,3.0126614359318213,17.680285852722534,25.399404415555924,Yes,4.666277146806999,Yes
15.267295228778847,19.600495526836685,18.71476938409033,5.000991053673369,0.0396421469347307,NE,33.32209244384469,SSE,NNE,9.10901590407051,13.193255466306812,91.8562972173616,87.72746023982373,1008.7019821073468,1005.9777012923493,7.975223658165794,7.990089463266317,17.98810735591958,18.59950447316332,Yes,21.09073748781825,Yes
15.351429030519435,19.98571772889578,15.354254955197732,5.360003213636058,0.2314306373374657,NNE,32.485709694805635,SSE,NNE,8.228564542208447,11.457129084416897,92.2571451525972,87.48570969480564,1009.0600032136362,1006.6685773967528,8.0,8.0,17.63999678636394,18.96000321363606,Yes,18.791301310979453,Yes
7.6,16.1,2.8,5.6,10.6,SSE,50.0,SSE,ESE,20.0,28.0,68.0,49.0,1018.3,1018.5,7.0,7.0,11.1,15.4,Yes,0.0,No
11.6,19.6,0.0,2.8,1.6,E,33.0,SE,ESE,6.0,17.0,71.0,64.0,1023.6,1021.8,7.0,8.0,14.0,17.9,No,0.0,No
9.1,25.2,0.0,4.2,11.9,N,30.0,SE,NW,6.0,9.0,74.0,34.0,1024.4,1021.1,1.0,2.0,14.6,24.0,No,0.2,No
14.7,34.2,0.0,6.6,12.8,NE,33.0,WNW,NW,6.0,11.0,64.0,25.0,1017.8,1013.3,1.0,1.0,21.3,32.2,No,0.0,No
12.00914423752553,29.276771062700032,0.0,7.900988092449781,7.826277016475143,E,49.61614468649983,SE,ENE,7.383855313500168,10.535421254000674,58.111204224250926,34.76771062700033,1020.6595544819246,1016.7595544819246,1.151565940500505,7.0,18.306096158350357,27.96869871945012,No,1.514856166007168,Yes
7.1,23.4,0.0,3.4,10.2,ESE,39.0,SE,WSW,2.0,7.0,72.0,29.0,1021.0,1016.9,0.0,1.0,12.7,22.4,No,0.0,No
11.7,30.2,0.0,7.8,11.2,NE,33.0,ESE,NNW,9.0,13.0,73.0,22.0,1024.3,1020.6,1.0,0.0,17.7,28.8,No,0.0,No
9.5,27.4,3.0,4.8,11.5,NNW,24.0,SSE,NNW,6.0,9.0,79.0,39.0,1024.7,1020.7,1.0,7.0,14.0,24.9,Yes,0.0,No
16.290519235050912,28.595041893004804,5.76120604212104,6.271557705152727,5.704522657953897,ESE,39.935343403535065,NNE,NNW,9.726298087627272,17.209045315907794,73.01507552651299,48.532328298232464,1013.8049581069952,1010.695477342046,4.661641491162338,7.532328298232468,21.212931319292988,27.18857623335831,Yes,4.712472805126308,Yes
12.803922737534052,24.498824838417207,0.0,6.343900741004288,12.214311996389492,NW,44.87237854871365,NNW,WNW,7.871240282477425,11.646134812602831,67.21065455066493,44.47025871787353,1013.07617154799,1010.9387065350928,6.371615674505483,4.091411423682342,15.205938845851492,22.84439589540285,No,0.4459038577968387,Yes
11.844535711127596,17.549690149574943,0.5789691123105304,1.5946389946026138,2.431339764584167,NNE,25.802060801848583,S,ESE,8.17113417116449,9.618556951940816,90.98763032125672,82.68453668465796,1024.6319594654344,1022.8622688290944,7.447422780776327,7.723711390388163,14.69711293035127,16.086597486506534,No,0.0,Yes
8.9,27.1,0.0,4.4,12.7,E,35.0,NNW,N,6.0,11.0,63.0,37.0,1018.1,1012.5,1.0,2.0,15.8,25.0,No,0.0,No
-1.8,14.8,0.0,1.4,7.0,N,28.0,E,N,2.0,19.0,80.0,40.0,1024.2,1020.5,1.0,7.0,5.3,13.9,No,0.0,No
9.825763681055834,20.304803067546526,0.0,6.09178237591755,5.829178237591755,S,59.5835647518351,NNE,NW,21.623264361236743,27.790393864906942,70.3342590073404,58.29455939793877,1002.0912269715134,998.0501388511012,6.291782375917551,6.291782375917551,15.421238315711427,17.67959479089494,No,0.0,Yes
10.4,20.9,0.0,4.0,8.9,SSE,33.0,S,S,15.0,17.0,65.0,51.0,1007.7,1006.8,6.0,6.0,13.8,18.7,No,0.0,No
12.506694094657398,24.95234976557436,0.102004696206983,6.487341154808453,11.96496189139242,NW,43.64232572650932,NNW,WSW,6.326293323919368,13.528411463001309,69.79003871288108,43.06650308547768,1013.5248500901054,1009.1474396730488,5.861704937677093,4.013687692765277,15.228984923481278,22.496308618010435,No,1.6906039329449674,Yes
12.5,19.9,0.0,8.4,5.3,ESE,43.0,ENE,ENE,11.0,9.0,63.0,47.0,1024.0,1022.8,3.0,2.0,14.5,18.3,No,0.0,No
1.8920342939396104,10.286570079679027,0.3482554670233003,1.4268598406419408,3.893548211585828,SE,52.61685387344271,NNW,SW,22.2587226648835,31.2587226648835,71.16918986274369,76.13429920320971,1008.8149438379672,1006.5791307171112,4.741277335116502,5.696510934046601,8.36168538734427,8.33930218680932,No,0.0,Yes
14.5,21.8,0.0,8.4,9.8,ENE,43.0,ESE,E,11.0,30.0,69.0,63.0,1015.0,1015.3,7.0,1.0,18.6,20.5,No,0.0,No
8.752393350913083,25.89983834526245,0.0,4.978913335844726,10.45750336221435,NNE,31.210866641552737,SE,NNE,6.947283339611816,12.894566679223631,74.05271666038819,33.89456667922363,1016.2634216472034,1011.9161383075916,1.3162999623291078,4.89456667922363,14.436578352796626,24.173641669805907,No,1.7451081212576,Yes
6.540872597102535,24.13025596254625,0.0778010465475061,4.738312971640011,6.000587551633742,WNW,35.64834205456255,SSW,WNW,5.913554392724993,10.827108785449983,75.56189644728755,33.03734728730008,1018.8801512530824,1015.4801512530825,7.0,3.1728912145500137,11.759336821825022,23.71296684109125,No,0.4801288292478439,Yes
10.560529142358243,18.434840183196396,0.4092613488907233,4.902315337222681,8.29768466277732,SSW,73.44101532087117,NE,SSW,25.79051840139692,37.85997851807734,64.4884233138866,38.20948159860309,1009.3976846627774,1004.3280042963844,4.488423313886596,4.511576686113404,13.516207360558766,16.788313189030415,No,1.3936099123433363,Yes
15.711671573202656,21.3162536262506,0.127680069180769,9.27580482247112,0.051696614149845,ESE,39.51380760146663,ESE,ESE,17.269356675197145,19.25215821518456,63.17664895023345,53.20323271300877,1017.4515265593952,1015.5309402336082,8.0,8.0,17.887525643480693,19.143210135583598,No,2.910624033350746,Yes
11.3,27.4,0.2,7.6,12.1,NW,52.0,SE,NW,6.0,31.0,60.0,20.0,1021.4,1017.5,1.0,1.0,16.4,26.3,No,0.0,No
-1.1388224346422895,11.017104240824263,0.0,2.5026254449455787,4.6684169632970525,NW,44.73030916290816,SE,NNW,4.098648428849209,26.0,84.44073324533447,75.5131272247279,1019.3947491101088,1017.2677800263996,5.342084816485262,7.414478795878685,4.504613952993763,6.321718193818027,No,0.6673519992141812,Yes
11.031524761749452,26.37615142854402,1.5046057141760836,4.7492323809706525,10.28205396828442,N,34.34356825372463,NNE,S,5.746161904853263,14.671784126862317,76.50767619029347,34.83589206343116,1014.5535996826524,1010.3207780953386,2.671784126862315,4.1641079365688425,15.812043491975178,24.82691904757337,No,0.3206503052514071,Yes
-2.7,18.1,0.0,2.2,9.3,W,52.0,SE,WNW,0.0,24.0,85.0,36.0,1017.8,1014.3,1.0,1.0,3.5,16.7,No,0.0,No
0.5,20.0,0.0,6.2,11.5,NNW,31.0,S,N,2.0,9.0,69.0,22.0,1026.2,1024.2,0.0,1.0,8.1,18.8,No,0.0,No
9.0,25.5,0.0,5.6,10.2,NW,50.0,N,NW,20.0,26.0,47.0,31.0,1015.3,1011.4,3.0,1.0,17.5,25.1,No,9.8,Yes
14.556157769951271,25.19212060247249,4.774385133008487,5.70147568077963,6.311823646309336,SSW,46.68965203447029,NNW,W,8.43842230048727,17.93596283252122,92.37930406894058,57.75368920194908,1011.1931043896589,1007.0807888497563,6.876844600974538,5.374385133008487,16.773401345822066,23.648278372423764,Yes,6.389764746675272,Yes
8.3,17.6,0.0,3.4,9.4,WNW,43.0,NW,WNW,17.0,30.0,73.0,43.0,1015.8,1013.5,1.0,1.0,12.4,16.5,No,0.0,No
12.7,25.1,0.0,7.8,12.4,NW,46.0,WNW,WNW,20.0,26.0,57.0,32.0,1007.4,1005.4,1.0,1.0,15.7,24.5,No,0.0,No
14.7,34.2,0.0,6.6,12.8,NE,33.0,WNW,NW,6.0,11.0,64.0,25.0,1017.8,1013.3,1.0,1.0,21.3,32.2,No,0.0,No
11.869049075202284,28.968921539367216,0.0,7.172431384253112,8.241352923620331,ESE,39.137843078734434,SSE,WNW,2.0,9.275686157468876,76.96617690949172,31.344607696836093,1012.2275686157468,1009.175813693304,1.931078460632781,7.068921539367219,17.4,28.63446076968361,No,0.2091908858256143,Yes
17.661528380017433,21.98621711950659,2.495980571148537,7.759081146554919,0.0,E,32.48545532578155,SSE,ENE,5.656147935802035,13.054558861511955,89.8653770134263,78.92857021735867,1014.9375423829616,1010.9927628563776,8.0,8.0,19.28367002490416,21.515267045904476,Yes,2.807757924685809,Yes
13.153099404832192,18.364561605772263,17.76491072482875,8.375204761342466,6.8230407748989705,NNW,63.548538685907545,NNW,SE,36.610526782551375,28.40701785503425,68.61052678255137,46.451461314092455,1006.8221053565104,1006.2654970241608,5.672514879195209,2.5929821449657497,15.850409522684933,17.11146220094007,Yes,18.618724385804157,Yes
0.9,12.9,0.0,2.0,6.8,NW,24.0,W,N,7.0,15.0,92.0,53.0,1025.1,1022.1,7.0,7.0,5.5,12.3,No,0.0,No
0.1,10.4,0.0,1.8,7.9,WNW,59.0,NW,WNW,22.0,24.0,69.0,63.0,1021.3,1020.1,1.0,6.0,7.0,8.6,No,0.0,No
11.7,30.0,1.2,7.2,10.1,S,52.0,SW,NE,6.0,11.0,59.0,26.0,1016.4,1013.0,1.0,5.0,20.1,28.6,Yes,0.6,No
8.579616338835423,25.39483086224469,0.0,4.43042904681853,9.133679878750955,NNE,30.64401815426158,SSE,NNE,6.644018154261581,15.491872920168932,71.86410892556948,32.22009077130791,1017.3815346446584,1012.8747400909368,3.1358910744305133,5.7119636914768375,14.528803630852316,23.98641089255695,No,0.3935829260891733,Yes
15.051377646892576,24.2,3.2972447062148484,6.6,5.584927058918528,SSW,48.52512156846912,S,SW,10.05024313693824,21.72609411622208,88.96110196260511,60.0,1010.0385737257196,1006.222366274684,7.737439215765439,5.525121568469119,17.03403568590243,21.89108588256669,Yes,1.096288587909886,Yes
10.237362582243978,20.177643011763436,0.0537324731550339,6.014929892620136,5.504471397647313,NW,56.58203870802347,S,NW,22.50738924492279,32.07464946310068,69.07464946310068,53.41796129197653,1004.4627131191434,999.5537703238488,6.26866236577517,6.26866236577517,16.038840431228536,17.486585807058063,No,0.0,Yes
-0.9468153185578704,11.046643797144943,0.0,2.679862782869658,4.786575188579772,NW,43.40102912847757,SE,NNE,5.132532900073005,26.0,86.06540884297186,76.39931391434828,1019.0402744342608,1016.7803773471084,5.93287594289886,7.266781014275285,4.253527724267984,6.100171521412928,No,0.0,Yes
2.4,20.6,0.0,2.8,10.1,E,30.0,SE,SSE,9.0,7.0,77.0,34.0,1024.8,1021.0,1.0,2.0,10.6,19.8,No,0.0,No
15.441660431176452,20.662453233823395,9.308751111177685,5.991623018235168,0.6374719402940363,NW,31.583395688235477,SSE,NE,6.875093532353213,8.750187064706425,92.70830215588228,86.58339568823547,1009.6916230182352,1007.841585605294,8.0,8.0,17.008376981764833,19.59162301823517,Yes,10.122268930843829,Yes
20.151640168436675,22.717251810927863,10.727231597262096,4.454447022923651,5.562499079888042,NNW,73.80997458422142,N,WNW,41.0,29.098673305610397,91.13119090611931,62.99758992671916,996.5,996.8,8.0,3.0297882400942333,19.98386893209043,19.721058626498674,Yes,8.035492756267777,Yes
14.078339317088874,30.858801279038204,0.0,7.291810153054129,8.62343638580392,ESE,42.79766036802462,WSW,W,6.2928184477545495,18.14137648225432,73.6317351329263,21.742127420747416,1014.726652231827,1009.8781295632552,7.01016554681661,5.710447748958267,20.160734840380403,29.29410965312451,No,1.546591762152766,Yes
11.820155457877526,22.447106894967234,3.091689367067859,1.509320402078782,2.2727961206236342,NNW,28.821165227024167,NE,NW,4.181359195842436,12.455922412472692,96.81864080415755,73.0025244228666,1016.407553306072,1014.6078057483588,8.0,7.0,14.674310774343596,19.89219425164118,Yes,3.3736861680427657,Yes
15.4,35.0,0.0,9.6,13.0,E,39.0,SSW,ESE,6.0,22.0,55.0,18.0,1017.4,1015.0,1.0,1.0,23.4,34.3,No,0.0,No
15.314212337982202,19.706592534866516,17.847773355192516,5.099486365875409,0.0639555209199056,NE,32.85787662017799,SSE,NNE,8.786814930266981,12.573629860533964,92.071061689911,87.85787662017799,1008.7994863658756,1006.1847603937688,8.0,8.0,17.900513634124593,18.69948636587541,Yes,17.226720435170183,Yes
9.5,27.4,3.0,4.8,11.5,NNW,24.0,SSE,NNW,6.0,9.0,79.0,39.0,1024.7,1020.7,1.0,7.0,14.0,24.9,Yes,0.0,No
20.60503476517844,21.775105484568908,10.90465479019867,4.80233016184306,6.250138354559432,NNW,76.11987952737742,NE,WNW,41.0,31.962833208539685,93.36183436433444,62.34351654141776,996.5,997.0131534149411,8.0,2.8635424106423217,20.604358648281902,20.555560180748365,Yes,11.256838365879224,Yes
0.517331647019138,15.407728977724751,0.0,2.407963189170955,6.398594731322773,W,69.97423674091749,NW,NNW,22.009368457848183,28.007026343386137,53.035131716930685,67.96018405414523,1017.1672103975312,1010.1707235692244,1.0117105723102284,6.997657885537954,9.711007937971614,12.90866582350957,No,0.0,Yes
5.0,24.1,0.0,6.2,12.0,NNW,52.0,SE,NNW,0.0,26.0,73.0,34.0,1024.5,1020.7,6.0,1.0,11.6,21.9,No,0.0,No
12.459256189177758,20.451052225363853,0.0,5.969309318522204,8.939681223933325,SSW,66.12433588319443,NE,SW,25.5740702364722,34.798937413111084,60.27778929058341,35.952390820500064,1011.0290968011444,1006.7616366481528,4.100531293444458,3.325398470083344,14.981211613397187,18.9433795549944,No,0.9167159640170242,Yes
0.5,17.1,0.0,4.0,9.4,NW,31.0,ESE,W,6.0,13.0,74.0,42.0,1020.8,1017.4,1.0,1.0,7.4,16.2,No,0.0,No
15.564030845295196,24.55467694843173,2.8630665567958298,7.309353896863463,4.65863068048894,SSE,49.18225649477244,NNW,NW,6.044358763068903,11.088717526137806,90.86210226829648,57.63548701045512,1011.3911282473862,1007.745805195818,7.408871752613781,6.182256494772439,16.804918020556574,23.42757954634071,Yes,2.4526580515696965,Yes
15.849656563866658,20.451339274419603,10.285233511270588,7.020810458674515,5.959563874060785,NNW,70.6392513345294,N,SSE,39.80872251878432,30.0,79.49158644723528,50.68286392845096,1002.9328983985648,1002.279876413592,7.4043612593921555,1.8087225187843117,18.27700891162941,18.766105763149017,Yes,9.608387267808736,Yes
16.4,19.4,0.4,9.2,0.0,E,26.0,ENE,E,6.0,11.0,88.0,72.0,1010.7,1008.9,8.0,8.0,16.5,18.3,No,25.8,Yes
17.5,29.9,0.0,6.6,8.8,E,43.0,E,ENE,13.0,11.0,74.0,45.0,1018.5,1015.9,8.0,1.0,19.3,27.9,No,0.0,No
17.08408141156309,21.462200654927077,2.806514805256819,6.862200654927074,0.0,ESE,35.18807566360178,S,ENE,7.875230265440712,14.531652964521246,92.43761513272035,79.71972862812302,1013.4810082212872,1010.4059621681992,8.0,8.0,18.040504110643624,20.89655838501902,Yes,4.3517691424562255,Yes
17.04382818043634,29.549717161519627,0.0172139447049934,5.782786055295007,9.181427059660402,E,47.88222037833426,SE,ESE,8.986410043653953,16.95017016006449,67.14495953435784,38.0543598253842,1016.744846855942,1012.8466588501216,6.004529985448682,6.986410043653953,21.63340921390437,29.04926416297476,No,1.310352587707558,Yes
6.668170643179157,24.15980743612412,0.0,4.241155383255268,6.1598074361241215,SW,33.50481409689695,SSW,SW,6.0,13.691334625585483,72.90673973565573,31.10288845813817,1019.3495185903104,1015.5607702555036,7.0,4.1961487224824365,12.367207823799768,23.67009628193794,No,0.0,Yes
10.365118621179253,29.78634550967316,0.0,7.213008648647092,8.855467703068692,E,40.04202158823212,SE,WNW,0.8934779193734226,12.60270837477507,63.34462286444577,35.98164209016667,1012.855593773026,1009.7226100354718,0.7705228475687211,7.68417168495462,17.2036585545769,29.006375068635336,No,0.0,Yes
5.488109545281787,23.3039621688715,0.0,3.235925219201443,5.429485529272638,NNW,85.28751452822641,SSW,NW,1.949188603570311,36.60781136203935,90.86541732542888,26.66640665902355,1017.9989284245706,1010.2502503288864,1.0905400284995228,8.0,9.53153972627865,23.77203067489712,No,0.0,Yes
9.4,19.2,0.0,2.2,7.7,NW,24.0,E,NNW,4.0,15.0,73.0,47.0,1024.2,1020.3,7.0,1.0,12.1,18.8,No,0.0,No
14.502180672773603,20.7510903363868,7.444040025766605,9.362354488978148,4.768240711423512,NNW,33.0,NNW,NNW,19.650434540511355,18.838662095620627,93.9462206985402,65.29578615802885,1015.4704213841972,1013.1542875937592,8.0,4.107558602919583,14.607558602919582,19.375291022043708,Yes,8.309414232531152,Yes
-2.034310779596638,10.240867341535417,0.0,1.4948890072869148,2.3270005327911174,SSE,31.98533830605043,SSE,WNW,7.518224116590639,14.423335109303723,88.29932871581032,66.18977801457383,1014.1226226247754,1010.0189778014574,6.430665956278511,7.0,1.82553436339616,8.283933937163265,No,0.0393517651299633,Yes
10.46527011195058,20.83772509329215,0.0,6.1886772896894815,5.838867728968948,SE,59.777354579378965,NNE,NW,20.16984065465777,26.7245498134157,71.10941831751586,60.71693224223705,1001.72302629918,998.1664127476274,6.388677289689482,6.388677289689482,15.760370513913188,18.038105971851085,No,0.0,Yes
11.9,21.1,13.2,6.6,8.6,NW,41.0,NNE,N,7.0,24.0,82.0,61.0,1019.2,1016.7,7.0,3.0,14.5,19.4,Yes,0.6,No
7.5,20.9,0.0,6.6,8.7,ENE,39.0,SE,E,13.0,20.0,61.0,43.0,1020.6,1018.3,6.0,7.0,15.3,19.8,No,0.0,No
6.2,16.9,0.0,5.8,8.2,SE,44.0,SE,E,20.0,24.0,70.0,57.0,1023.8,1021.7,7.0,5.0,10.9,14.8,No,0.2,No
13.940255333510954,23.640255333510957,3.840255333510955,6.040255333510954,4.080829833910602,SE,73.88819082511836,NE,S,6.900957500666079,9.303510835775624,85.90414916955301,66.29712749800176,1009.8904149169553,1007.0798723332446,8.0,6.399361666222614,15.520127666755478,20.920766000532865,Yes,4.715386312287293,Yes
15.4,25.7,0.0,6.8,8.2,E,41.0,E,NE,9.0,17.0,67.0,32.0,1020.1,1016.9,7.0,7.0,17.6,24.6,No,0.0,No
3.2,12.1,0.0,2.8,3.9,ESE,41.0,SE,SE,17.0,20.0,69.0,51.0,1033.6,1033.2,7.0,5.0,9.3,11.1,No,0.2,No
8.64600377623122,26.02267673661659,0.0,4.445910875802928,7.069052114560977,NNE,33.3838293040683,SSW,SE,4.769516616702436,17.846654079229264,66.46189577087804,31.153345920770736,1017.5158919946468,1013.5234199400428,5.154274925053655,7.307620845824391,15.322862537473172,25.29191465203415,No,0.0,Yes
6.131005160847115,16.816605071911223,0.1416605071911224,4.80822862224908,4.133431884942041,S,54.41734420897653,NNE,NE,16.333579712355103,21.979428444377294,65.3952943792232,69.41660507191122,1014.8980167581444,1009.7396033516288,3.479058875844642,7.354151267977805,12.10822862224908,14.812416847080152,No,0.7642603595728478,Yes
2.4,20.6,0.0,2.8,10.1,E,30.0,SE,SSE,9.0,7.0,77.0,34.0,1024.8,1021.0,1.0,2.0,10.6,19.8,No,0.0,No
-0.3,9.3,0.4,1.4,9.9,N,39.0,NNW,N,9.0,30.0,72.0,60.0,1017.4,1016.6,1.0,1.0,4.7,8.3,No,0.0,No
7.607993854171884,13.336232311583414,0.8,0.8578830759797783,0.0644707689949446,NNW,24.835307674620843,S,ESE,6.0988153952274935,11.644707689949444,99.0,89.22353844974722,1027.1783492356035,1025.2336415456543,7.677646155025277,8.0,10.230347699146606,11.988230775126384,No,0.0,Yes
14.458837432814018,20.919170681439155,0.0,9.633517643640612,0.4593079832315898,ESE,37.980622035477424,ESE,ESE,16.42125286285554,18.218293778022637,62.36261778594823,55.41518218737355,1017.1790008738348,1015.8052652717834,7.597273054670811,8.0,17.762851183914478,19.045153822740723,No,0.9813769510104884,Yes
10.428307454285322,19.73261535061219,0.0,5.447384403809175,3.0661539972791605,NNW,45.67384649387811,ENE,ENE,18.483076998639586,17.516923001360418,68.19076949523853,49.809230504761466,1023.87723109415,1020.9166156453066,7.25846150068021,7.25846150068021,15.056307552516776,19.029230750340105,No,0.0,Yes
11.6,26.3,4.2,1.6,12.0,NNE,41.0,E,SW,6.0,9.0,66.0,46.0,1013.9,1009.5,2.0,2.0,16.7,25.2,Yes,0.2,No
9.0,20.6,0.0,9.0,6.2,ENE,39.0,S,SW,11.0,11.0,54.0,28.0,1022.3,1018.6,7.0,5.0,11.4,18.5,No,0.8,No
0.7846563111983583,19.029979866066125,0.0,2.8009605976363674,8.226137475520655,S,33.36450963421488,NNW,S,2.729019268429759,18.359706646033043,79.0887259144628,38.54196146314048,1022.716304286438,1018.1714610303884,2.093528902644638,2.18225481710744,7.656597640404967,18.79352890264464,No,0.0,Yes
9.481897152884576,20.48949529078709,2.167261665093902,1.2374299014982064,2.191228970449462,NNW,25.286588719476683,NNE,S,4.7251401970035865,10.82457940898924,96.27485980299642,70.01172891648027,1018.229219659962,1016.13039255161,8.0,7.0,12.798266320337625,18.36960744838996,Yes,0.1527536971769927,Yes
9.552522716981036,14.721546102269516,6.089562583538431,2.7797964364232404,0.1242420935192657,NW,31.0,ENE,NW,2.552187082307848,0.9663273940387334,96.44781291769216,92.89562583538432,1025.3565721607877,1022.1326657019416,8.0,8.0,11.16969465463486,12.75959287284648,Yes,4.907220010044264,Yes
8.619024486365396,13.716752905903856,6.235777392269252,2.2079505316153893,0.0,NW,31.00567895115385,E,NW,2.0198763290384734,0.0369131825000219,96.98580262211536,93.98296314653844,1027.7457660164807,1024.248037596942,8.0,8.0,10.321863961942322,11.619876329038473,Yes,6.3340611376632,Yes
12.962818240077938,20.927636337743134,0.0180909155642152,6.526636408949507,0.7638181688715696,NE,22.18090915564215,NE,ENE,6.954772711089462,6.22613644455269,72.7236366225686,54.81409120038968,1017.6698407909532,1015.2969771642994,8.0,8.0,16.118090915564217,19.923113608852084,No,2.519012707140425,Yes
2.3,16.8,0.0,4.8,11.4,N,41.0,NNW,NNW,6.0,28.0,52.0,34.0,1019.8,1017.0,2.0,1.0,9.8,16.3,No,0.0,No
4.8,14.1,4.0,1.6,8.3,S,48.0,S,SSE,30.0,22.0,67.0,48.0,1018.2,1017.6,5.0,1.0,8.9,13.6,Yes,0.0,No
0.3547113742347499,16.23170381713303,0.0,1.4604563569247189,3.717465350505516,NNW,37.61832431529341,SSW,WSW,4.032831546780146,6.389636208845057,81.95756482753274,48.65231929612721,1024.1115581669064,1017.7863299707406,6.908106911152335,8.0,6.266123305367063,15.56653248654017,No,0.2975474407278738,Yes
0.0,14.0,0.0,2.4,4.7,WNW,39.0,NNW,WNW,13.0,24.0,60.0,36.0,1027.3,1024.4,7.0,7.0,7.9,12.4,No,0.0,No
-1.9,10.9,0.0,1.8,4.2,S,50.0,SE,SSW,0.0,26.0,78.0,72.0,1020.8,1019.2,3.0,8.0,5.5,7.2,No,4.0,Yes
13.2,33.1,0.0,8.6,9.7,ENE,39.0,SE,NNW,7.0,7.0,91.0,18.0,1020.9,1017.7,7.0,1.0,16.1,31.7,No,0.0,No
16.20727891215686,20.538564391886407,13.481468445977027,5.938564391886407,0.0,N,33.0,SSE,NE,8.374290405409063,13.0,92.0,84.24574243245438,1010.4832723445842,1007.720701385125,8.0,8.0,18.156427398647736,19.694991790534143,Yes,13.804136639199534,Yes
16.782421200474673,28.29638712828324,5.550390914082285,7.747263601424009,4.913965927808566,ESE,39.58398485680381,NE,NNW,10.956053001186676,15.627931855617131,70.37988642602855,48.708007571598095,1014.1036128717168,1011.4860340721914,5.540037857990482,7.708007571598096,21.28320302863924,26.854785613963617,Yes,8.912223822055486,Yes
-1.5851730072900774,10.403480532508176,0.0,1.3092283183860416,1.9113464602017447,SSE,26.751889377808077,SSE,WNW,6.0,12.319212387895313,92.34039380605236,65.65960619394765,1014.7871420375518,1011.1006066395692,7.113464602017448,7.0,1.8396380549291156,8.594252214122136,No,0.9581361114570176,Yes
5.467811514267156,23.63562302853431,0.0,3.911649955067576,5.827744197933997,NW,81.44175022466213,SSE,NW,2.479461469334731,36.52053853066527,85.92457751065479,28.517172714007337,1018.3476095652676,1011.1592595203352,1.3595961020010483,7.880134632666317,10.315084497869044,22.58390575713358,No,0.0,Yes
4.3,14.5,0.0,2.0,3.0,E,30.0,SSE,ENE,6.0,13.0,76.0,70.0,1034.3,1031.7,7.0,7.0,7.9,13.0,No,0.0,No
2.3,12.2,0.0,2.8,9.8,WNW,44.0,WNW,NW,20.0,30.0,58.0,41.0,1024.2,1022.4,1.0,1.0,6.5,10.4,No,0.0,No
20.89747856754816,35.69749092751116,0.0,13.79859096421809,6.899938200185004,SW,50.00247199259984,E,WNW,4.00222479333986,17.001359595929912,60.99901120296006,28.004943985199688,1007.601186556448,1003.000889917336,6.999258402220047,2.000617998149961,23.59828196514311,33.99739204780716,No,0.0,Yes
13.082829948077162,22.62987610318803,3.018818462044345,2.565659896154324,2.007760820900665,NNE,29.49175794939246,N,NNW,4.254121025303769,12.74587897469623,95.85645538613304,73.74587897469623,1015.1519913854752,1013.4392853342102,8.0,7.127060512651885,15.452472615182264,20.13317292343104,Yes,4.36242938162284,Yes
6.385075813333321,17.274367603478257,4.458600221449256,2.286762204057968,2.3256323965217423,NW,58.19435096231887,NW,WNW,23.53520247826089,14.938026997101453,89.09295950434782,85.09295950434782,1011.1225337463768,1010.2636593936232,7.030986501449274,7.030986501449274,13.639439256521731,12.785919008695643,Yes,2.909474537801679,Yes
3.68956006450672,22.33621411167295,0.0,6.624685751949957,4.908273092783494,NNW,80.84072007295356,SSE,NW,0.5035373148976396,20.370134472692524,49.89822311323218,48.63218923612615,1011.9298175605072,1006.6091912664122,1.0206139705783484,7.9687095540368915,15.75748438689326,20.85977508381857,No,0.0,Yes
12.4,32.3,0.6,7.4,13.0,E,39.0,NNE,W,4.0,17.0,60.0,25.0,1017.1,1013.3,1.0,3.0,20.2,31.2,No,0.0,No
14.3,26.7,0.0,7.2,7.1,NNW,65.0,N,NNW,7.0,48.0,68.0,64.0,1017.3,1014.3,7.0,7.0,19.8,19.0,No,14.4,Yes
9.134329436272733,26.41114157746312,0.0,4.836137019785032,10.993389064786829,NE,30.750479342449108,SE,NE,6.774073321806182,12.975474915353365,73.95929013747998,32.29870665979675,1016.2735299066302,1012.6324039794844,1.3586937479016148,4.763065418999937,14.84594082966272,24.548864821176952,No,1.633654151768788,Yes
-0.2,16.2,0.0,3.4,5.9,E,28.0,SE,ENE,0.0,20.0,74.0,45.0,1027.6,1022.9,7.0,6.0,7.3,14.6,No,0.0,No
14.091076227877693,24.227316059079403,0.6546321181588028,3.545776438875553,1.100204278517178,NNW,33.637601687982894,SSE,NW,5.63623983120171,6.181880084399145,83.90940042199573,50.273160590794014,1016.2178475442446,1012.4087875864442,7.818119915600855,7.0,17.33637601687983,23.345504067519315,No,0.6141097004030731,Yes
0.1,21.0,0.0,2.2,9.2,NNW,17.0,WNW,N,2.0,9.0,78.0,36.0,1023.2,1020.3,0.0,1.0,7.6,20.7,No,0.0,No
17.279562608211492,25.19358287751057,0.0849720549567735,4.611050541470377,8.765203690027676,SW,39.86569878836898,NW,N,6.326706397650084,5.417560907960504,70.46757783012745,76.5445300149976,1014.4814914411728,1011.4709095627936,5.805854344063628,6.798685839006343,21.48827668218605,22.499827762505344,No,0.0,Yes
8.3,17.0,0.0,5.6,4.6,E,41.0,SE,E,11.0,24.0,65.0,57.0,1026.2,1024.2,6.0,7.0,12.1,15.5,No,0.0,No
15.1,28.3,14.4,8.8,13.2,NNW,28.0,NNW,NW,6.0,13.0,73.0,44.0,1016.8,1013.4,1.0,5.0,18.3,27.4,Yes,0.0,No
15.86448541516133,28.85370528365205,5.94379196493086,4.993456245483984,6.389219868490724,N,40.239653274884766,NNE,NW,8.66121353790332,18.578439736981444,75.29739956163574,48.38017336255762,1013.546294716348,1010.0107801315093,3.900866812788085,7.380173362557617,21.152069345023047,27.477670611140528,Yes,6.343539971691226,Yes
16.3,24.8,1.8,7.8,3.8,S,50.0,NNW,N,4.0,7.0,88.0,56.0,1011.8,1008.4,7.0,7.0,17.5,24.0,Yes,6.6,Yes
17.5,35.8,0.0,9.4,13.3,SSE,57.0,NNW,NW,6.0,19.0,56.0,24.0,1011.8,1006.5,0.0,1.0,24.7,34.5,No,0.0,No
7.440227108122026,20.002297199423907,2.110343926958495,3.356320563191201,7.617242054781129,W,39.41378972609436,SSE,NW,12.816093455069176,15.091953272465412,95.95402336376728,56.18390654493083,1018.0505775646316,1013.478163546371,5.137929908698119,2.137929908698119,10.9344808447868,19.260918226814475,Yes,2.269766542693353,Yes
15.9,19.9,0.8,5.6,1.6,E,48.0,SSE,ESE,17.0,22.0,73.0,58.0,1011.4,1012.1,8.0,7.0,17.4,18.6,No,0.0,No
15.461789452355015,24.52059648411834,3.010748568820535,7.241192968236676,4.777912305585817,SSE,49.06865494706113,NNW,S,6.328362632347183,11.656725264694366,91.25970768528606,57.86269010587775,1011.3343274735304,1007.6549239576487,7.465672526469437,6.068654947061127,16.708356705001957,23.348058462942788,Yes,3.628500975886739,Yes
4.7,19.5,0.0,10.0,11.0,NNW,46.0,NNE,NNW,13.0,33.0,42.0,25.0,1018.7,1015.1,1.0,0.0,14.5,18.3,No,0.0,No
1.0,11.8,0.0,2.2,7.2,S,48.0,NW,S,7.0,24.0,73.0,49.0,1025.7,1025.6,4.0,1.0,6.5,11.0,No,0.0,No
8.1,20.5,0.0,3.8,7.8,ENE,31.0,ESE,ENE,11.0,11.0,66.0,48.0,1027.8,1024.0,1.0,5.0,14.9,19.5,No,0.0,No
16.466912562007188,24.2,0.1873250059054464,6.6126749940945535,4.776049964567322,NW,50.69712467520044,W,NW,12.873250059054463,34.049375442908485,72.25349988189107,61.01399952756428,1007.3613127509816,1004.2387626683052,7.0,7.0,20.335225076770804,19.925349988189105,No,0.3450921678597578,Yes
-0.9384304934538384,11.333459138305235,0.541167286267356,1.768713850245743,0.0,WNW,41.41968992414887,SE,NE,0.0767524338598012,6.003254261682484,92.63952749827112,85.56147193652484,1013.9298582845488,1009.190551983826,7.088813771623102,8.0,2.058590887940427,8.40768277301236,No,2.4044786002249605,Yes
18.976035834269364,35.169251264626034,0.0,10.748194771599682,8.89030775765238,SE,62.605282465131744,ESE,W,5.32687183843492,14.34625632313016,65.64405143452223,28.66343591921746,1014.4997335598616,1010.0987643356268,3.019384484695239,4.653743676869841,22.67118971309556,33.40290767270429,No,0.8566116261665315,Yes
17.746780783428306,22.877237458603283,8.368287624190152,5.277237458603283,5.9,SE,64.83515961777641,NE,WNW,28.240182420315893,24.816324108253333,93.1962328980954,61.20251140126975,1002.2020434809214,1000.7874429936512,8.0,3.797488598730257,18.686027363047387,20.796232898095383,Yes,6.061974503231114,Yes
15.069002301048322,25.7061825615985,0.0,7.4024730246394,6.3183840448884725,SSE,60.66529276408922,N,NNW,11.669414471821556,20.0,72.987634876803,73.65704934862455,1000.922917923394,1000.1049460492789,6.832646382044612,7.0,19.00453387850557,20.83553157745725,No,1.268764984607824,Yes
5.1,23.3,0.0,3.6,10.3,NW,44.0,N,NW,9.0,28.0,54.0,30.0,1016.4,1011.7,1.0,1.0,16.4,22.4,No,0.0,No
2.481648573054402,18.364566448381773,0.7517969116363248,2.20143752930906,8.136871080927287,W,39.0,SE,NNW,8.631289190727138,15.0,86.63847683727244,51.0071876465453,1022.8311209636912,1018.7928123534548,2.5035938232726496,3.8723046325455126,7.89154305118173,17.91420706605451,No,3.387945122195326,Yes
17.0506244806385,21.96145804479917,3.332500692481997,7.318888581119112,0.3831251731204992,NE,32.14861072639889,SSE,ESE,6.5743053631994455,10.445832179196673,92.42569463680056,80.25694636800554,1012.5695130617576,1010.2654855532784,8.0,8.0,17.691180190078946,21.206041262718838,Yes,3.550254251102623,Yes
14.425349294469816,23.361529578632272,0.4868788731020857,3.555667604122943,1.1081521117146,NNW,29.131211268979143,SSW,SSW,6.0,11.647126751635572,85.60636619306257,57.25349294469815,1017.8515915482656,1014.212228167572,8.0,7.0,17.213121126897914,22.2877718324281,No,1.5749884407882435,Yes
10.0,22.5,0.0,4.4,11.6,E,33.0,SE,S,11.0,7.0,55.0,46.0,1018.7,1016.8,1.0,2.0,14.7,22.2,No,0.0,No
1.5490735643264508,17.92554746967479,0.0,4.109601364087549,5.933745082521578,SSW,73.88545764565352,S,NNW,14.229084708692955,24.891633883477184,52.22290847086929,61.00617623782366,1015.2184166007168,1008.7623806711082,1.0,7.388545764565352,12.108983740305185,16.04722069297935,No,0.0,Yes
14.454160262255993,28.376020852331976,5.189560917895976,2.923979147668022,8.791679475488014,ESE,40.135400655639984,NE,SSE,5.135400655639983,19.83850163909996,80.56770032781999,42.812403933839896,1012.68385016391,1008.343229967218,3.2968990165400256,5.270801311279966,19.48695114736997,27.11925081954998,Yes,5.662322428402467,Yes
3.0,11.1,0.8,1.4,0.2,W,35.0,SE,N,0.0,13.0,99.0,96.0,1024.4,1021.1,7.0,8.0,6.3,8.6,No,16.8,Yes
18.82358258913321,35.498011746234326,0.0,9.61388349915596,9.70089914523281,NW,71.11237678772227,N,W,5.962160908421498,12.710487221039998,68.56526838921835,31.53411260652684,1018.2853716349724,1013.641114573037,0.7211778550471528,6.124848588869201,21.67291240652558,33.00335487924363,No,0.0,Yes
-1.1236020995407452,10.97443105883086,0.1960663167432091,1.7921326334864185,0.0373699909395133,WNW,40.74431058830859,SE,NE,0.1180104977037261,6.13767891398768,92.0,86.58696325803696,1014.3881989502296,1009.019668416284,7.0,7.980331583716046,2.372464217202464,8.68229842534444,No,0.0,Yes
9.1,25.2,0.0,4.2,11.9,N,30.0,SE,NW,6.0,9.0,74.0,34.0,1024.4,1021.1,1.0,2.0,14.6,24.0,No,0.2,No
4.3,11.3,7.2,4.4,5.6,W,57.0,WNW,WNW,26.0,22.0,75.0,60.0,1006.3,1008.1,3.0,6.0,7.1,8.8,Yes,0.2,No
5.4,20.7,0.0,3.2,10.8,SSE,28.0,SSE,S,7.0,9.0,66.0,36.0,1027.2,1023.9,1.0,2.0,12.3,20.4,No,0.0,No
17.2,24.7,12.2,1.4,8.1,NW,50.0,NW,WNW,19.0,28.0,80.0,71.0,1004.9,1004.0,7.0,8.0,19.4,21.9,Yes,0.8,No
7.8,15.1,0.0,2.2,2.7,S,31.0,SSE,S,6.0,20.0,84.0,65.0,1025.9,1023.4,6.0,7.0,10.3,14.8,No,0.0,No
17.5,29.9,0.0,6.6,8.8,E,43.0,E,ENE,13.0,11.0,74.0,45.0,1018.5,1015.9,8.0,1.0,19.3,27.9,No,0.0,No
18.18128513973739,33.28378467695136,0.5108132880916221,10.219901086856751,7.7788644336221076,N,59.22360649052209,ESE,NNE,14.115502902830976,20.059991028906303,57.614524306530186,61.45628782495836,1007.3073261369228,1006.1314034277032,5.688403063363764,6.810358781264316,24.689707895986636,23.75127942201707,No,0.5445379719705162,Yes
16.8,22.8,9.0,2.8,0.3,ESE,30.0,S,SSE,7.0,11.0,88.0,71.0,1010.0,1007.8,8.0,8.0,18.4,21.5,Yes,1.0,No
14.42048138052313,21.416848318309537,6.944595823259851,8.82652134535237,5.104813805231297,NW,36.07220707846945,NNW,S,17.74704814245574,18.590372389537407,94.2048138052313,63.97593097384352,1014.5373751154128,1011.8891916465196,8.0,4.204813805231296,14.766257946800684,19.97588555726328,Yes,9.210244874840711,Yes
-1.6,11.5,0.0,2.8,8.9,N,31.0,ESE,NNW,7.0,20.0,82.0,53.0,1024.3,1021.9,1.0,1.0,3.0,11.1,No,0.0,No
15.1,26.2,0.0,9.0,9.8,NE,31.0,SE,NNE,4.0,15.0,59.0,48.0,1022.1,1018.7,1.0,4.0,19.7,24.5,No,0.0,No
3.2,21.4,0.0,3.2,10.6,E,26.0,SE,NNW,7.0,7.0,76.0,27.0,1025.2,1022.3,0.0,1.0,8.2,20.5,No,0.0,No
-0.6251059514535546,11.096137545930224,0.0,2.9768252755813345,4.98455018372089,NNW,41.17381043313999,SE,N,6.864814107557784,26.0,88.78756502616223,77.88412637790667,1018.4463494488372,1015.9637304921512,6.922750918604448,7.019312270348888,3.8328308595931095,5.728968405523332,No,0.1300405893697162,Yes
17.5,35.8,0.0,9.4,13.3,SSE,57.0,NNW,NW,6.0,19.0,56.0,24.0,1011.8,1006.5,0.0,1.0,24.7,34.5,No,0.0,No
3.2,18.0,0.0,7.4,12.2,SSE,48.0,SSE,S,26.0,15.0,47.0,25.0,1026.6,1022.8,1.0,2.0,9.1,16.3,No,0.0,No
4.217293077857933,15.665451929066746,0.0402327069242946,0.2364163940052436,1.8726879931496945,NNW,16.87771038264403,SE,SSE,6.852400104132228,6.803085546493872,94.987317855879,63.139287527790366,1022.2498053410138,1019.2995371115512,8.0,6.815277474845347,8.661007918589723,14.697221399628424,No,0.0,Yes
17.417295719227123,22.208647859613563,2.994653902232283,8.288364735021586,1.00927657257555,ESE,33.0,SE,ESE,9.677672539486151,14.235848864378225,92.4119496214594,73.73427708197326,1014.6265722918026,1011.8501571782404,8.0,7.176100757081184,17.676100757081183,21.52327052995683,Yes,2.7181104887988585,Yes
4.6,22.0,0.0,4.4,11.0,N,41.0,NNW,N,6.0,19.0,82.0,25.0,1028.8,1024.9,1.0,2.0,10.0,21.4,No,0.0,No
4.8,14.1,4.0,1.6,8.3,S,48.0,S,SSE,30.0,22.0,67.0,48.0,1018.2,1017.6,5.0,1.0,8.9,13.6,Yes,0.0,No
-2.1,12.9,0.0,1.2,8.1,S,31.0,SE,SE,7.0,13.0,92.0,25.0,1025.7,1020.9,2.0,1.0,1.4,12.3,No,0.2,No
14.056909354966114,26.71551891423723,3.488164962309797,4.365059423479064,10.06049742595368,ENE,38.513241117342005,E,W,2.608524278860106,17.74443505254906,79.32454356410793,36.47961835096838,1011.8768834950436,1008.3194303081928,5.160234059206746,2.870306119334523,17.79669967587175,26.24757045085136,Yes,4.938689603034916,Yes
16.82103984866127,29.26054246644324,0.0,5.739502617781962,9.028590750382229,E,48.0,SE,ESE,9.336096567877984,17.0,67.1008289703634,38.33609656787799,1017.0159307738054,1013.1327356021992,6.033609656787799,7.0,21.44456660841273,28.757181500764457,No,0.0,Yes
2.1,17.3,0.0,1.6,9.2,W,43.0,SSW,WNW,6.0,28.0,81.0,38.0,1020.0,1017.3,1.0,2.0,8.7,15.9,No,0.0,No
18.334036513354835,22.27387942920783,2.006433766512274,7.6802334874458,0.2809730408168708,ENE,33.280920660430304,SSE,ENE,5.981668244752894,12.92222707899461,92.81723367087784,75.81225956997082,1014.6166197513728,1011.5536558420432,8.0,8.0,18.17561049521275,23.047199265811432,Yes,0.0,Yes
-0.6,12.2,0.0,2.6,7.0,S,59.0,S,S,15.0,26.0,66.0,44.0,1018.5,1016.8,8.0,5.0,6.9,10.7,No,0.0,No
14.490822246213297,19.48623336931994,17.665660194327693,2.521835550757341,0.1390822246213295,SE,41.6091777537867,ENE,NNW,7.522944384466762,20.0,85.65506652272023,90.91376663068006,1013.537973390912,1011.7851245356104,8.0,8.0,16.817246673863988,16.391376663068005,Yes,19.56238028686637,Yes
0.8,13.0,0.0,1.4,4.1,WNW,41.0,S,NW,2.0,28.0,95.0,69.0,1028.2,1024.2,8.0,6.0,4.3,11.7,No,0.0,No
11.138941670232798,17.47314021413527,21.853819957150623,6.260409421840347,8.58322518201219,NW,74.67099271951237,SSW,SSE,30.469795289079823,37.15426809423514,62.46979528907983,45.19470835116399,1007.1912630406874,1004.4161259100608,2.4697952890798267,6.530204710920174,14.486570107067635,16.167099271951237,Yes,21.42585181830559,Yes
4.592046609882342,19.051961170388708,1.2443650509583728,3.810128159240448,3.980349514330925,NNE,39.0,SE,W,6.153708742043337,7.67510679936704,77.41048542992777,45.95720388535259,1021.5223611608228,1016.3752854347108,7.0,8.0,9.83737476433986,18.00838058758582,No,0.0,Yes
0.9,12.9,0.0,2.0,6.8,NW,24.0,W,N,7.0,15.0,92.0,53.0,1025.1,1022.1,7.0,7.0,5.5,12.3,No,0.0,No
16.694818940585243,28.85415184589613,0.0,9.940667094689111,10.791909149275789,NNW,69.7303049758596,NW,NW,30.85166773672277,40.79772873189469,44.04045425362106,22.121362760863185,1016.286515248793,1011.7946060995172,1.0269695024140406,1.0,22.4325762439649,28.35550032101683,No,0.0,Yes
13.99652152168344,22.720214340081927,3.960823076898171,6.035457640004009,3.5057212393980413,NW,85.6948513905567,N,NNE,5.152692931686873,6.50305167157919,82.59724530966682,69.65758546101803,1009.260248235481,1007.5929848946734,7.619497789267453,7.124729620892478,15.48250932766979,20.742768996598443,Yes,8.434775984135149,Yes
2.3,11.6,19.2,1.8,7.5,WNW,54.0,WNW,WNW,26.0,31.0,78.0,56.0,1006.9,1010.3,7.0,3.0,7.6,11.2,Yes,0.0,No
10.1,31.2,0.0,8.8,13.1,NW,41.0,S,W,6.0,20.0,45.0,16.0,1018.2,1013.7,0.0,1.0,18.7,30.4,No,0.0,No
15.192954017456447,26.22616224218306,2.7929540174564487,8.34842616727419,7.534594394542344,NE,41.31446729090726,NE,SSE,10.222639250911286,13.0,67.38868037454435,46.222639250911286,1013.7667917752734,1011.3650302796376,6.537106541818548,6.148426167274192,18.437481867638702,24.541004858910483,Yes,2.8830757968930234,Yes
17.104347645366495,29.033447265311988,0.0,10.024461087465824,10.883108445137214,NNW,68.34994875949465,NW,NW,29.96071196590551,41.95358582931199,44.31235942430291,21.51574001299176,1016.6884924870212,1011.6304136299232,0.8482741795318188,0.9510493502710166,22.812540637882726,28.96215839945017,No,3.476851403325236,Yes
15.152825903645695,20.188696385417217,21.59630783073178,3.086736747394044,0.1471740963543043,S,38.88696385417217,N,NW,6.792388554685435,18.15109337240065,84.64129518228478,89.47174096354304,1013.3359840351604,1011.9605509023494,8.0,8.0,17.26412951822848,16.9074978919255,Yes,21.005965727539028,Yes
16.621529756624433,19.246124980597184,0.0,9.15798865978124,0.2449238911794927,E,28.582822044379725,ENE,E,6.194756738554917,10.451411359166304,87.86501574024642,75.79632807405686,1009.4181114504692,1008.005958035965,8.0,8.0,16.768721971797046,18.592954671509556,No,0.017234476053072,Yes
4.148815269201889,21.15996961215899,0.4022399798539953,7.084083808800749,5.337747209795925,NW,77.16697753350391,SSE,NW,1.9449851972830712,20.835754034247053,52.108989855601,48.13149066576793,1011.5704332112434,1006.134109670897,1.1426916091129342,8.0,16.116531827272947,20.772458150417545,No,0.0,Yes
7.012683953531446,19.706181694751876,1.981422117772648,3.183279905995384,7.646124141540679,W,38.89782164774956,SSE,NW,12.934977412204269,14.981422117772649,95.9628442355453,56.09288941113675,1018.3572708708772,1013.764702023768,5.018577882227351,2.0464447055683794,10.609897271197342,18.995034965415464,Yes,3.257856619618586,Yes
4.7,19.5,0.0,10.0,11.0,NNW,46.0,NNE,NNW,13.0,33.0,42.0,25.0,1018.7,1015.1,1.0,0.0,14.5,18.3,No,0.0,No
13.131770299136662,22.39097293448445,4.640797364652209,3.904337962925532,3.0681126543085107,NNW,30.886283831894435,NE,NW,8.726847103436988,14.77256766378887,96.11371616810555,71.34114850431669,1015.7113716168104,1013.8341148504315,8.0,6.113716168105565,15.063657644828153,20.075029261638708,Yes,2.792773666394671,Yes
-1.818877621070536,10.892394776975364,0.0,1.7746492565845426,4.235491040781641,S,49.89859702633817,SE,SSW,0.6084178419709803,26.1774552039082,77.92394776975362,72.02535074341546,1020.5464925658454,1018.9515627145286,3.0,7.923947769753627,5.555771635514007,7.225350743415458,No,0.0,Yes
1.6859398763741325,17.190502876409226,0.0,1.4968342921364088,8.451582853931797,SSW,36.6787715730692,SE,NNE,6.0,16.031657078635913,79.45251438204613,52.38454258420263,1027.021694190988,1023.3732770449196,2.5474856179538694,5.5158285393179565,7.7216941909879715,16.50363147192076,No,0.7032700759851169,Yes
13.636277765653947,21.7182963124614,5.817981453192546,6.090536984500446,3.796845661500148,NNW,31.727129609423248,NNE,NNW,13.211357916923989,16.454259218846495,95.27287039057676,68.81861117173025,1015.6272870390576,1013.581861117173,8.0,5.272870390576752,14.8394321041538,19.766719143211475,Yes,6.721489979834256,Yes
4.4,21.0,0.0,4.2,12.2,NW,28.0,SW,NW,2.0,9.0,73.0,30.0,1025.7,1022.3,1.0,1.0,9.6,19.2,No,0.0,No
8.5,27.3,0.2,7.2,12.5,E,41.0,E,NW,2.0,15.0,54.0,35.0,1023.8,1019.9,0.0,3.0,16.8,26.0,No,0.0,No
0.4,13.9,0.6,0.8,7.7,WNW,41.0,E,WNW,6.0,19.0,99.0,59.0,1023.0,1021.0,3.0,6.0,4.2,12.1,No,0.0,No
9.98832800678488,14.92255749851206,8.810885505296941,2.780196778954876,0.0,NNW,31.414426270682053,ESE,NW,3.450491947387189,2.6937707594333515,95.96393432329486,92.75672118795384,1023.8422291149864,1020.5079996232593,8.0,8.0,11.895541142125907,13.05049194738719,Yes,8.296375987787513,Yes
4.5,16.0,1.8,3.0,4.3,NW,35.0,W,NW,9.0,15.0,88.0,69.0,1017.7,1013.7,7.0,7.0,10.0,15.2,Yes,1.0,No
13.0,28.2,0.0,5.0,11.6,NW,44.0,WSW,NW,4.0,17.0,74.0,27.0,1017.6,1014.4,3.0,6.0,17.4,27.0,No,0.0,No
8.861041723814168,20.856625034288506,2.4482651660617885,2.6876969530722423,5.970977216618817,SSW,36.11829536103136,S,NW,10.11829536103136,14.359621191340302,96.32018940432984,61.76340927793728,1017.5675075487424,1013.8960568212988,5.960568212989546,3.600947021649244,12.172871259917304,19.516246225628805,Yes,1.9007118305832345,Yes
13.44346661121471,25.5686909809264,3.3434666112147107,6.648024244944786,6.596351551699396,SSE,46.31915142693249,NW,WNW,7.319151426932493,16.039515101104282,87.31612080883426,54.23709060662569,1011.232218204503,1007.6164121640612,6.3191514269324935,5.7203636741717885,16.18419395955829,24.160787960705544,Yes,3.302110497425677,Yes
9.392194120368009,19.229307998149757,1.156995762964474,5.089248940741118,8.110751059258881,SE,88.86303761114227,NNW,S,29.061856462969573,46.73932468520313,63.553755296294405,34.93814353703043,1009.2107510592588,1002.5521350629592,3.5537552962944075,5.4462447037055925,14.82474258518783,17.863181409261433,Yes,2.5766606923709814,Yes
9.5,27.4,3.0,4.8,11.5,NNW,24.0,SSE,NNW,6.0,9.0,79.0,39.0,1024.7,1020.7,1.0,7.0,14.0,24.9,Yes,0.0,No
14.779974646039502,19.892595187857488,18.52688504957716,4.8079028145556535,0.0,NE,35.20978586889813,SSE,NNW,7.596477709259233,11.932384407879113,91.29981749568644,86.79696439335245,1007.9288731201176,1005.6626044733806,7.832348269581119,7.988837999709866,17.549033813113105,18.18875017153129,Yes,17.609026181917365,Yes
-1.6,11.5,0.0,2.8,8.9,N,31.0,ESE,NNW,7.0,20.0,82.0,53.0,1024.3,1021.9,1.0,1.0,3.0,11.1,No,0.0,No
-1.0,12.2,0.0,1.6,8.4,ESE,30.0,SE,E,7.0,13.0,82.0,51.0,1032.2,1027.4,3.0,5.0,3.7,10.8,No,0.0,No
9.1199083443427,26.504496975321157,0.0,5.145594669593887,10.771045629926345,NE,32.214626623252535,SE,NE,7.822266632501345,12.680850689000938,76.0842140041631,33.03519040874271,1016.2020776451312,1011.8017494099352,0.957440495636795,5.04982946696732,13.844204792219896,24.265141108818565,No,0.0,Yes
13.949414177441565,21.56119898945459,25.339710982301195,4.862108961210373,8.667057215038957,NNE,48.37174379550645,SSW,SSE,19.609373160934997,23.134114430077915,70.2259129142598,52.53645772031167,1008.7037766087116,1007.5628256204492,2.0,7.0,16.747070887207816,20.20449326795069,Yes,24.39035756994389,Yes
15.347978931189871,17.805000191488705,1.181915341782075,7.256170082390669,1.347978931189871,SSE,51.00851177908165,NW,SSE,16.008511779081644,14.82659643729957,75.93404328655248,76.28085041195334,1008.5494675350856,1008.4924462747867,7.107446849252916,6.570212602988336,16.22648956133929,15.76202145178754,No,0.0,Yes
13.485123694184855,22.48956986607941,4.010430133920592,3.0650323214094177,1.8726989062555863,NW,30.305215066960294,NNE,NNW,4.610430133920591,11.168709598238229,95.77913973215882,77.66258080352354,1014.0602741183264,1012.4213171317184,8.0,7.305215066960295,15.696779587048384,20.27791397321588,Yes,4.082495814935061,Yes
9.944194685295091,29.276778741180365,0.0,6.630030565776464,8.998297673260792,ENE,42.27477075667653,S,W,4.549541513353043,14.841335537421642,60.73374087701952,35.2917940240686,1012.982431227003,1010.3699694342235,1.2832823903725603,7.008511633696039,17.414164119518627,28.53343521925488,No,0.0,Yes
16.795033340435978,28.88303057982292,0.0157277552860724,9.998758335108995,10.787790295238445,NNW,69.92343066505464,NW,NW,30.977236143664896,40.95447228732979,44.10347207425048,22.08898598385541,1016.298344446812,1011.8028972180788,1.0144860903950668,1.0062083244550286,22.483444468119924,28.38116808248641,No,1.1462369949837836,Yes
15.1,28.3,14.4,8.8,13.2,NNW,28.0,NNW,NW,6.0,13.0,73.0,44.0,1016.8,1013.4,1.0,5.0,18.3,27.4,Yes,0.0,No
-0.2,18.1,0.0,4.4,9.4,NW,24.0,SE,NW,0.0,9.0,80.0,44.0,1021.4,1018.9,1.0,1.0,6.7,16.9,No,0.0,No
15.007411864589658,18.095078814260354,0.0230457627321842,7.484771186339079,1.2493923732775922,SSE,48.23045762732184,SE,SE,13.0,15.535033900540263,73.76954237267816,75.92588135410342,1009.758019491312,1009.2892872875972,7.0,7.0,16.253098305572422,15.830052542840235,No,0.7800207377664361,Yes
12.974163787383524,25.29713091778676,1.2918685216129298,5.554065739193535,11.238754318924713,NNE,42.205738164426485,NE,WNW,5.9234428986558925,14.435409468458811,72.94737603826172,40.48803343019708,1012.656459053154,1009.2334919227508,5.641147632885297,3.641147632885297,15.897130917786756,23.64832757476705,No,0.5505723668387017,Yes
0.5,17.1,0.0,4.0,9.4,NW,31.0,ESE,W,6.0,13.0,74.0,42.0,1020.8,1017.4,1.0,1.0,7.4,16.2,No,0.0,No
15.451210611043306,20.734079582824805,8.66888906009844,6.058474277303149,0.680447749694881,NW,31.48789388956693,SSE,NE,6.731840834350397,8.463681668700794,92.75605305521654,86.48789388956693,1009.7584742773032,1007.965737943563,8.0,8.0,16.941525722696852,19.65847427730315,Yes,6.110766833048448,Yes
5.398108533654735,21.58094648294526,0.0,3.916081212797894,8.90736508270421,S,47.25878180803159,S,NNE,13.253377618473689,19.253377618473685,65.24527133413685,48.17432260187369,1016.5585810253548,1011.0746622381528,1.0,5.833783682463158,12.55722997796526,19.489122194083155,No,0.0,Yes
15.1,28.3,14.4,8.8,13.2,NNW,28.0,NNW,NW,6.0,13.0,73.0,44.0,1016.8,1013.4,1.0,5.0,18.3,27.4,Yes,0.0,No
9.73662068641597,27.01416474429949,0.0,6.745854401091506,9.095068970376047,NE,50.0,NNE,NNE,14.679961709218004,19.04302685051585,50.68310343207985,32.22770114402661,1017.878172402456,1013.978172402456,1.7722988559733857,3.4554022880532287,17.5,26.1640076581564,No,0.2905228542376744,Yes
14.116330261539485,18.96684248654004,5.976529057691882,4.324495392309227,0.3811238480773067,NW,37.91834869230258,NNW,N,8.882645288459408,14.494877749994458,93.57652905769189,90.03570340384317,1010.1576529057692,1007.389288978847,8.0,8.0,16.484694188461624,18.039801203847603,Yes,5.341595588919614,Yes
5.4,11.3,0.2,2.2,0.6,ENE,35.0,SE,ESE,11.0,17.0,65.0,61.0,1035.7,1031.9,7.0,7.0,8.3,10.2,No,0.0,No
15.470592689469008,28.39623404694868,3.723610931365178,9.234668685892617,5.076389068634822,ENE,39.56784194947493,NNE,S,9.876869277887875,13.0,65.1482370757876,45.30902732841295,1014.0321580505253,1012.0618054656826,5.296474151575206,8.0,20.26431610105013,27.094978729264906,Yes,2.1346631352428886,Yes
14.4,24.3,0.0,9.4,11.1,WNW,52.0,NW,NW,31.0,30.0,36.0,25.0,1010.5,1009.9,1.0,1.0,20.4,23.0,No,0.0,No
17.0,33.8,2.0,9.0,13.5,WNW,52.0,NNW,W,6.0,24.0,65.0,35.0,1004.0,1001.8,2.0,3.0,23.0,31.8,Yes,0.0,No
5.3,23.3,0.0,3.6,5.6,NNW,83.0,SSW,NW,2.0,37.0,90.0,26.0,1018.0,1010.5,1.0,8.0,9.5,22.5,No,0.0,Yes
-0.9,16.7,0.0,2.8,8.6,NW,35.0,WNW,NW,7.0,22.0,84.0,33.0,1018.1,1013.9,7.0,7.0,6.4,15.5,No,1.0,No
9.761558426605186,14.373430088977113,0.8011306345116123,0.6113063451161224,0.0039572207906428,ESE,20.254392765112755,S,ESE,9.056531725580612,11.09610393348704,98.80213896046786,85.97738730976776,1028.3677157621414,1027.0535828307463,8.0,7.994346827441939,12.085867068604848,13.571734137209694,No,0.4282166842994083,Yes
15.4,25.7,0.0,6.8,8.2,E,41.0,E,NE,9.0,17.0,67.0,32.0,1020.1,1016.9,7.0,7.0,17.6,24.6,No,0.0,No
-0.9,16.7,0.0,2.4,9.3,NNW,30.0,SW,NNW,2.0,15.0,76.0,42.0,1022.7,1018.5,5.0,2.0,6.2,15.4,No,0.0,No
9.981111040351186,15.181191550521564,6.039871183727399,3.0406762854311573,0.1801449183066765,NW,31.0,ESE,NNW,2.8006440813630067,1.4011271423852616,96.199355918637,92.398711837274,1024.2571499399687,1021.15747198065,8.0,8.0,11.561014428146736,13.281352570862314,Yes,8.193106524364206,Yes
3.7,14.2,0.0,3.0,10.0,NNW,46.0,WNW,WSW,24.0,28.0,52.0,27.0,1012.7,1011.8,1.0,1.0,8.7,13.5,No,0.0,No
3.2,12.1,0.0,2.8,3.9,ESE,41.0,SE,SE,17.0,20.0,69.0,51.0,1033.6,1033.2,7.0,5.0,9.3,11.1,No,0.2,No
-2.8,12.2,0.0,2.6,8.7,NNW,31.0,SE,NNW,0.0,15.0,84.0,48.0,1018.3,1014.6,1.0,1.0,2.7,11.5,No,0.0,No
5.6,27.6,0.0,5.2,11.0,NW,46.0,NNW,NW,15.0,28.0,44.0,21.0,1017.7,1014.1,0.0,0.0,19.0,26.7,No,0.0,No
-1.6,10.7,1.4,0.8,9.1,S,59.0,SSW,S,28.0,37.0,74.0,56.0,1014.1,1014.9,2.0,4.0,5.6,9.6,Yes,0.0,No
17.2,25.8,0.0,4.2,8.8,SW,41.0,NW,N,6.0,6.0,70.0,74.0,1014.5,1011.5,6.0,7.0,21.5,22.6,No,4.0,Yes
13.2,31.3,0.0,6.6,11.6,WSW,46.0,N,WNW,4.0,26.0,71.0,28.0,1013.1,1009.5,1.0,4.0,19.7,30.7,No,0.0,No
7.2,22.9,0.0,2.2,9.5,E,26.0,NNW,N,4.0,6.0,82.0,28.0,1023.1,1019.2,1.0,1.0,14.0,22.2,No,0.0,No
10.174655865194255,27.914570389565966,0.0,7.42724245696884,8.438016202208619,ESE,50.0,NW,N,11.516374306930384,14.90602793983204,52.87327932597128,32.95775977532376,1019.4112955281798,1015.51129552818,1.0422402246762426,4.915519550647515,17.5,26.79672513861392,No,0.3129981578713123,Yes
15.506806063550025,27.276701515887503,4.26969158380001,6.827631991275035,7.146800836762463,ENE,39.0,ENE,SSE,7.767015158875054,15.325771040499976,74.14019864174992,41.44124411837508,1013.320825927725,1010.24165185545,5.837114479750012,5.092786199375031,19.132373235512524,25.951134343925,Yes,4.577567681889428,Yes
12.1,30.9,0.0,6.2,12.4,NW,44.0,WNW,W,7.0,20.0,67.0,20.0,1017.3,1013.1,1.0,4.0,19.7,30.7,No,0.0,No
9.843115072130905,26.41958233295054,0.0,5.150959318524358,7.175479659262178,NNE,34.14700891229453,SSW,SSE,4.156884927869097,14.931433551640016,72.60778768032726,29.92155753606545,1016.2441592397546,1012.2814052686068,4.696106159836371,7.0,15.782336304098177,25.90389384016363,No,0.0,Yes
16.44342598702603,22.756836965444105,2.3018782894211345,5.992486842315461,0.7214500410428808,N,32.05897820733537,S,N,6.058978207335373,13.0,93.56836965444104,75.37265213822359,1014.8391435032436,1012.3155522203092,8.0,7.686326069111791,17.496243421157732,21.566754317490044,Yes,1.804582261317708,Yes
8.656465571237872,13.760557279298586,6.193453267102855,2.234370347710009,0.0073650745092876,NW,31.0,E,NW,2.032733664485723,0.0572839128500148,96.96726633551428,93.93453267102856,1027.6551535346507,1024.1715203668934,8.0,8.0,10.351555521565016,11.668740695420018,Yes,7.140815629138466,Yes
11.6,19.6,0.0,2.8,1.6,E,33.0,SE,ESE,6.0,17.0,71.0,64.0,1023.6,1021.8,7.0,8.0,14.0,17.9,No,0.0,No
10.74624451995809,18.82001130515362,0.2478699644413399,2.6872197866480394,5.832118730405037,NNW,29.17376678519553,SSE,S,6.0,19.0,80.78363250363127,66.2393498222067,1026.1534190859918,1022.7360424074722,7.413116607402233,7.0,14.165583037011167,17.22656960885474,No,1.5811330189231732,Yes
1.73284472622011,11.069093773810248,0.6145626428614797,1.5236249047590136,0.1381875476204932,W,36.8543735713852,SE,N,0.0,10.83656416671726,96.83656416671728,93.2184396429222,1021.3093773810248,1017.36034663104,7.0,8.0,5.094657178599617,8.630906226189753,No,0.0784779781862751,Yes
11.3,21.7,3.4,8.2,5.6,E,41.0,SE,NE,11.0,11.0,67.0,52.0,1020.4,1019.1,8.0,3.0,12.4,21.0,Yes,0.0,No
15.61213335219404,20.3605215758389,10.243317650387183,7.174501948580327,5.963056862467735,NNW,70.32488237790388,N,SSE,39.7388627506453,30.0,78.75805888177571,50.01919613113041,1003.3101411465152,1002.6012313470316,7.369431375322653,1.7388627506453065,18.140782363758348,18.717203925451717,Yes,12.61532176307584,Yes
11.260178080639102,29.289379957558367,0.0,7.0442480169766535,8.433627974535021,ENE,39.77875991511674,SSE,WNW,2.0,10.55751983023347,72.1593006366245,32.946899787791835,1012.3557519830234,1009.5283179533144,1.6106200424416326,7.389379957558368,17.4,28.794689978779186,No,0.0,Yes
8.741075221358587,17.309945537072515,0.0993389052858212,1.7960334317149271,7.490715557641663,NNE,29.66887031571393,SSE,NNW,6.0,19.0,77.3179077900025,65.49669452642911,1029.2973265047835,1025.8304394732122,7.165564842143035,7.0,12.927824210715176,15.592727958144032,No,0.6254941691002298,Yes
14.982639453739312,24.2,0.0459656622608868,6.754034337739113,5.624206026434679,SSE,58.47188857565122,NNW,NNW,11.459656622608868,23.44742466956652,75.08068675478226,72.32274701912905,1001.3535406460876,1000.2100213744352,7.0,7.0,18.497553609391527,20.208068675478227,No,4.274685233680009,Yes
11.785734160425642,20.591903308472883,3.527402977656691,7.173395864331155,2.4451115798105727,NNW,49.354172043077625,NNE,NNW,15.3894243176333,18.973560794083248,65.20352522745557,62.14183374698314,1010.816744830414,1008.2202700578696,7.398237386272216,7.601762613727784,16.700798841987844,19.25119826298177,Yes,4.176493553831977,Yes
4.5,23.9,0.0,4.8,11.7,NW,30.0,ENE,NNW,4.0,11.0,67.0,27.0,1025.8,1021.5,0.0,4.0,12.6,22.3,No,0.0,No
-1.215524242521912,10.874848737267929,0.1807459595796813,1.7614919191593628,0.1829133839930272,WNW,39.748487372679286,SE,NNE,0.5776212126095599,6.673891414711154,92.0,84.97832575586654,1014.3422378787392,1009.0962702021016,7.0,7.903729797898407,2.265221717057769,8.613356818108565,No,0.0,Yes
6.781820535125088,24.13246764452977,0.0,4.7731607708254185,6.749352890595322,W,35.974029335892986,SSE,WNW,6.108225481765887,11.216450963531774,74.35064710940468,33.19048029942476,1018.5073569166984,1015.139824561228,6.891774518234113,3.1082254817658868,11.878789186180605,23.57012942188093,No,0.0,Yes
13.644903034929769,23.35701251898357,1.8577194992406567,6.472451517464883,4.9255302351928165,SE,46.82542754176385,NW,NE,6.597377465829576,9.30877996962629,90.30877996962629,56.0,1013.7047434749416,1009.9584264794976,6.422805007593428,5.557012518983569,15.537537025817652,22.585872268603897,Yes,0.2903366888415508,Yes
15.210043827230596,21.299969774323728,5.200030225676273,5.920072541623056,1.0399788420266087,S,30.900015112838137,SE,NE,5.800030225676274,7.599909322971181,93.39993954864744,84.80018135405764,1010.6699138568226,1009.1499168793904,8.0,7.900015112838137,16.47001964668958,20.039993954864745,Yes,7.190149527633242,Yes
20.513341695455694,34.77436345275758,0.6092797526152696,13.378190940497122,6.513341695455694,SSW,48.71113898485232,E,W,5.054522648757197,16.531323267219022,61.58584591597622,30.460552847100125,1008.4201842823668,1004.1482579953132,7.0,2.7030150991714645,23.342227796970462,33.09779728939662,No,0.0,Yes
3.2,18.7,0.0,2.6,11.1,N,31.0,E,NNW,4.0,13.0,70.0,32.0,1032.2,1026.9,1.0,1.0,11.0,18.1,No,0.0,No
-0.5,21.6,0.0,5.0,9.9,NW,48.0,NNE,NW,9.0,26.0,44.0,27.0,1014.6,1010.9,7.0,5.0,11.9,21.5,No,0.0,No
17.13192261291961,29.48507859348941,0.3319951743639393,6.080918993692563,8.842466735300373,E,47.425392967447024,SE,ESE,9.255380903356876,16.744619096643124,66.93615477416078,38.70229748423141,1016.5659250257376,1012.8,6.063845225839219,7.063845225839219,21.680846432248234,28.92123336765019,No,0.0,Yes
8.4,22.8,16.2,5.4,7.7,E,31.0,S,ESE,7.0,6.0,82.0,32.0,1024.1,1020.7,7.0,1.0,13.3,21.7,Yes,0.0,No
11.707165500708014,23.712297608110177,0.0102642148043257,5.974187274304834,11.479015004338294,NW,43.84603677793511,NNW,W,6.640752481848599,12.6407524818486,70.18038470249746,45.25812725695166,1012.8821137184344,1009.6640752481848,6.0513210740216286,4.205284296086514,14.35335446732748,21.791769178501525,No,0.4148460467816981,Yes
7.0698543890272765,19.770189340260305,1.9933009753393949,3.1953106827375763,7.688276706843942,W,39.03684463563333,SSE,NW,12.956456339706069,15.036844635633328,95.93970877805457,56.05359219728484,1018.4080388295928,1013.8180873665837,4.993300975339396,2.020097073981815,10.682582535882426,19.0601408032694,Yes,0.0,Yes
-2.9,9.6,0.0,1.8,7.3,NW,43.0,N,NW,6.0,24.0,76.0,70.0,1022.4,1019.0,1.0,6.0,5.6,8.1,No,0.4,No
14.469852916212895,18.769852916212898,14.12098916410906,4.169852916212897,0.0,NNE,36.77339583539592,NW,NE,9.754679167079184,15.641377084777146,92.7546791670792,89.88669791769796,1009.2660093753094,1006.1886697917698,8.0,8.0,17.39625666633665,17.845320832920816,Yes,11.671106876886746,Yes
13.53031844953247,17.649638862303036,34.671575857077045,6.370853581683116,8.946454366978354,NNW,52.003906770718615,W,SW,26.314904807480517,23.69290873395671,64.91736702741126,54.77163493582684,1006.63623768436,1007.1996093229282,2.0,7.0,14.65159224766234,16.264993425605198,Yes,34.0262518921671,Yes
16.653400119368442,26.02456798234005,0.0,4.334309604577751,8.666614851745592,SW,44.0103984712343,S,N,6.26662101088233,5.92370865900787,68.52482984498502,74.67341950742448,1014.6675289594464,1011.610977467304,6.124437278118973,7.081238573697895,21.796759933031822,22.31048094830632,No,0.0,Yes
8.3,17.4,0.0,2.0,1.6,E,20.0,WSW,NE,6.0,11.0,80.0,52.0,1024.4,1021.5,7.0,7.0,13.5,17.2,No,0.0,No
11.7,30.2,0.0,7.8,11.2,NE,33.0,ESE,NNW,9.0,13.0,73.0,22.0,1024.3,1020.6,1.0,0.0,17.7,28.8,No,0.0,No
4.9176396539661225,23.348049059972908,0.0,3.877702126924651,5.56204358298937,NNW,83.30751348399268,SSW,NW,2.7579974650537213,38.12888342742537,89.62226435087807,27.627212429139163,1017.2235859204663,1010.7301301131656,0.4860020298891313,7.796542694293531,9.495067280116734,22.63131141669424,No,0.0,Yes
10.49209688224403,26.399376069650845,0.0,6.698960116084741,7.300415953566103,SE,67.5051994195763,NE,NNW,6.49896011608474,40.48440174127112,61.98752139301689,55.48232197344059,1019.1037435820948,1015.151767802656,5.496880348254223,7.0,18.046360406296596,21.10436751244409,No,0.2351006176775051,Yes
14.3,35.0,0.0,7.6,10.5,ESE,41.0,ESE,WSW,2.0,9.0,43.0,14.0,1012.6,1008.7,0.0,1.0,23.0,33.6,No,0.0,No
12.1,27.5,0.0,7.4,11.7,NE,35.0,SSE,E,7.0,15.0,69.0,40.0,1011.8,1007.4,7.0,2.0,18.6,26.8,No,0.0,No
0.3833785101562855,16.40912344270454,0.0,2.0786734311894084,4.194344480343273,NNW,38.86425210159897,SSW,WSW,4.894334828065074,5.663222173059424,80.99427711324712,47.943839072069714,1023.6802985685958,1017.4205211645376,6.976714853706934,8.0,5.996086992679477,15.961291644866108,No,0.0,Yes
10.319443267927946,29.375244359302737,0.0,6.742753930105753,9.11485338441836,ENE,41.28623034947123,SE,WNW,2.477050582452057,13.0,63.572460698942464,36.66787081543288,1012.619082023298,1010.1522949417548,1.4770505824520566,7.618359534038355,17.17101572042301,28.47029323116329,No,0.0,Yes
13.625565461227191,30.601605338208905,0.153552991747941,7.267107850149198,8.312439832768371,ESE,42.15784067623201,WSW,W,6.357907843936798,18.740365924739105,71.75565195772958,25.331381308312785,1014.0779321205335,1009.6383716969436,7.154061936220599,6.048611619723233,19.31791022629149,28.92828866560913,No,0.0,Yes
7.085737480070494,19.146812395241597,0.0,5.166449491026583,6.083224745513292,NNW,53.37971137729476,NNW,NNE,7.0,37.34806876252019,78.16775254486708,70.77850169657806,1017.832596561874,1015.0746859081804,7.0,7.0,12.053140918196505,12.560423388250843,No,1.1777659787222956,Yes
13.680708398324406,25.357100896862285,0.6161563657630804,8.151530902710759,9.72172635991461,NNW,80.7827364008539,NW,NW,31.0,45.23607501462118,51.31685684343658,26.23607501462118,1013.5272963540662,1007.8334933954002,1.7701954572038503,2.9254886430096265,19.842825672646715,24.58753248684094,No,0.5113558792303089,Yes
1.288744330935364,16.67262162448213,0.0,1.301128386891446,4.099913825280264,NNW,39.41209319671399,SSW,WSW,3.862782707212092,6.289941009225284,81.32028700165866,41.17979163080402,1023.8292040964636,1017.8206662186382,6.946289690074586,8.0,6.144972532686593,15.796117525436912,No,0.0,Yes
3.69807703012162,21.62301693731292,0.0,3.474098607869509,6.963191067300043,WNW,36.50120185617399,SSE,SSW,6.0,12.501201856173989,77.25180278426099,38.004807424695954,1021.564392923474,1018.051802784261,4.748197215739019,3.750600928086994,9.510907540569466,21.26054698371727,No,0.8985703406271497,Yes
-3.5,11.2,0.0,1.6,7.7,ESE,26.0,N,ESE,6.0,11.0,76.0,48.0,1033.5,1031.1,1.0,5.0,3.6,10.1,No,0.0,No
16.64758897087758,24.466464596898543,0.0,6.9416664394214695,5.045830774750484,NW,50.008741357308615,WNW,NW,12.803410226077984,35.51663834269759,70.38463561306726,61.02091703097364,1007.8060203831582,1004.6061560400548,6.706367588927717,7.10897716837112,20.23600288935875,19.87572097543582,No,0.0,Yes
10.8,21.7,1.4,2.8,10.6,ESE,48.0,SSE,ESE,13.0,20.0,59.0,40.0,1017.6,1016.8,1.0,4.0,15.3,20.8,Yes,0.0,No
17.4037437523439,23.01699328608212,7.949020141753657,5.416993286082114,5.9,SE,63.05644908622764,NE,WNW,26.207370384260155,23.99049421860569,93.38680902647562,61.07546064901626,1003.1104563595336,1001.4226967549188,8.0,3.92453935098374,18.381105557639025,20.98680902647561,Yes,7.351346821756404,Yes
13.547688965359034,22.384593102393566,5.173880691289972,6.561555173204825,3.9853996558843416,NW,80.43066896077104,N,NNW,14.377106905253068,12.092441385638596,79.20763103158231,62.39985516555819,1008.9415262063164,1006.8953779307182,7.746148275598392,5.476889653590351,15.730007241722092,19.692296551196783,Yes,3.761145814430088,Yes
4.4,18.3,0.0,4.6,9.6,N,33.0,SE,N,7.0,17.0,80.0,36.0,1014.8,1012.6,1.0,2.0,8.4,17.4,No,0.0,No
3.3,25.5,0.0,5.2,10.8,N,43.0,N,NNW,4.0,19.0,57.0,16.0,1018.8,1014.6,0.0,3.0,12.0,24.8,No,0.0,No
-0.1570369361453052,16.292234854802807,0.1303963029360104,1.9803916910132475,3.640945807917552,NNE,38.91166452187526,SSW,WSW,3.634935569116036,7.001271543543487,81.6004455176491,44.37006438914373,1024.4536873767086,1016.955888019231,6.750174315893986,7.996565547997751,6.249787370464886,15.270141264232848,No,0.0,Yes
6.665846370184607,24.022571243088496,0.0,4.725312283464591,6.235064389063687,WNW,34.82336570079642,SSW,WNW,6.818383588029803,10.55729310299834,76.7884992485942,35.67522592001077,1019.631964904012,1015.8876129302782,7.221983082495301,3.005674835928913,11.196390488395538,23.553792669257152,No,2.2568808596917025,Yes
8.304507611007342,13.617749541208228,6.017221202684954,2.187814746845664,0.0,NW,31.30463132885841,E,NW,1.939073734228318,0.1827787973150458,96.8476843355708,93.7867580697991,1027.3917940193296,1023.8339140668464,7.969536867114159,8.0,10.059341250201856,11.51165691463106,Yes,5.756858627483922,Yes
15.176908155648468,18.28023687677724,0.0,7.683521315179843,0.9405680602230932,SSE,47.52815866817163,S,SE,12.608586303887488,14.615001195903211,76.21755807181093,77.4657243244296,1009.9547345062748,1009.4104790443253,7.096968340680152,7.4479656628585245,16.121971867142875,14.726105574612037,No,0.2076100174508494,Yes
15.66884969203416,21.657283627079625,5.533831605764473,6.2379064724952205,1.120409058546626,S,29.807908356657823,SSE,NNE,4.624327761835901,8.497390756276193,93.51448823389218,82.92573448106863,1009.9583674940528,1008.0633032915372,7.863897513078828,7.8422777894018,17.414876249564383,19.440892789475797,Yes,7.136866138070391,Yes
3.121389745220032,9.8763203003196,0.9932184499877076,2.675953360137674,0.7420456100762122,W,64.89827674981562,NW,NW,18.89827674981561,27.925402949864782,63.97965534996312,81.63379629933621,1005.1169538750308,1001.3115286350207,7.993218449987708,6.966092249938538,9.694941700172093,8.772251370312222,No,1.1779875753333604,Yes
12.5,29.9,0.0,5.8,10.7,NW,43.0,SE,WNW,0.0,19.0,76.0,30.0,1022.7,1018.8,0.0,1.0,16.8,29.2,No,0.0,No
6.061352913803561,16.142512107506302,0.0,0.963768161259452,6.00144977385397,NNE,24.88164349395479,SSE,NNW,6.0,14.275363225189038,82.87439462468494,64.2125605375315,1027.8958943920152,1024.6714982038793,7.393719731234247,7.0,10.643236994433286,14.618115919370274,No,0.0,Yes
-2.0,12.3,0.0,2.4,5.8,W,31.0,ESE,W,4.0,19.0,81.0,60.0,1020.9,1018.3,1.0,7.0,2.6,9.1,No,0.0,No
9.800535954678832,26.88073086919062,0.1025091328534532,7.503045087532284,6.564604162712239,ESE,48.07795375899775,SE,ENE,6.103045087532284,9.512545664267266,61.50986589087311,41.94445779614263,1021.9587819649872,1018.1356638146272,0.8969549124677161,7.128136416066816,16.064872140051655,25.2525944531238,No,0.0,Yes
10.6,15.1,3.8,0.2,2.6,SSE,41.0,SE,SE,9.0,20.0,78.0,65.0,1028.2,1025.7,8.0,7.0,11.5,13.3,Yes,0.0,No
12.006104201967322,22.57546429516822,3.261279813598206,1.6086700116501125,2.200294866023711,NNW,30.476850640756165,N,NW,3.8265997669977594,12.696549592246075,96.7832497087472,74.56355075725729,1015.7393099184492,1013.8789147029222,7.95664994174944,7.04335005825056,14.740784248567772,19.892804318468443,Yes,4.109426367829772,Yes
14.824011459233084,29.485421614037055,6.389709374614394,1.8720343776992487,8.061410154803973,N,40.982848957690656,NW,NW,6.060028648082708,21.922820309607943,80.87136718267992,48.00857552115468,1012.914578385963,1008.338589845196,2.042877605773363,7.008575521154673,21.003430208461868,28.18370650980612,Yes,6.759629735593642,Yes
0.4,13.9,0.6,0.8,7.7,WNW,41.0,E,WNW,6.0,19.0,99.0,59.0,1023.0,1021.0,3.0,6.0,4.2,12.1,No,0.0,No
16.82138472558338,25.732663484807983,0.1659408114487114,7.247124582474484,5.330094988198839,NNW,51.53266348480798,SW,NW,13.340591885512886,32.44556085865335,69.61585680140979,60.340591885512886,1008.002177565654,1004.8554439141346,6.829704057243557,7.0,21.18118377102577,20.513065393923192,No,0.175891847019163,Yes
13.86152060040933,27.11941507786933,0.0,7.200000000000001,7.309707538934668,NNE,60.04327635245329,NE,S,6.046783913933325,40.564914528679935,69.90643217213335,57.708773831959945,1016.327719592212,1013.3086552704908,6.046783913933325,7.0,19.342456278688,20.830174885248017,No,1.5951023917662166,Yes
13.100927570403712,19.381912377127613,9.939135560556815,8.792579436770303,6.014377341257537,NNW,66.93970792375872,N,NW,38.95825933183296,29.97217288788864,70.95825933183295,43.06029207624129,1007.2916518663666,1006.0046378520184,6.976810739907197,1.027827112111364,16.685158873540605,18.1809848067239,Yes,10.516343067623174,Yes
6.223266758532084,23.66865169291504,0.0,4.2516659755035935,10.12435844269507,NNE,31.575641557304927,S,NNE,5.56089610673768,15.014745450567249,75.72692467191479,35.72692467191479,1018.2298737620282,1013.7147454505672,1.0,4.136537664042608,12.35499792651078,22.329164938758986,No,0.0,Yes
10.2,15.0,4.8,0.2,0.5,NW,46.0,NNW,NW,22.0,17.0,90.0,65.0,1022.9,1022.1,7.0,7.0,12.9,13.7,Yes,0.2,No
8.4,11.7,4.8,0.6,0.0,W,26.0,WNW,WNW,6.0,7.0,91.0,86.0,1021.2,1019.2,8.0,7.0,9.7,11.3,Yes,0.6,No
3.743093931354055,16.846244591009242,0.0,3.890070184676187,6.13704643799832,SSE,65.17918469663587,NW,NNW,23.75302374667787,29.3147678100084,59.573839050042,60.54964907661906,1011.0644168866276,1004.7218007916316,3.191279683347334,6.561744063330533,11.759802902346491,14.521546965677029,No,0.0,Yes
2.198716469171164,8.455454908473145,0.1955553953872028,2.047671783622234,1.1550106217820455,NNW,64.68931062861661,NW,NW,30.221325909131643,35.52719741901546,81.09867941188739,86.34701263746068,1015.5882132675335,1010.4563930136916,6.93147911864291,6.961007295051349,5.848679380280268,7.417198167546011,No,6.258636258679008,Yes
14.22271243791179,23.92271243791179,4.122712437911791,6.322712437911791,4.998815423213319,SSW,60.82454974657968,NNE,SSW,7.960171642169215,13.18729602128712,90.4940771160666,63.11948507349236,1010.3494077116068,1006.938643781044,8.0,5.693218905220523,15.661356218955897,21.768137313735373,Yes,3.5588946382386686,Yes
5.6,18.0,5.2,3.8,9.3,S,31.0,SSE,SSE,9.0,20.0,70.0,40.0,1020.8,1019.6,1.0,1.0,12.4,17.9,Yes,0.0,No
17.02400669722153,26.470784685895836,3.6935559773486095,9.136627748716666,3.688614354273611,NNE,43.87378948504861,NE,NNE,9.012354057687498,10.341569371791666,75.74757897009722,52.10150239957639,1013.3593990401696,1010.8504842059804,7.0,7.556928228631945,19.67202009166458,25.280934925853472,Yes,2.639039275430663,Yes
10.168214945025664,21.16493625840472,0.0,4.296721313379059,4.940710387907335,NW,48.0,ENE,ENE,17.351548259005224,17.0,69.50546447770157,46.35154825900523,1024.5504553634648,1021.0680327764152,6.835154825900522,7.0,15.352823323156027,20.581420775814667,No,0.0,Yes
13.202434869048703,24.01381500075897,0.2520228218365164,2.650423946092248,0.4730219125404791,NNW,29.728724156125416,SSW,S,5.462536414085586,6.101877346558321,83.38303474212762,48.79702712366053,1016.8821950711172,1013.704095963406,8.0,6.95620061775835,17.57558466417374,23.520449972650912,No,0.0,Yes
4.481449301967258,17.688240264449817,2.6135819249651155,1.5628986039345163,4.132132622997857,N,20.438923585480417,NW,SW,6.0,6.312215282903917,97.75113886838432,54.05879867775092,1025.319917340094,1022.0384680381268,7.312215282903917,4.936645848711751,7.437101396065484,16.932132622997855,Yes,1.2916593574040882,Yes
13.2,33.1,0.0,8.6,9.7,ENE,39.0,SE,NNW,7.0,7.0,91.0,18.0,1020.9,1017.7,7.0,1.0,16.1,31.7,No,0.0,No
12.114968368851686,20.061378380913865,8.420955716392363,8.208981021311013,6.014071880444976,NW,62.496998257607714,NE,S,34.35627945315796,27.32634271545458,71.56287521779903,41.45209315105265,1008.974553772952,1007.3790442836076,7.0,1.281437608899518,15.968262216861254,18.973953424473677,Yes,9.397141024354916,Yes
4.3,11.3,7.2,4.4,5.6,W,57.0,WNW,WNW,26.0,22.0,75.0,60.0,1006.3,1008.1,3.0,6.0,7.1,8.8,Yes,0.2,No
-0.6590659776509655,11.051357430169793,0.0,2.944408491622621,4.892291452518828,NNW,40.54831899443379,SE,N,6.965255307264138,25.548318994433792,89.10423407820758,77.58306368716966,1018.240174413415,1015.6950063128584,7.0,7.0,3.702714860339586,5.77296385474531,No,0.0,Yes
-0.3,17.5,0.0,1.6,8.4,W,39.0,SE,NNW,6.0,15.0,81.0,48.0,1025.5,1021.8,1.0,5.0,6.2,17.2,No,3.8,Yes
5.9,21.8,0.0,2.8,9.3,E,35.0,SSW,NNW,7.0,11.0,70.0,35.0,1028.0,1024.1,1.0,5.0,12.9,20.8,No,0.0,No
2.4,17.3,0.0,2.2,11.3,E,31.0,SSE,SW,4.0,6.0,67.0,33.0,1030.5,1027.7,1.0,1.0,10.7,16.5,No,0.0,No
17.49408644769631,27.270432238481543,3.823123820052015,8.611296715444633,4.976876179947984,NNE,39.52956776151846,NE,NNE,11.146512834685405,11.146512834685405,67.05913552303691,55.6195970189807,1014.573521611924,1012.455780955013,6.735216119240772,7.735216119240772,21.42647838807592,25.320299641190857,Yes,3.684825191608752,Yes
14.920381458880875,24.44911493859607,0.0,6.395188224781381,6.351520826205383,SSW,57.88606326754909,NE,NNW,10.221515816887273,17.820244287284357,75.06581898026472,75.68860632675491,1001.7510222330004,1000.861780141444,6.844303163377455,7.000000000000001,18.460508611841163,20.658102724231856,No,0.8954225498509715,Yes
6.243622761119873,23.32188778721511,0.0,3.3759540334725378,5.360642384735515,NNW,81.19294138856603,SSW,NW,3.1861466516942207,37.10082366248889,91.5146446810304,29.142675112307654,1017.817627670574,1010.500680245894,0.7875675285887862,8.0,9.746029978740692,22.31298575561621,No,0.0,Yes
19.20100712177258,22.106368481469392,10.44283176373177,4.410130331568514,5.910130331568514,NNW,73.92328202845476,N,WNW,39.22719197551018,29.03761850099124,91.13892181667636,60.48045026472301,997.6497926330264,997.7623814990088,7.949348342157434,3.0,20.13906991363265,19.807671797154526,Yes,12.456588709722917,Yes
12.6,20.2,19.8,2.6,9.1,W,46.0,NNW,W,17.0,20.0,76.0,50.0,1007.9,1008.4,5.0,4.0,15.1,17.4,Yes,0.0,No
11.2,26.1,0.0,7.2,12.6,ENE,39.0,SE,E,7.0,19.0,71.0,40.0,1022.9,1020.0,1.0,1.0,15.3,24.7,No,0.0,No
3.2,12.1,0.0,2.8,3.9,ESE,41.0,SE,SE,17.0,20.0,69.0,51.0,1033.6,1033.2,7.0,5.0,9.3,11.1,No,0.2,No
3.672658537031444,16.170926373484278,0.0,3.1116243447547163,6.9930202872955975,W,68.517449281761,NNW,S,22.5930202872956,29.482550718238997,56.55812172377358,59.69771597786164,1014.916871893912,1008.7471002961258,2.186040574591194,6.110469569056605,10.619181445308175,13.878483474037736,No,2.5783086955814927,Yes
15.01502413253535,28.826257718055903,5.74059266022493,2.660096530141396,7.483597486731999,NE,42.29014479521209,NW,NNW,5.713301156619535,19.84975867464651,82.00344595183162,49.14679537352186,1012.7423156361408,1008.314334942169,2.7167471084511634,7.0,20.498277024084185,27.59793242890102,Yes,5.4376880574898045,Yes
-0.0551039525642284,17.461834382217802,0.0,1.587278127405934,8.406360936297034,W,38.71375786663352,SE,NNW,6.0,15.12721872594066,80.80917191108901,48.54067958524781,1025.6876476207624,1021.9940085570596,1.1908280889109908,5.063609362970331,6.387647620762475,17.114127359990054,No,0.0,Yes
0.4,13.9,0.6,0.8,7.7,WNW,41.0,E,WNW,6.0,19.0,99.0,59.0,1023.0,1021.0,3.0,6.0,4.2,12.1,No,0.0,No
12.0,27.6,0.0,6.0,11.0,E,46.0,SSE,WSW,7.0,6.0,69.0,35.0,1025.5,1022.2,1.0,1.0,15.7,26.2,No,0.0,No
7.0,14.3,2.6,9.6,9.7,WNW,63.0,NW,W,26.0,33.0,68.0,40.0,1010.3,1012.7,1.0,3.0,9.1,13.7,Yes,0.0,No
11.3,21.7,3.4,8.2,5.6,E,41.0,SE,NE,11.0,11.0,67.0,52.0,1020.4,1019.1,8.0,3.0,12.4,21.0,Yes,0.0,No
8.3,17.0,0.0,5.6,4.6,E,41.0,SE,E,11.0,24.0,65.0,57.0,1026.2,1024.2,6.0,7.0,12.1,15.5,No,0.0,No
17.110825224284376,21.473267473397637,8.184817650746758,6.873267473397631,0.0,ESE,33.0,SSE,N,7.751155017734913,13.0,92.0,80.50693010640947,1012.2592081994557,1009.434323701229,8.0,8.0,18.31221124556627,20.785478718963905,Yes,8.21244943009191,Yes
15.996704467019496,20.320728758985688,14.715870365747785,5.720728758985685,0.0,N,33.0,SSE,NE,8.51951416067621,13.0,92.0,85.11708496405726,1010.0693846420728,1007.3213360581404,8.0,8.0,18.120121459830948,19.440850218816635,Yes,14.92897228630637,Yes
15.506229937005624,22.40046147681523,0.6027688608913879,4.807383629043701,1.8956159702553024,NW,28.011536920380784,SSE,WNW,6.002307384076157,18.98615569554306,89.00692215222847,68.01845907260926,1018.6900782484726,1015.391001202103,8.0,7.002307384076157,17.10323033770662,21.10230738407616,No,1.0367404279438843,Yes
4.4,21.8,0.0,6.2,12.1,S,35.0,SSE,SSE,15.0,15.0,60.0,31.0,1020.8,1019.3,1.0,1.0,11.7,20.0,No,0.0,No
-0.0527369973315979,17.628981533669947,0.0,2.292887550358715,9.099648039452978,NW,31.884134575697345,NNE,NW,2.5254743143787017,20.71373037972662,80.3158628624862,37.575455435286166,1023.7274879136024,1018.6477854250392,0.8654368384170392,1.8361744847794883,7.759818623890209,17.03189233173592,No,2.490075087883305,Yes
11.710823036282292,17.08185689302778,0.7329535776743056,2.007974868839584,0.6369410120940974,NE,22.681856893027778,SE,NNW,7.9943036651145825,13.681856893027778,95.64767888371529,79.9658219906875,1025.214725306041,1023.244261082784,8.0,7.664767888371528,13.776160558142362,16.114240837213544,No,1.1104185490523424,Yes
17.024676571598143,29.424245333729,0.0,6.85452799762602,9.601724951476578,ESE,53.523718082802965,S,N,14.523718082802962,23.025874272148684,61.22520382252417,33.982750485234206,1016.5995687621308,1012.5489219053272,4.744609526635691,5.493531431962829,21.90086247573829,28.924245333729,No,0.0,Yes
2.4,20.6,0.0,2.8,10.1,E,30.0,SE,SSE,9.0,7.0,77.0,34.0,1024.8,1021.0,1.0,2.0,10.6,19.8,No,0.0,No
12.1,27.8,0.0,5.0,11.5,E,41.0,SE,NNE,7.0,11.0,66.0,33.0,1024.8,1023.1,0.0,1.0,17.8,27.0,No,0.0,No
2.3,12.8,0.0,2.2,9.6,WNW,35.0,ENE,WNW,4.0,24.0,70.0,48.0,1021.2,1018.1,1.0,1.0,7.8,11.6,No,0.0,No
16.290160004678302,24.467103444242845,0.1893158622302862,6.696157239927424,4.849577928775994,NW,50.0,WNW,NW,12.679475866908586,33.61106208993721,71.14526897842289,58.61106208993721,1008.6318634372252,1005.2998110239164,6.626055178060017,7.0,20.33973793345429,20.31668137301884,No,0.0,Yes
5.4,15.5,0.0,1.6,5.8,NNE,20.0,SSW,NNE,7.0,7.0,80.0,58.0,1028.6,1025.5,7.0,1.0,9.4,14.9,No,0.0,No
0.5,17.1,0.0,4.0,9.4,NW,31.0,ESE,W,6.0,13.0,74.0,42.0,1020.8,1017.4,1.0,1.0,7.4,16.2,No,0.0,No
15.790490807478276,24.66790502416104,1.535810048322069,6.818723036624827,3.177266542473448,S,46.22585783317241,NW,NE,4.377414216682759,6.811292891658621,87.0564644582931,54.67905024161034,1012.8190183850434,1009.3246648308728,7.188707108341379,7.0,17.462258578331724,23.849034313326896,Yes,1.5987792597291028,Yes
8.12357566329706,18.86861982700641,0.0,5.663427418974355,5.886378858287261,NW,59.91194348293264,NNW,NW,24.63607351719814,31.6121429854436,67.69041951773241,51.139741334222606,1001.7742170176722,997.8519505139958,6.079172337185945,6.0272090796293325,14.02444648240051,16.255805315565375,No,1.0228950937637808,Yes
8.096695303162464,22.66823050780352,0.0,3.373847709212925,6.205354002717038,NW,30.96727584749083,SW,S,6.530559262654971,19.99465604378525,67.76827864868135,28.860113342372653,1019.2091601137294,1014.9507829232076,7.057716062811652,7.093005632178065,14.649845049243105,23.45803912747949,No,0.0,Yes
14.5,21.8,0.0,8.4,9.8,ENE,43.0,ESE,E,11.0,30.0,69.0,63.0,1015.0,1015.3,7.0,1.0,18.6,20.5,No,0.0,No
14.73753386766868,19.856300801503014,19.664024328116305,2.472493226466264,0.163753386766868,SE,41.36246613233132,ENE,NW,6.9061653308283,20.0,84.17479679398792,90.54369919849698,1014.1300812824048,1012.722628697141,8.0,8.0,16.891260160300604,16.3543699198497,Yes,19.145432844902587,Yes
-0.6,14.0,0.0,1.2,7.1,NW,41.0,WNW,NNW,2.0,22.0,86.0,59.0,1030.0,1026.3,5.0,5.0,3.7,13.6,No,0.8,No
10.1,28.2,0.0,6.0,7.3,ESE,39.0,SSE,WNW,6.0,7.0,72.0,28.0,1021.1,1018.2,1.0,7.0,15.6,27.0,No,0.0,No
9.8,26.3,0.0,5.2,13.0,NNW,41.0,W,NNW,6.0,19.0,63.0,35.0,1023.2,1018.0,1.0,1.0,15.3,23.9,No,0.0,No
5.0,20.9,0.0,2.0,8.9,WNW,22.0,SE,NW,0.0,7.0,84.0,42.0,1019.9,1014.3,7.0,6.0,10.1,20.6,No,0.2,No
10.1,28.2,0.0,6.0,7.3,ESE,39.0,SSE,WNW,6.0,7.0,72.0,28.0,1021.1,1018.2,1.0,7.0,15.6,27.0,No,0.0,No
15.650390150074202,21.18355008337456,5.199479799901066,6.489120088932861,0.8498699499752663,S,31.111400111166077,SSE,NE,6.055700055583038,7.334200333498225,92.94429994441695,85.44299944416963,1010.339510239007,1008.7615301611908,8.0,8.0,16.705830105607774,20.116970116724374,Yes,5.9996756590589575,Yes
13.79445798114746,26.00208358459296,0.0357905854054894,6.940518255810201,6.791306200877653,NNW,63.65785304729415,N,NNW,6.686832377701967,46.43416188850984,69.38688518446271,65.43162341621958,1017.6176414454736,1014.6042199759466,7.0,7.044738231756861,19.196033871282363,18.53472238972864,No,0.0,Yes
2.026413933334746,10.201407271173103,0.0250366912092799,0.8523224299955698,5.466489188415243,NW,45.6666682819185,NNW,WNW,23.748539949753816,34.34834969241787,75.01960614909606,72.00993323314056,1010.1416067214784,1009.3785836179984,2.887940090189463,4.646312835884814,7.92243252914336,8.600928198047068,No,0.0581014604476253,Yes
12.6,20.2,19.8,2.6,9.1,W,46.0,NNW,W,17.0,20.0,76.0,50.0,1007.9,1008.4,5.0,4.0,15.1,17.4,Yes,0.0,No
17.0,33.8,2.0,9.0,13.5,WNW,52.0,NNW,W,6.0,24.0,65.0,35.0,1004.0,1001.8,2.0,3.0,23.0,31.8,Yes,0.0,No
16.101370977627514,20.885755218093845,0.6502979282518918,9.512297961490464,0.2708354747933276,ESE,39.240472944648566,ESE,ENE,17.958474339379116,19.66198945703932,62.26136266161991,55.57102109088356,1017.2553037217616,1016.2809971625592,8.0,8.0,17.856140361570546,19.35794344372041,No,0.0,Yes
12.7,25.1,0.0,7.8,12.4,NW,46.0,WNW,WNW,20.0,26.0,57.0,32.0,1007.4,1005.4,1.0,1.0,15.7,24.5,No,0.0,No
1.425830644928784,9.074169355071216,0.0,1.987084677535608,1.7924348121960918,NW,61.25830644928784,NW,NNW,27.25830644928784,33.59686491848294,83.93542338767804,83.90867271437563,1015.192434812196,1011.3418810489102,7.0,7.0,5.657011424518052,6.712915322464393,No,0.0,Yes
10.3,27.8,0.0,6.4,9.9,ENE,35.0,SE,NE,6.0,11.0,64.0,29.0,1021.3,1018.1,3.0,6.0,17.0,26.3,No,0.0,No
7.5,20.9,0.0,6.6,8.7,ENE,39.0,SE,E,13.0,20.0,61.0,43.0,1020.6,1018.3,6.0,7.0,15.3,19.8,No,0.0,No
0.4,19.0,0.0,3.4,8.3,NW,39.0,NE,WNW,2.0,19.0,76.0,41.0,1019.8,1015.8,6.0,5.0,7.7,18.5,No,0.0,No
12.701332660704804,26.67082341071261,2.68329364285045,4.552784392858259,9.954640654763764,ESE,36.96287476188989,ESE,SSW,4.763921964291292,15.981437380944945,78.47215607141742,35.49071869047247,1013.342170422626,1009.2403141607203,3.9814373809449446,3.509281309527528,16.761542101185086,25.318039017854357,Yes,2.56875346791938,Yes
6.3,16.1,0.0,1.8,2.9,S,35.0,S,S,19.0,24.0,63.0,33.0,1019.7,1016.2,7.0,7.0,10.0,15.7,No,0.0,No
15.5,21.1,5.4,6.4,0.9,S,31.0,SSE,NE,6.0,7.0,93.0,86.0,1010.1,1008.6,8.0,8.0,16.6,20.0,Yes,1.4,Yes
-3.4,12.5,0.0,3.0,6.8,SSE,48.0,NNW,WNW,7.0,30.0,89.0,30.0,1025.2,1021.8,6.0,7.0,1.4,11.2,No,0.0,No
15.042885351042358,24.47408138730728,1.1481627746145555,5.378890305711208,2.263526540162881,NW,40.6880396373508,S,NNE,4.93119603626492,6.53440198186754,85.6720099093377,52.74081387307278,1014.3142292979152,1010.681430288849,7.46559801813246,7.0,17.40688039637351,23.62752158549403,Yes,0.0,Yes
16.69100833151995,19.91734814492436,0.6263398134044071,9.005994445653364,0.0,E,27.131699067022037,ESE,E,6.161671295288862,11.323342590577724,88.64668518115545,72.64668518115545,1011.2981837925688,1009.320345367751,8.0,8.0,16.823342590577724,18.914350922097675,No,0.0,Yes
-3.5,11.2,0.0,1.6,7.7,ESE,26.0,N,ESE,6.0,11.0,76.0,48.0,1033.5,1031.1,1.0,5.0,3.6,10.1,No,0.0,No
8.1,18.7,0.0,4.4,7.1,ESE,33.0,SSE,ESE,11.0,30.0,66.0,65.0,1028.2,1024.2,4.0,7.0,13.5,15.6,No,0.0,No
14.694973384123998,29.70307256925183,0.0,6.143575230839429,9.062569907664228,E,45.594973384124,SE,NNW,6.594973384123996,15.625699076642285,65.62569907664228,37.31284953832114,1015.2913415535584,1011.9067043998176,4.282123845802855,7.343575230839429,20.22262650739045,29.1,No,0.0,Yes
11.533500369142736,26.472064334658672,0.0,6.4260433819627645,10.856761399204796,NE,42.869783090186175,NW,WNW,5.116305150310296,13.0,66.73956618037235,40.36282721043442,1012.7246522060124,1009.888369484969,4.116305150310296,5.506955879751763,15.904173527851055,24.98647720159041,No,0.2845028388028249,Yes
15.578554794821788,21.289277397410896,5.801153207903586,8.965795601907763,3.380284606677169,NE,33.0,NW,NE,15.968102017714935,17.139124008176125,93.37970800272538,68.41160598501044,1015.158839401499,1012.6727518023166,8.0,5.240583994549251,15.740583994549253,20.16840879618448,Yes,5.559458417158464,Yes
1.3949208846142809,13.35958038307944,0.3579683538457122,2.4715936707691424,4.35958038307944,W,68.21015823077144,NW,NNW,20.926094938462864,28.0,56.93765189230284,73.01155695383997,1012.8685829184668,1007.0140816507732,3.5057784769199856,7.0,9.664203164615428,11.360736078463438,No,0.0,Yes
1.6592286354182768,9.234931185410549,0.0,1.5184572708365538,2.438788008319164,NW,59.65068814589452,NW,SE,29.02920089585588,34.436914541673104,80.74765816669243,81.62148725003864,1013.5301376291789,1010.1903029979202,5.873829083346214,6.436914541673107,6.478622639577859,7.26600554791248,No,0.0,Yes
13.8,33.5,0.0,11.4,13.6,NE,31.0,SSE,NE,7.0,9.0,44.0,20.0,1019.2,1015.6,0.0,1.0,21.9,32.2,No,0.0,No
0.6,14.0,0.0,2.2,2.7,NE,17.0,SE,ENE,7.0,7.0,99.0,67.0,1032.3,1028.9,7.0,7.0,4.6,13.9,No,0.0,No
5.8,12.4,0.0,1.6,0.0,SE,26.0,SSE,ESE,13.0,13.0,79.0,73.0,1027.3,1023.5,8.0,8.0,8.7,10.8,No,0.0,No
7.667179950916022,24.40308307846017,0.0,3.561722112882704,6.460861166738381,NW,32.65718450938012,SW,NW,6.137515628248553,19.53372158007014,70.1882514156028,29.73001816790071,1019.1473825653354,1015.4380819836236,6.967725693595153,7.01970177052415,14.309684016878965,23.868953551091924,No,0.0,Yes
16.06150176932592,20.41957043146957,3.728841541392309,5.819570431469565,0.0,N,37.19313378563545,NW,ESE,8.677253514254181,15.935193649944818,92.83862675712707,83.12832743558027,1012.6388838100332,1009.4034331071824,8.0,8.0,17.619441905016554,19.793776417900503,Yes,6.074391896003801,Yes
7.3,16.4,0.2,1.2,8.5,NW,43.0,N,WNW,15.0,24.0,86.0,48.0,1023.7,1019.7,1.0,1.0,11.2,14.7,No,0.6,No
12.115011598640068,28.082218491641477,0.0,7.466556301896475,8.200796501516539,ESE,40.001915565050645,SSE,WNW,1.921501853068163,9.14377478684032,77.22001449839827,31.82623897513888,1012.085103514206,1008.7087712145312,2.052818616048487,6.896803418620859,16.774734412343676,29.41196550867148,No,0.0,Yes
15.977756052910204,26.73930203459513,3.5777560529102037,8.952120040700155,6.251744913512168,NE,40.5598499491248,NE,S,11.128180061050234,13.0,66.93590996947488,47.12818006105024,1014.0384540183152,1011.8328930315428,6.688030010175039,6.752120040700156,19.40339206512025,25.11451403866515,Yes,4.820370097740792,Yes
8.937332542175337,19.514666021248303,3.850666708306561,3.5439996252409496,2.735999906310237,NW,68.70666396007353,NNW,SSW,17.28000187379525,11.640000936897623,86.38666739536482,79.02666833226245,1010.5653335103028,1009.2053336664524,7.373333229233597,7.0,14.209333135543837,15.437332542175335,Yes,3.999406147600183,Yes
0.5,17.1,0.0,4.0,9.4,NW,31.0,ESE,W,6.0,13.0,74.0,42.0,1020.8,1017.4,1.0,1.0,7.4,16.2,No,0.0,No
13.995384385207917,23.69538438520792,2.270770266564374,6.169230481509896,4.25999925192573,S,76.13846844376249,N,NNE,7.84615240754948,11.169226741138546,79.78461711094063,71.58461337056927,1005.77077213675,1004.1353870034678,7.630769518490104,7.0,16.32307620377474,20.236923048150988,Yes,1.1584655269129036,Yes
-1.6,11.5,0.0,2.8,8.9,N,31.0,ESE,NNW,7.0,20.0,82.0,53.0,1024.3,1021.9,1.0,1.0,3.0,11.1,No,0.0,No
16.696091613545164,22.488599378781124,1.1315962726867397,6.217590060497972,1.0583059015793292,NE,30.21498446952808,SSE,S,6.442996893905616,16.3420186365663,90.32899068171685,71.54397515124494,1016.795113356206,1013.6723121137682,8.0,7.442996893905616,17.72019565146786,21.542996893905617,No,0.9301239184595868,Yes
6.506310129520706,17.344465823829584,4.83970760100946,2.209029113989349,2.3006797461171606,NW,58.18737974095859,NW,WNW,23.187379740958587,15.225727849733726,88.68398101037279,85.22572784973373,1011.3715531657976,1010.5670386088028,7.045145569946746,7.045145569946746,13.658009494813609,12.767038608802956,Yes,5.413390743605185,Yes
14.986714282113493,29.38663775728824,6.319979593379933,2.360142846340476,7.7999234751747455,N,40.86663265563322,NW,NW,6.466785705283729,21.39984695034949,79.99974491724915,48.06668367218339,1013.0133622427118,1008.6000765248252,2.3334183609169497,7.06668367218339,21.026673468873355,28.07330102285156,Yes,7.484940407149295,Yes
13.945129784285124,18.245129784285123,11.163458784152516,3.645129784285124,0.0,NNE,39.15850098052216,NNW,NE,10.231700196104432,17.310950686365516,93.23170019610444,91.07925049026107,1009.6237751470784,1006.3079250490262,8.0,8.0,17.014639843116452,17.368299803895567,Yes,10.71047600447493,Yes
13.796719992002233,25.38304404252828,0.0,6.6856132782790585,5.936204695372535,SW,61.915462206839365,N,NNW,11.024797048480483,20.180088741573115,77.37797488612466,74.5580234981109,999.0836075720464,999.381748901935,7.290048643860484,6.766830877377704,17.691061299737914,20.55696232120312,No,0.9803198388144454,Yes
8.796287145966778,21.239774025842816,0.2533217449150161,2.3066434898300323,1.8201042957648548,NNW,33.30026073941214,SSW,SSW,5.266608724575081,6.0,82.26660872457508,47.53321744915016,1019.583521645131,1014.8401216783924,7.63330436228754,7.36669563771246,13.229678421391696,20.33977402584281,No,3.003345235882896,Yes
6.967764650173069,26.4611376009164,0.0,6.429108218538474,7.915969523669002,SSW,70.75980320291401,N,NNW,7.0748732069441855,31.44962517659604,56.27382315837402,47.11174327034124,1021.1363760775536,1015.3122171371608,3.899748233261437,7.009069976672125,16.080089046354964,24.313401083322944,No,4.332594704407967,Yes
3.8,17.4,0.0,2.6,7.3,E,24.0,ESE,W,2.0,7.0,81.0,47.0,1024.5,1022.9,6.0,2.0,8.0,16.6,No,0.0,No
13.8,33.5,0.0,11.4,13.6,NE,31.0,SSE,NE,7.0,9.0,44.0,20.0,1019.2,1015.6,0.0,1.0,21.9,32.2,No,0.0,No
0.3,16.0,8.2,5.4,11.8,NW,57.0,NNW,N,11.0,28.0,68.0,45.0,1016.8,1013.3,1.0,1.0,6.9,14.6,Yes,0.0,No
13.3,15.5,39.8,7.2,9.1,NW,54.0,WNW,W,30.0,24.0,62.0,56.0,1005.5,1007.0,2.0,7.0,13.5,14.1,Yes,2.8,Yes
7.9,19.7,0.0,3.2,8.3,ESE,48.0,SSE,ENE,17.0,11.0,58.0,43.0,1027.3,1024.1,3.0,6.0,14.0,19.1,No,0.0,No
14.17998744678155,25.96382713325148,0.0,7.1348443547668285,7.443905680145137,NNW,63.996102772403326,N,NNW,7.569437051407591,48.34434539626547,68.77641808225383,61.51023415034607,1016.5200034460192,1014.269186562434,6.696739490252239,6.964789627975155,19.425072530253203,18.79231663960061,No,1.5942160026129557,Yes
13.8,31.2,0.0,7.2,8.4,ESE,44.0,WSW,W,6.0,19.0,72.0,23.0,1014.4,1009.8,7.0,6.0,20.2,29.8,No,1.2,Yes
9.2,19.6,0.6,3.4,10.4,ENE,31.0,SSE,NNW,4.0,7.0,71.0,42.0,1022.3,1019.7,7.0,4.0,11.6,18.4,No,0.0,No
7.686862715126147,15.808186953718344,0.4030040076528113,0.7778922547403064,7.862804395978297,NNE,29.0707338209846,SSE,NE,6.810233560714518,19.00323110754574,74.72549194777204,62.95083104578955,1031.2462633101231,1027.308082832451,7.060476071366747,7.27200874807126,12.642037295317984,14.727435344032193,No,2.806735638464022,Yes
3.517377754107164,20.6074099949914,0.0,4.249360558968907,6.935341214438368,SW,70.0,NNW,NNW,14.213218699078286,30.433369156538035,54.46002149392282,57.77984954254025,1019.000693175838,1013.022708221584,2.460021493922821,7.0,12.912047286630209,17.912740462468353,No,0.0,Yes
10.357152708151895,19.85335739362232,0.0,6.100875841814518,3.2927013182123512,NNE,40.44598975477141,NNE,NE,16.472265009206936,18.46350659106176,70.00583894543013,52.50437920907259,1010.6216040980914,1006.6761292807998,7.002919472715059,7.002919472715059,15.2524815518078,18.3049631036156,No,0.2903154119361352,Yes
13.983616211355653,20.75017416083168,7.391551754527423,9.16567586605142,5.238959212927665,NW,31.84838995533832,NNW,NNW,19.056923326157392,19.07917219233516,92.72176393757832,62.024492073698525,1014.9790570519756,1012.2751045573738,8.0,3.96169653863491,13.788697686363395,19.50520698897905,Yes,6.894344349955443,Yes
17.105628163104562,29.62532673397052,0.0,5.832361937851219,9.19437183689544,E,48.07738724268769,SE,ESE,9.042211223284198,17.0211056116421,66.9366831650737,38.16884489313679,1016.6423113281784,1012.7528641339992,6.0,7.0,21.71969857086596,29.060602858268084,No,2.990383810713986,Yes
1.9231449803085217,12.15522944489657,0.5692579921234088,2.5138515984246816,3.1552294448965696,W,67.15371003938296,NW,NW,20.292226023629773,28.0,59.261837913357496,75.96961188972773,1010.3119782953067,1005.1336038701016,4.9848059448638615,7.0,9.64307420078766,10.452190633869344,No,0.0,Yes
6.3,11.8,0.0,2.6,6.5,WNW,63.0,NNW,WNW,20.0,28.0,81.0,48.0,1018.7,1020.4,6.0,1.0,7.0,11.5,No,0.0,No
0.7,14.1,0.0,5.6,9.0,ENE,20.0,SSW,NNW,6.0,7.0,69.0,43.0,1026.7,1022.1,7.0,1.0,7.4,13.7,No,0.0,No
12.560393996079034,23.254328599435475,2.245515945106465,6.7957491282935525,10.70228089131128,NW,49.27008844259681,NNE,SW,14.332296963612947,16.895282761919376,69.4582685602258,43.0,1011.5397614593792,1008.8522031635824,6.229134280112905,3.312597159661286,15.38952827619194,21.51472259551451,No,4.82525383131563,Yes
16.31513738860239,20.650142126140405,12.849194618537709,6.050142126140404,0.0,N,33.0,SSE,NE,8.29990524923973,13.0,92.0,83.79943149543838,1010.6952700396668,1007.9252605645908,8.0,8.0,18.175023687690068,19.825165813830477,Yes,12.619141925582218,Yes
14.9,28.8,0.0,5.8,8.1,NNE,30.0,SSE,NNE,7.0,11.0,71.0,44.0,1018.2,1014.5,7.0,2.0,19.1,27.0,No,0.0,No
8.3,28.5,0.0,5.8,9.8,NW,46.0,W,NW,2.0,26.0,66.0,30.0,1024.1,1019.8,1.0,6.0,16.8,27.4,No,0.2,No
4.537570582975815,14.111476733789402,2.5465772864891303,2.0546577286489134,1.963973185946739,NW,61.18013407026631,NW,SSW,26.54348974864402,22.267113567554347,86.8198659297337,85.0,1012.4354093064844,1010.4363355678378,7.0,7.0,10.774832412167118,10.52887263324701,Yes,0.0,Yes
14.223183413219012,18.651758528058533,16.774941941277547,4.549987098061676,0.0,NE,32.6785622129012,S,NNE,7.874967745154191,10.910654383857784,92.803594467747,88.9643133612964,1011.7697308667936,1008.941155751954,8.0,8.0,16.76246451966961,17.474967745154192,Yes,15.824713390509544,Yes
6.3,19.3,0.0,3.4,10.6,S,31.0,S,SE,9.0,13.0,65.0,39.0,1027.9,1024.4,1.0,1.0,12.6,18.8,No,0.0,No
13.115435988465698,15.71971906135036,36.30207254330227,6.989069701103655,9.038478662821898,S,54.96676386994158,W,W,29.472674252759138,24.79098862086129,62.26366287362043,54.5937980073577,1005.8515504981606,1006.8505910382818,2.263662873620432,6.736337126379569,13.4384786628219,14.284564011534302,Yes,36.256032070346535,Yes
13.218539492688086,22.275280676415885,4.843258816272201,4.280337801648373,3.193445933882791,NNW,31.030899154480142,NE,NW,9.4981288238941,15.061798308960288,95.96910084551986,70.90730253655957,1015.696910084552,1013.790730253656,8.0,5.969100845519856,15.025093558805295,20.02200364335728,Yes,3.850340795015053,Yes
8.7,13.0,0.6,3.2,7.1,WNW,54.0,W,WNW,19.0,28.0,82.0,58.0,1013.7,1014.1,4.0,2.0,8.8,11.1,No,0.0,No
16.12931004003415,21.03914092670476,5.149013114217594,6.258451928441929,0.8288355018839132,S,29.82739097727622,SE,NE,6.659043955511105,6.973193043078262,91.73687301237877,82.81453988938537,1010.1762648740248,1007.7520244481766,8.0,8.0,16.435381268358267,20.13113789941128,Yes,5.650527318605958,Yes
14.030554037203302,24.057132706620507,1.2206280612857363,2.879397343732119,0.8104448100993369,NNW,29.04717460487854,SSW,S,6.772877744004544,6.9328675406718325,85.18585159887164,47.4956230281339,1016.5571630950412,1013.3852976959604,8.0,7.250679090223918,17.03817548009917,24.47291501044057,No,1.134457919360545,Yes
15.1,28.3,14.4,8.8,13.2,NNW,28.0,NNW,NW,6.0,13.0,73.0,44.0,1016.8,1013.4,1.0,5.0,18.3,27.4,Yes,0.0,No
14.329889528057734,25.112302261872173,16.86779317524782,3.4923976989921623,8.413406981294845,NE,45.07429075683298,SE,SE,13.521767551076277,22.62681396258969,75.04526735539795,50.50725585035876,1010.5807883384182,1007.8925709243168,2.0,7.0,18.649447640288663,23.78096156374269,Yes,15.85066915867744,Yes
10.6,15.1,3.8,0.2,2.6,SSE,41.0,SE,SE,9.0,20.0,78.0,65.0,1028.2,1025.7,8.0,7.0,11.5,13.3,Yes,0.0,No
-0.2998685267537431,17.5001128685416,0.0,1.60007565913228,8.399990697647672,W,39.000068217250416,SE,NNW,5.999987596863561,15.00001240313644,80.99987596863562,47.999875968635614,1025.4998889919289,1021.7998834105176,1.000037209409318,4.999981395295341,6.200107907287022,17.200104186346092,No,3.077616500374297,Yes
13.316206182446448,17.724309273669668,8.151270077816218,2.7567587635107103,0.0216206182446446,NNW,42.78379381755355,N,NE,10.459484543883883,20.0,92.70276290532132,92.67569072633032,1010.7188948378716,1007.3215834932964,8.0,8.0,16.464861854733932,16.567569072633034,Yes,6.360779785540535,Yes
13.0,14.8,0.0,8.2,0.0,SE,30.0,ESE,ESE,9.0,17.0,77.0,62.0,1017.4,1019.3,7.0,8.0,13.3,13.9,No,0.0,No
-2.7,18.1,0.0,2.2,9.3,W,52.0,SE,WNW,0.0,24.0,85.0,36.0,1017.8,1014.3,1.0,1.0,3.5,16.7,No,0.0,No
16.54811474179778,19.560462208527376,9.016635941892176,4.042994469540592,4.868650689783932,NW,73.8182995360814,NE,W,36.63659907216279,29.603327188378437,86.4465806372981,65.96672811621565,998.2056930899728,997.6925138261485,8.0,3.7933456232431295,18.418299536081395,17.418299536081395,Yes,10.160202253141136,Yes
0.6793174617017885,11.495273932638645,1.3006087391969827,1.8733739159464653,0.0,W,39.16565210133836,NW,NNE,0.3668695797323276,4.899391260803017,92.91717394933082,88.28404352906314,1016.8580261842066,1011.8065522849524,7.183434789866164,8.0,3.849134839942694,9.231960890611877,No,4.080764924852716,Yes
17.6,27.8,5.2,10.2,3.6,ESE,39.0,N,NNW,13.0,13.0,66.0,49.0,1014.6,1012.8,7.0,8.0,21.4,26.3,Yes,2.2,Yes
14.849464495370652,22.982058083089417,0.5315225784600687,4.046748363060756,1.4206580492204806,NW,28.68477421539931,SSE,SW,6.0,14.548967599904463,86.94567735380205,61.494644953706526,1018.1864193384506,1014.6809870738308,8.0,7.0,17.168477421539933,21.81901292616928,No,0.0,Yes
14.873576778490555,20.208571155232733,5.125472836523783,6.200667109378676,1.0524279863137171,S,33.49159577823961,SSE,NE,5.631362475512788,6.718995512800571,94.02213654176536,85.72985649614637,1011.09830276695,1009.4366371988588,8.0,8.0,17.005519290481512,19.20005699402037,Yes,5.326427138028024,Yes
9.35775918901335,21.02704303750725,1.9509182784997097,4.328879594506676,6.74290643074434,SW,41.69949468251596,SE,NNW,10.79132253248694,13.03673113998839,94.0367311399884,56.0,1016.7803031904904,1012.474793519492,5.490817215002902,3.227043037507256,12.368778531009868,20.302502176757116,Yes,1.8327965176137229,Yes
-1.7,13.6,0.0,1.8,5.2,NNW,28.0,SE,NNW,7.0,17.0,83.0,46.0,1023.0,1020.1,1.0,7.0,3.9,13.3,No,0.2,No
10.173620854700646,29.826379145299352,0.0,6.968276239315761,8.663275555555945,E,41.94655384615116,SE,W,2.525863247861756,12.579309401710596,62.26379145299354,35.789654700855294,1013.5465538461513,1010.9887948717928,0.8948273504276488,7.894827350427649,17.410517264957235,28.95275829059871,No,0.685505750599664,Yes
12.1,30.9,0.0,6.2,12.4,NW,44.0,WNW,W,7.0,20.0,67.0,20.0,1017.3,1013.1,1.0,4.0,19.7,30.7,No,0.0,No
17.5,35.8,0.0,9.4,13.3,SSE,57.0,NNW,NW,6.0,19.0,56.0,24.0,1011.8,1006.5,0.0,1.0,24.7,34.5,No,0.0,No
15.222286128806283,19.643519767868483,18.21559168862325,5.0435197678684816,0.0248684387819893,NE,32.658058966747646,SSE,NNE,8.937828903045027,12.782401160657592,91.37828903045026,86.94309135176545,1008.9890956008406,1006.2984212653838,8.0,8.0,17.940937457892776,18.643519767868483,Yes,18.132940681527327,Yes
0.3,16.0,8.2,5.4,11.8,NW,57.0,NNW,N,11.0,28.0,68.0,45.0,1016.8,1013.3,1.0,1.0,6.9,14.6,Yes,0.0,No
-3.5,11.2,0.0,1.6,7.7,ESE,26.0,N,ESE,6.0,11.0,76.0,48.0,1033.5,1031.1,1.0,5.0,3.6,10.1,No,0.0,No
5.0,24.1,0.0,6.2,12.0,NNW,52.0,SE,NNW,0.0,26.0,73.0,34.0,1024.5,1020.7,6.0,1.0,11.6,21.9,No,0.0,No
0.8,13.0,0.0,1.4,4.1,WNW,41.0,S,NW,2.0,28.0,95.0,69.0,1028.2,1024.2,8.0,6.0,4.3,11.7,No,0.0,No
14.67008066480121,26.643110206565325,0.0,5.273029541764117,7.706917034998332,ESE,48.0,NNW,ESE,11.927613656866017,17.0,67.8782840970598,40.927613656866015,1019.451956837454,1015.6983375202972,6.2927613656866015,7.0,19.47501362078183,26.113834069996667,No,0.0126544427436384,Yes
-1.5,14.8,0.0,2.2,8.0,NW,15.0,N,NW,6.0,9.0,90.0,41.0,1029.1,1026.0,4.0,3.0,2.1,14.5,No,0.0,No
-5.3,13.1,0.0,2.2,7.9,NW,33.0,N,NNW,4.0,20.0,94.0,47.0,1029.6,1025.6,6.0,6.0,0.1,12.2,No,0.0,No
10.219433450464663,14.89301826633566,1.1384901530065707,1.0267919320517631,0.0662263342838942,ESE,20.80943297458093,S,ESE,8.77924555238702,10.705660736516023,98.55849110477403,86.0,1027.1460393879738,1025.8313224247995,8.0,8.0,12.431131671419472,14.07094282157436,No,1.1741176808045908,Yes
1.5643918863223676,11.06498516795908,0.5899110077544929,1.5400593281636712,0.1299703359181643,W,37.10088992245507,SE,N,0.0,10.548961757135748,96.54896175713574,92.8486651163174,1020.8985167959082,1016.8632053230488,7.0,8.0,4.934421550404203,8.635014832040916,No,0.0,Yes
-5.3,13.1,0.0,2.2,7.9,NW,33.0,N,NNW,4.0,20.0,94.0,47.0,1029.6,1025.6,6.0,6.0,0.1,12.2,No,0.0,No
-0.3,9.3,0.4,1.4,9.9,N,39.0,NNW,N,9.0,30.0,72.0,60.0,1017.4,1016.6,1.0,1.0,4.7,8.3,No,0.0,No
4.4,18.2,0.0,3.6,11.0,W,31.0,SE,WNW,7.0,19.0,78.0,35.0,1017.4,1015.0,1.0,3.0,9.2,17.2,No,0.0,No
14.660325444014878,28.19637081080553,9.510086779935392,2.3028284015464404,8.193116370656748,N,42.21051281853773,S,S,8.23479289576196,22.186232741313496,79.23078895752178,48.74493096525399,1012.21093885714,1008.1789487181462,2.0,7.0,20.301627220074387,26.88705917373985,Yes,9.125228460468234,Yes
1.8003854370486856,11.288029975941942,0.416987864207238,0.9459457524725332,5.266409708634209,NW,47.35521055867353,NNW,WNW,24.0,31.12355461106743,76.45945752472534,74.25096359262172,1010.8416987864208,1009.5042469660518,3.416987864207238,5.208493932103619,8.304632403100495,8.658686650627962,No,0.0,Yes
17.299449129561236,27.6034859693285,4.899449129561234,9.96880702273941,4.091285076678751,ESE,39.288991221575735,N,NNW,12.653210534109116,13.0,66.17339473294544,48.65321053410912,1014.4959631602328,1012.620825442623,6.942201755684852,7.768807022739411,21.030091236383058,26.08036667160244,Yes,5.851631405470897,Yes
14.5,24.2,0.0,6.8,5.9,SSW,61.0,N,NNW,11.0,20.0,76.0,76.0,999.4,998.9,7.0,7.0,17.9,20.3,No,16.2,Yes
8.1,20.5,0.0,3.8,7.8,ENE,31.0,ESE,ENE,11.0,11.0,66.0,48.0,1027.8,1024.0,1.0,5.0,14.9,19.5,No,0.0,No
0.9108105655825828,10.46239892787106,0.0588801995111915,0.3785205728152683,5.303528819120617,NW,46.621776697530194,NNW,WNW,22.49469515564564,32.13701287107804,72.50386238758456,74.03751638570021,1012.2533958603472,1008.5897106855516,3.2218355414723527,5.174840557099319,7.78048008091262,7.492197435846215,No,3.194701707023686,Yes
6.3,11.8,0.0,2.6,6.5,WNW,63.0,NNW,WNW,20.0,28.0,81.0,48.0,1018.7,1020.4,6.0,1.0,7.0,11.5,No,0.0,No
-0.6,11.1,0.0,3.0,5.0,NNW,41.0,SE,N,7.0,26.0,89.0,78.0,1018.4,1015.9,7.0,7.0,3.8,5.7,No,1.2,Yes
14.86663807534733,21.53680132734667,4.963198672653332,5.3516768143679965,1.205760929142668,S,30.781599336326664,S,NNE,5.563198672653331,8.310403982040006,93.87360265469334,83.37919203591998,1011.344883782938,1009.8012036502032,8.0,7.781599336326666,16.316079137224666,20.08736026546933,Yes,4.445846348447693,Yes
12.966634673269,25.28536667698281,1.2749280148552518,5.562535992572374,11.250047990096498,NNE,42.229266646034375,NE,WNW,5.937559987620624,14.416586683172502,72.89561337872438,40.52097330444812,1012.6583413316828,1009.239609327969,5.645853329206875,3.6458533292068735,15.885366676982814,23.633269346538,No,0.94734349622657,Yes
16.8493094064394,23.24287394552469,7.271378163425933,5.6428739455246895,5.9,SSE,60.181604329685776,NNE,WNW,22.921833519640884,22.65574486735411,93.69482810753368,60.87011459497756,1004.5786806459104,1002.4494270251122,8.0,4.129885405022445,17.888275027946133,21.294828107533668,Yes,10.196391520246523,Yes
14.22132748473092,27.619314325375488,4.37464619655822,3.6806856746245113,9.25734503053816,ESE,39.5533187118273,ESE,SSW,4.5533187118273,18.383296779568248,80.27665935591365,39.3199122709638,1012.5383296779568,1008.3723340644086,4.170021932259051,4.1066374236546,18.46830774569777,26.391648389784123,Yes,4.74736759062747,Yes
13.6,24.1,0.4,2.6,0.5,NNW,30.0,SSW,S,6.0,6.0,83.0,49.0,1017.2,1013.3,8.0,7.0,17.3,23.2,No,22.6,Yes
13.64730858223014,18.741546767481285,32.06659556900893,5.9496891039715045,8.868460945179908,NNW,50.98999228733881,SW,SW,24.4430626843178,23.536921890359817,66.39924204158174,54.14768756143927,1007.2133890056688,1007.301000771266,2.0,7.0,15.236542911150687,17.364700672963295,Yes,32.672354618897806,Yes
16.500925028669613,24.49172074891726,0.5412582345824536,6.335800076452293,4.887141612512958,NW,49.50462514334805,WNW,NW,12.61470844482626,34.284458540391626,72.49537485665195,59.33950019113074,1008.1752082536956,1004.8036541077348,6.724791746304473,7.0,20.527520825369557,20.35684570113457,No,0.2026670052841024,Yes
15.398795380563248,19.420733639494838,0.0,6.751706544202065,2.7959846018774925,SSE,46.2535134733572,S,S,11.253513473357197,11.253513473357197,73.00200769906125,77.00200769906125,1011.122741338556,1010.2991969203756,6.750501924765313,7.0,17.14708883636118,17.12133594921321,No,3.291272687203027,Yes
0.5,15.4,0.0,2.4,6.4,W,70.0,NW,NNW,22.0,28.0,53.0,68.0,1017.2,1010.2,1.0,7.0,9.7,12.9,No,2.0,Yes
8.6,24.2,0.2,2.8,12.7,E,33.0,S,SE,11.0,9.0,63.0,37.0,1017.5,1015.1,1.0,1.0,13.7,22.0,No,0.0,No
15.811143501080966,24.2,0.1248708096267586,6.675129190373241,5.150775142239448,SE,54.13210547052827,SSE,NW,12.248708096267586,29.3653107220069,73.50258380746483,66.01033522985931,1004.7070094091372,1002.4588180743626,7.0,7.0,19.523320525147863,20.05025838074648,No,0.0,Yes
-0.0655843689947672,17.148376553492152,0.0,1.6586039077513082,7.140015983346874,SSW,39.0,SSE,SE,5.413960922486918,12.36282415119113,81.0,47.120941383730376,1024.9725648302383,1020.5400159833468,2.758117232539246,5.879058616269623,6.2,16.672564830238226,No,0.3631952864753043,Yes
2.654033764704041,19.441299240193395,0.0,2.6077626617640157,4.773135551470013,NNW,58.74530950978705,SSW,SSW,3.102485931373316,19.9114680637136,85.03881330882007,36.4736163480465,1021.142084904414,1014.3587007598064,4.307457794119948,8.0,7.680898213234028,18.586174943624727,No,0.6800608781958293,Yes
15.742865280757115,26.18573518032232,2.7999784455622354,9.657145496461768,9.42858198584707,NNW,69.14286374115441,NNW,NW,33.28569669025489,37.857167050899534,51.71422632961024,27.99995381191908,1013.7285912234632,1010.1428698995652,2.7142725176911644,1.0,20.84286989956521,25.48573671992502,No,0.8695953479555301,Yes
-2.1959635041789496,10.01210948746315,0.0,1.50403649582105,2.498209850971038,SE,33.72200727015776,SSE,WNW,4.439452562684247,16.381186114184132,88.35872264626325,67.56054743731575,1015.6206386768685,1012.3928394038842,5.9596350417894985,7.260091239552626,2.170410577986815,7.643945256268425,No,1.3776053463489868,Yes
5.0,24.1,0.0,6.2,12.0,NNW,52.0,SE,NNW,0.0,26.0,73.0,34.0,1024.5,1020.7,6.0,1.0,11.6,21.9,No,0.0,No
-3.4,12.5,0.0,3.0,6.8,SSE,48.0,NNW,WNW,7.0,30.0,89.0,30.0,1025.2,1021.8,6.0,7.0,1.4,11.2,No,0.0,No
13.12834880169819,18.847198366885312,14.05232025472835,8.573209586414489,6.43940642632193,NNW,65.15732788961772,NNE,S,37.724303923581495,29.14953594905433,69.72430392358149,44.84267211038228,1007.0448607847162,1006.141744008491,6.2912799575452745,1.8504640509456705,16.246419172828976,17.618849565187126,Yes,15.265805007082593,Yes
14.16451140263622,17.796703731272842,0.0,7.38086600090904,1.1871367317273624,SSE,47.05041933727252,S,SE,12.488687335454427,12.853910667272697,74.07304466636366,74.63994534727196,1010.6720109305456,1010.3309635315456,7.0,6.707821334545387,15.393212401272656,15.913575197454689,No,0.0,Yes
9.0,30.7,0.0,7.6,12.1,NNW,76.0,SSE,NW,7.0,50.0,38.0,15.0,1016.1,1010.8,1.0,3.0,20.4,30.0,No,0.0,No
15.4,33.8,0.0,5.2,11.1,W,35.0,E,NW,7.0,15.0,70.0,26.0,1014.2,1009.0,7.0,1.0,18.0,31.7,No,0.0,No
17.5,35.8,0.0,9.4,13.3,SSE,57.0,NNW,NW,6.0,19.0,56.0,24.0,1011.8,1006.5,0.0,1.0,24.7,34.5,No,0.0,No
10.2,15.0,4.8,0.2,0.5,NW,46.0,NNW,NW,22.0,17.0,90.0,65.0,1022.9,1022.1,7.0,7.0,12.9,13.7,Yes,0.2,No
10.41167425827189,30.377443177017557,0.0,6.561350643646209,8.731201663857883,ENE,41.31338842475195,SE,WNW,2.024622204597397,12.94025938550523,64.9622464928963,35.98345348534614,1012.7613754281616,1010.6584288049432,1.1132406138338096,8.0,16.918791573423693,29.78969174409216,No,0.0076175130562428,Yes
13.398864448669388,30.687437906633104,0.0,7.2,8.355429383185488,ESE,42.88573457963719,WNW,W,5.108587663709747,16.771469159274368,73.33711850443538,24.782824672580507,1013.9097232150403,1009.6440028411492,5.885734579637184,6.222853084072563,19.576011364596823,29.532576299112925,No,0.3431771591341303,Yes
11.255434553400896,20.49090975325509,2.8288245106072747,4.913526468178175,2.6235025020485505,ESE,27.34146519165999,S,NW,6.485587744696362,9.399114212874538,95.60088578712546,62.62528136210543,1020.6758295147044,1017.4671821615224,7.485587744696362,5.94235097878545,12.584259064008169,19.939468527724724,Yes,2.5139106428072564,Yes
12.1,27.8,0.0,5.0,11.5,E,41.0,SE,NNE,7.0,11.0,66.0,33.0,1024.8,1023.1,0.0,1.0,17.8,27.0,No,0.0,No
-1.2355004696201026,9.495670448660343,0.0,1.064622398477225,1.8766539320991076,SSE,30.570813210292936,SSW,WSW,6.052687776990139,12.246208983241443,89.45932779018813,68.20514589582528,1014.329430755948,1009.565173983072,6.761030775029775,7.089537166561482,0.8627057138481904,7.213823478996028,No,1.4868746703173694,Yes
-2.7,15.2,0.0,4.0,9.7,N,30.0,SW,WNW,6.0,20.0,62.0,35.0,1022.8,1017.9,1.0,2.0,6.3,14.9,No,0.0,No
2.117061688081156,9.16282744679503,0.3431041902828013,1.6102607082664728,1.1925778641467637,NW,67.22593416376513,NW,S,32.5492335478863,35.924064670627324,82.66226139538098,84.51820772522157,1014.005315410239,1010.041280947632,6.833181896001998,7.193422444548794,5.518074625560204,6.793504753284636,No,0.0,Yes
-2.1,12.9,0.0,1.2,8.1,S,31.0,SE,SE,7.0,13.0,92.0,25.0,1025.7,1020.9,2.0,1.0,1.4,12.3,No,0.2,No
-0.1404309634935343,12.616122887456925,0.0,2.386523012168822,4.514984580609182,S,51.62923058935783,S,SSE,0.7603076083669913,28.38953819772483,76.91384627376144,71.13107701900915,1020.4198461958164,1018.6677846741431,3.434461490495424,7.891384627376144,7.05319982852114,8.4816613969615,No,0.0,Yes
2.1,17.3,0.0,1.6,9.2,W,43.0,SSW,WNW,6.0,28.0,81.0,38.0,1020.0,1017.3,1.0,2.0,8.7,15.9,No,0.0,No
8.7,19.7,1.6,5.2,8.0,NW,98.0,NW,NNW,31.0,52.0,63.0,33.0,1009.1,1001.5,3.0,6.0,15.6,18.5,Yes,3.4,Yes
2.5,21.2,0.0,2.0,7.9,NE,28.0,ESE,NE,7.0,9.0,82.0,55.0,1023.7,1019.8,4.0,4.0,9.2,17.6,No,0.0,No
14.791691718703069,28.343241268551346,0.0,9.24439886446254,10.143820066506944,NW,70.0,NNW,NW,26.02893989777987,39.40926076728956,46.386108849065664,26.97106010222013,1017.2146750588084,1012.6351380971728,1.5965272122664156,2.193054424532831,21.26717709464941,27.36601949873821,No,1.162206702574761,Yes
7.057102159283369,17.54030298996742,5.97801112918563,2.221268936872964,2.1660416943973986,NW,57.08579568143326,NNW,W,22.08579568143326,15.531723421824092,88.25558720944626,85.5317234218241,1011.6041098005863,1010.7934753321498,7.106344684364819,7.106344684364819,13.872206395276866,12.99347533214983,Yes,3.5576370114021043,Yes
10.020709891711016,20.98544215738328,0.0,4.264732265672269,4.850074752738093,NW,48.0,ENE,ENE,17.52926519070962,17.0,69.55877955721289,46.52926519070962,1024.717509279267,1021.2439725388026,6.852926519070962,7.0,15.217758455060688,20.400149505476183,No,0.8829294241157666,Yes
12.3,33.8,0.0,7.2,11.3,W,22.0,SE,W,9.0,13.0,57.0,15.0,1022.6,1019.1,0.0,1.0,17.9,32.7,No,0.0,No
11.448328613638632,26.675735923907613,0.0,6.448262100789922,10.73455844565543,NE,42.7586894960504,NW,WNW,4.9311491600839865,13.0,66.51737899210079,40.10360882411758,1012.7172459664032,1009.9068850839916,3.931149160083986,5.655080671932812,15.993048403159689,25.230883108689135,No,0.0,Yes
1.5,20.9,0.0,2.4,9.3,NW,20.0,NW,NNW,2.0,9.0,80.0,41.0,1023.2,1020.0,1.0,1.0,8.4,20.9,No,0.0,No
5.8,12.4,0.0,1.6,0.0,SE,26.0,SSE,ESE,13.0,13.0,79.0,73.0,1027.3,1023.5,8.0,8.0,8.7,10.8,No,0.0,No
16.43964218559163,21.71982109279581,4.486861927254881,8.648552878992557,2.2699350764739514,N,33.0,S,N,13.02227673350232,15.779512338539533,92.92650411284652,70.90422737934419,1014.9095772620656,1012.2875284959196,8.0,6.146991774306978,16.64699177430698,20.802894242014887,Yes,5.23326806965536,Yes
6.3,11.8,0.0,2.6,6.5,WNW,63.0,NNW,WNW,20.0,28.0,81.0,48.0,1018.7,1020.4,6.0,1.0,7.0,11.5,No,0.0,No
4.152462872846224,23.04295544741547,0.0,6.636720650369218,5.825904173584662,S,77.27867750615364,S,NW,3.0885289975385413,23.537719242000257,52.36066124692318,49.183603251846094,1014.4947637945849,1009.085256369154,1.816396748153906,7.727867750615364,16.008852899753855,21.5986909486462,No,0.0,Yes
4.7,18.5,3.8,2.0,5.1,ESE,22.0,NNW,W,6.0,6.0,99.0,50.0,1026.6,1023.1,7.0,4.0,7.0,17.9,Yes,5.2,Yes
16.838277894482967,24.51890087629385,0.0,4.7124396494824605,7.594259648276565,SW,42.05502280775801,NW,NE,7.055022807758006,7.055022807758006,70.60287017586172,74.60287017586172,1013.8217710521556,1011.2588519296552,6.150717543965429,7.0,20.62583824500051,21.499761929052365,No,0.0,Yes
13.598404357395848,22.85900584476652,2.4360233790660777,2.701687566781625,2.1622890541522968,NNW,29.311445270761485,NNE,SE,4.688554729238516,15.065664187715548,94.24578108304594,71.93433581228446,1016.7984043573958,1014.547560574005,8.0,7.0,15.919699256314663,20.64099415523348,Yes,4.093160324209089,Yes
-2.3,9.7,0.0,1.4,1.9,SSE,28.0,SSE,WSW,6.0,13.0,92.0,66.0,1013.8,1010.0,7.0,7.0,1.0,7.8,No,1.4,Yes
14.501637736271649,19.36317124126643,19.15998882903897,4.838013330498821,0.0,NE,29.490496745277596,SSE,NNE,9.451515761628336,13.219939490302384,91.1088593232584,88.75531495917338,1008.4396577841038,1005.6446128710022,7.697341921321351,8.0,17.934724425729893,18.33379308155538,Yes,18.968591093168563,Yes
17.85179164107022,34.782668382513926,0.0,9.183532404563357,9.850597213690074,NW,68.60889460837976,N,W,6.020584494295802,12.91766202281679,67.75298606845037,29.10292247147901,1018.0741041794648,1013.7823379771831,0.9794155057041976,6.020584494295802,22.103252876809727,32.98884373080267,No,0.0,Yes
15.1,24.3,0.0,7.0,0.4,SE,39.0,SE,SE,7.0,17.0,69.0,80.0,1019.0,1017.1,7.0,7.0,18.9,19.7,No,0.4,No
-2.9,9.6,0.0,1.8,7.3,NW,43.0,N,NW,6.0,24.0,76.0,70.0,1022.4,1019.0,1.0,6.0,5.6,8.1,No,0.4,No
6.261093917509687,24.116957254474706,0.0,4.498256473151776,6.116957254474704,W,34.576068638132405,SSW,W,6.0,11.763076451361677,74.40649609338536,31.74564118287944,1019.2423931361868,1015.7321709821013,7.0,3.339145089494078,11.745880189883206,23.691521372762647,No,0.0,Yes
17.382767450761133,32.266107897207604,0.0,9.940237734009896,8.21322157944152,N,59.86205424873145,N,NNE,13.85059433502474,24.02291982741341,59.43675708121908,62.287351416243816,1009.7643462314728,1007.2781408065996,6.143675708121908,7.0,23.82472417182704,22.853459313451417,No,0.0,Yes
0.8997768751662014,11.1,0.3332837500369336,2.3334324999261327,3.000297499778398,SE,38.500371874723,SE,N,4.08376718717683,20.584139061899823,93.16604687546167,85.49888437583101,1020.899628125277,1018.06634437524,7.0,7.416604687546167,4.8415117188654175,6.908153593883885,No,0.0,Yes
14.345636891695383,28.023319898009994,4.809729120933842,3.276680101990004,9.008726216609231,ESE,39.86409222923846,N,SSE,4.864092229238459,19.160230573096147,80.43204611461923,41.18455337543075,1012.6160230573096,1008.356795388538,3.703861656142312,4.7281844584769175,19.0121614011673,26.78011528654807,Yes,5.080166477772267,Yes
2.9091489991751693,10.892503835578822,1.0317665108606224,1.9031766510860624,1.5095299532581867,NW,63.45235023370907,NW,SE,29.19440860599391,29.84116744569689,84.54764976629093,85.0,1013.7229984657685,1010.4742058372284,7.0,7.0,7.934562207863667,8.370267277976387,No,1.1109856868988814,Yes
14.833119185389446,21.776849168534092,5.046301662931806,7.710610797755206,5.3562700168553485,NNW,58.58199252810841,S,NW,26.12540033710697,32.47588455055635,71.49517691011127,51.41800747189159,1007.5971061460668,1005.3067523258444,7.0,3.971061460667621,18.581672258422827,19.04180074718916,Yes,5.254329859525336,Yes
13.0,28.2,0.0,5.0,11.6,NW,44.0,WSW,NW,4.0,17.0,74.0,27.0,1017.6,1014.4,3.0,6.0,17.4,27.0,No,0.0,No
7.1,18.5,0.0,3.4,10.0,NW,57.0,N,NW,9.0,22.0,90.0,30.0,1015.1,1011.3,6.0,6.0,8.8,18.2,No,0.0,No
6.877798493765159,19.08885988377333,2.2659721907797605,3.25456225460054,7.338488420134404,W,39.3871772414522,SSE,NW,14.073268940951465,14.808813394712764,97.5083610665318,55.44696851037146,1017.983960510695,1013.92904365503,5.163840439133878,1.9571531756405227,10.931860595384206,19.10941607333669,Yes,3.5826247934724096,Yes
-1.0,12.2,0.0,1.6,8.4,ESE,30.0,SE,E,7.0,13.0,82.0,51.0,1032.2,1027.4,3.0,5.0,3.7,10.8,No,0.0,No
10.732935683055937,23.26212865306435,0.295719298918464,4.698573099639487,4.029964907570752,SSW,31.54994151261792,SSW,WNW,6.0,14.94292398557952,81.90011697476416,49.743157935107845,1018.9535672509014,1015.602853800721,7.492865498197441,4.97146199278976,14.260046789905669,22.41854970468665,No,1.8784308809809096,Yes
15.306551394838795,29.676862083078337,0.0,6.056206943594458,9.097517222562216,E,46.20655139483879,SE,NNE,7.206551394838794,15.975172225622169,65.97517222562217,37.48758611281109,1015.6495515312628,1012.1338619466544,4.7189652820277095,7.256206943594458,20.59831014254383,29.1,No,0.0777788616573605,Yes
12.71583054929832,24.45743020347515,0.3247515361104955,3.051490783337027,2.418835829182365,NNW,30.18812115972376,SSW,NW,6.188121159723761,7.316848118066329,81.30690956248615,46.17818260414358,1016.993066724304,1012.999006144442,6.683151881933671,6.623757680552478,16.792072868745844,23.38812115972376,No,3.622542307068106,Yes
1.1398906112775506,9.59604257939111,0.0,0.6982616884627306,5.249001898805005,NW,48.41296811199777,NNW,WNW,23.31123176294673,32.35923262178044,75.99745201965435,74.0972219016219,1010.4124125310808,1009.9331742192704,2.6450237949220816,4.6798486345033705,7.293770440783257,8.302125476651383,No,0.0,Yes
12.0,27.6,0.0,6.0,11.0,E,46.0,SSE,WSW,7.0,6.0,69.0,35.0,1025.5,1022.2,1.0,1.0,15.7,26.2,No,0.0,No
16.20192877944955,24.889543288328674,1.8767513899960049,7.655025152229768,4.051574000542459,S,49.5309637278022,NNW,N,4.0,7.426396611088913,87.65888271112887,55.14720677782218,1011.8255837966652,1008.4,6.914720677782217,6.829441355564434,17.5,24.072487423885114,Yes,0.3779140238022653,Yes
13.3,31.7,0.2,7.8,11.0,WNW,44.0,ESE,WSW,6.0,28.0,80.0,23.0,1021.6,1017.6,2.0,5.0,17.5,30.7,No,0.0,No
13.330063318487229,22.153621624183227,7.564064853593814,2.519338993650582,1.6780942101775471,NNE,30.811181464985808,NNE,NNW,5.35196910830968,13.0,95.64803089169033,77.7855135032671,1013.8802038662002,1011.9098100445384,8.0,7.270393821661936,16.030063318487226,19.91329112100852,Yes,9.106422910293588,Yes
14.358227494292148,24.058227494292147,4.258227494292148,6.458227494292148,5.43923935644948,SW,54.55697838898818,NNE,SW,8.468353103595554,15.050628046517028,92.6961967822474,61.59494068921334,1010.5696196782249,1006.870886252854,8.0,5.354431264269631,15.729113747146076,22.17468248287644,Yes,3.225037905635794,Yes
14.777267762084335,20.74855081694892,20.121416412807704,2.2967256838669874,0.4710950798491574,SE,39.57997815317108,E,S,5.741814209667469,19.096349733836146,83.93639342749398,87.93451367733975,1015.103274316133,1014.1,8.0,7.8709071048337345,16.780542078217348,16.829280870181687,Yes,19.803256319045826,Yes
0.8,13.0,0.0,1.4,4.1,WNW,41.0,S,NW,2.0,28.0,95.0,69.0,1028.2,1024.2,8.0,6.0,4.3,11.7,No,0.0,No
1.4571779905381634,10.00272363595498,0.0,1.1143559810763266,4.216833683264163,NW,51.97276364045021,NNW,SW,26.20049186753429,33.62871196215265,77.51484784861061,76.77227177291591,1011.99455272809,1009.745791579184,4.257423924305307,5.628711962152654,7.165594832170244,7.791337224600775,No,0.8285097187330164,Yes
5.97434890162815,24.23992656600672,0.0,4.868804305204419,6.009836604012765,WNW,31.461818587758025,SSW,WNW,4.954603996146243,13.732038343721046,75.37248308505575,31.259040160639373,1019.5513677927216,1015.4974515268854,6.669637589043957,3.0983726408832326,12.263540772695665,23.63929829438947,No,1.3039235818871118,Yes
14.053355566815217,21.684890632311497,2.252614026198512,4.506711133630437,1.4203374200855254,NE,28.47015203493135,ESE,NE,4.7649239825343255,12.235076017465676,93.55784207859554,73.23507601746567,1013.8494438445374,1012.1111976454108,8.0,7.382461991267163,15.758954389520596,19.59682981833896,Yes,3.040483527791655,Yes
7.6,16.1,2.8,5.6,10.6,SSE,50.0,SSE,ESE,20.0,28.0,68.0,49.0,1018.3,1018.5,7.0,7.0,11.1,15.4,Yes,0.0,No
15.4,35.0,0.0,9.6,13.0,E,39.0,SSW,ESE,6.0,22.0,55.0,18.0,1017.4,1015.0,1.0,1.0,23.4,34.3,No,0.0,No
0.2296967616860079,16.780539090335985,0.0,1.9802021588759948,5.481549884715959,NNW,37.19797841124005,SE,W,3.399326137080018,10.204717040439878,80.69966306854,43.498315342700046,1023.639932613708,1017.860404317752,5.197978411240053,6.197978411240053,6.380202158875995,16.09077494235798,No,0.0,Yes
-0.5,21.6,0.0,5.0,9.9,NW,48.0,NNE,NW,9.0,26.0,44.0,27.0,1014.6,1010.9,7.0,5.0,11.9,21.5,No,0.0,No
8.4,11.7,4.8,0.6,0.0,W,26.0,WNW,WNW,6.0,7.0,91.0,86.0,1021.2,1019.2,8.0,7.0,9.7,11.3,Yes,0.6,No
11.3,27.4,0.2,7.6,12.1,NW,52.0,SE,NW,6.0,31.0,60.0,20.0,1021.4,1017.5,1.0,1.0,16.4,26.3,No,0.0,No
15.790970354450028,21.15618141207456,7.551350118913417,4.693502117539284,6.67044305854062,NNW,84.0713082323303,NE,SSW,37.33122353075896,38.0713082323303,81.36054823920097,51.360548239200966,1001.1226583512436,998.5243249405432,6.165611765379477,4.100632940772314,18.76561176537948,19.19643458838349,Yes,6.609560634243227,Yes
12.216584438650427,20.56896910019696,0.0,6.251969185926229,0.982861593855836,NE,22.827231019824023,NE,ENE,7.0,6.870769494551599,72.74015407036886,55.04492339346192,1018.017415389891,1015.6130615424182,7.95646152527242,7.95646152527242,15.564476760850766,19.377399811395605,No,0.0,Yes
5.823216287353859,17.49020366981013,3.313882752292636,1.9387041490341843,2.4303384255655733,NW,60.28379191831024,NW,WNW,22.628630691878048,14.772347456898514,89.90760184508856,85.39749209081737,1011.7396142965282,1010.035674431318,7.2392306446831745,7.053789956641927,13.090376621156874,12.925441942436928,Yes,0.5859629799069044,Yes
5.529674001913254,16.415801752630724,3.5247283349277123,2.0336549172247,2.78021733205783,NW,57.45536708851507,NW,WNW,24.0,17.138722492825295,87.33654917224699,83.57418500478313,1011.1524728334928,1010.281182083732,6.524728334927712,6.762364167463856,12.810856085645185,12.077201168420483,Yes,2.9623714981878893,Yes
15.3,33.4,0.0,8.8,9.5,WNW,59.0,N,NW,2.0,31.0,60.0,26.0,1012.4,1006.5,1.0,5.0,22.2,32.8,No,0.4,No
13.16565986311883,18.11963266918284,19.648979467824297,8.27472109504937,7.017727878341844,NNW,62.73210889727613,NW,SE,36.04530615965271,28.03020410643514,68.04530615965271,47.267891102723866,1006.7090612319304,1006.328299315594,5.358503422029283,2.96979589356486,15.64944219009874,16.85397280606401,Yes,20.324109508596816,Yes
11.9,21.1,13.2,6.6,8.6,NW,41.0,NNE,N,7.0,24.0,82.0,61.0,1019.2,1016.7,7.0,3.0,14.5,19.4,Yes,0.6,No
12.37080236544087,22.933990595667545,3.709449415818661,5.621720005743103,6.417912938136005,W,45.41043530931998,NW,SW,10.150917640302232,16.424541179848884,95.28772941007556,58.84908235969777,1012.9867435165742,1008.8141058705288,7.136811769773326,4.136811769773326,14.332580008614656,21.592947064735547,Yes,4.086638948963596,Yes
-2.1,13.8,0.2,1.8,9.5,NNW,22.0,SE,NNW,0.0,9.0,69.0,40.0,1020.6,1019.6,0.0,1.0,6.3,13.2,No,0.0,No
15.01120561976366,21.437099572576788,5.062900427423214,5.590961025815713,1.1359697008037504,S,30.831450213711605,SE,NNE,5.662900427423214,8.011298717730359,93.67419914515358,83.97740256453928,1011.060733781844,1009.5270238245862,8.0,7.831450213711607,16.38088527782509,20.06741991451536,Yes,5.897904749362077,Yes
12.521844695186736,24.535850016839404,0.3082421017180201,3.150547389691879,2.8398264061904865,NNW,30.22939474570495,SSW,NW,6.229394745704949,7.605763219934648,80.93544728865545,45.55907881442575,1016.9476657797246,1012.932968406872,6.394236780065352,6.541210508590101,16.680634186596635,23.42939474570495,No,1.7557326721963402,Yes
7.9,12.3,1.0,1.8,1.7,NW,52.0,NNW,NW,30.0,24.0,68.0,78.0,1006.3,1005.9,7.0,7.0,11.3,7.3,No,0.8,No
5.3,11.7,2.0,3.6,5.6,NW,78.0,NW,W,33.0,33.0,73.0,56.0,1012.1,1012.3,3.0,1.0,6.9,11.1,Yes,0.2,No
5.53796187024712,18.78306854291145,0.0,3.139682251493746,5.641402632740372,SSE,44.77380844310154,N,N,14.339945528924456,16.283068542911455,73.943123013987,48.0,1025.8849205628733,1022.3773808443102,4.849205628734365,6.283068542911455,11.268120744500246,18.29060826147473,No,0.0,Yes
10.8,29.2,0.0,8.4,7.5,E,50.0,SE,ENE,7.0,9.0,56.0,34.0,1021.6,1017.7,0.0,7.0,17.5,27.7,No,3.0,Yes
17.2,24.7,12.2,1.4,8.1,NW,50.0,NW,WNW,19.0,28.0,80.0,71.0,1004.9,1004.0,7.0,8.0,19.4,21.9,Yes,0.8,No
1.2,14.8,0.0,2.4,6.7,SE,17.0,SE,SSW,11.0,6.0,81.0,49.0,1028.5,1024.8,7.0,1.0,5.3,14.5,No,0.0,No
-0.7151952468464915,10.665146356762708,0.5535201399519742,1.7088781081075182,0.3653022831917286,WNW,39.23329982938255,SE,N,0.0100883400225579,7.359896886257676,91.93063089100964,86.94831866242443,1014.166017624599,1009.0215490139418,7.268955911183094,8.0,2.232628295292147,8.779629469978413,No,0.0,Yes
13.66309359964236,18.244640399463535,10.96105815710312,2.6873812800715275,0.056309359964236,NW,42.43690640035764,ESE,NE,9.5922660008941,20.0,90.62143840214584,92.15535960053646,1011.5514246391416,1008.639755678641,8.0,8.0,16.568928079892707,16.515535960053647,Yes,12.271758082573356,Yes
1.2,14.5,0.0,1.2,8.9,SE,17.0,SE,SSW,6.0,6.0,74.0,43.0,1026.7,1023.5,0.0,1.0,6.5,13.9,No,0.0,No
2.4,14.7,0.0,2.6,9.2,ESE,20.0,SSE,E,7.0,6.0,74.0,43.0,1030.4,1026.0,1.0,1.0,5.9,13.8,No,0.0,No
8.0,24.3,0.0,3.4,6.3,NW,30.0,SW,NW,6.0,20.0,68.0,29.0,1019.7,1015.0,7.0,7.0,14.4,23.6,No,3.6,Yes
0.4,19.0,0.0,3.4,8.3,NW,39.0,NE,WNW,2.0,19.0,76.0,41.0,1019.8,1015.8,6.0,5.0,7.7,18.5,No,0.0,No
16.79999347990784,28.899986676333413,1.2473219785037872e-05,9.999990361602894,10.799986109368875,NNW,69.99993763390108,NW,NW,30.999937633901077,40.99993196425572,44.00014457595661,22.00010772326178,1016.2999844084752,1011.7999858258868,1.0000198437587489,1.0000113392907135,22.499981006688056,28.399983558028467,No,2.2567007161020154,Yes
12.973002148056976,20.07732187702945,5.651403503194604,7.784017184455822,3.79870389965428,NNE,47.950322208546645,N,NE,25.45356245941095,19.840171844558213,71.42332617314341,47.65658790457749,1011.8295900526344,1010.0639312621768,7.423326173143407,3.963283212003855,16.446004296113955,18.96198711165813,Yes,5.837790408322901,Yes
0.3,16.0,8.2,5.4,11.8,NW,57.0,NNW,N,11.0,28.0,68.0,45.0,1016.8,1013.3,1.0,1.0,6.9,14.6,Yes,0.0,No
14.690053482449557,19.85133245210973,5.737477715646018,5.185080223674335,0.5962700559185838,NW,35.04973258775222,S,NE,7.68738857823009,11.387210303398234,93.33747771564602,88.36234400952213,1010.1337477715648,1007.8912967971434,8.0,8.0,16.532504456870797,18.85257576680354,Yes,6.533104792450233,Yes
4.8,14.1,4.0,1.6,8.3,S,48.0,S,SSE,30.0,22.0,67.0,48.0,1018.2,1017.6,5.0,1.0,8.9,13.6,Yes,0.0,No
10.337693271142872,21.725114917976843,3.050062682532824,4.687588800254833,6.912452988100383,W,42.93773505949809,S,SSE,11.249895529111962,15.87505223544402,95.56247388227798,57.75010447088804,1015.0748015053128,1010.737317175946,6.312578353166029,3.312578353166029,12.93138320038225,20.631341412027037,Yes,1.2397714293387685,Yes
5.6,19.5,0.0,2.8,6.8,SW,17.0,S,WNW,9.0,6.0,69.0,49.0,1025.7,1021.8,6.0,4.0,14.3,18.6,No,0.0,No
14.805532905151848,20.93415711167805,4.840280251913431,6.15123566751708,1.2316857766438931,S,32.76208068842068,SE,NE,7.347473467615815,8.036518052012166,90.61600848037202,82.06123140235377,1011.7584288832196,1010.0614904533372,7.896348194798783,7.896348194798783,16.34087048699696,19.88598301427866,Yes,5.743362227301759,Yes
11.487470002855773,22.432482001713467,3.11681054618147,1.9236450900783204,3.3923021790143304,NW,31.82050363169055,NE,NW,5.820503631690551,13.4045563625979,96.79772181870104,70.3589927366189,1016.3259232713772,1014.0393165456104,7.39316545610315,5.988609093505249,14.36952036602483,20.13703836431137,Yes,2.313554265407781,Yes
-2.9,9.6,0.0,1.8,7.3,NW,43.0,N,NW,6.0,24.0,76.0,70.0,1022.4,1019.0,1.0,6.0,5.6,8.1,No,0.4,No
11.4,27.1,0.0,5.6,12.1,NE,33.0,ESE,SE,6.0,15.0,69.0,38.0,1017.6,1012.8,1.0,2.0,16.9,26.1,No,0.0,No
13.3,31.7,0.2,7.8,11.0,WNW,44.0,ESE,WSW,6.0,28.0,80.0,23.0,1021.6,1017.6,2.0,5.0,17.5,30.7,No,0.0,No
12.9,31.8,0.0,6.0,11.3,WSW,41.0,NNW,NNE,6.0,9.0,76.0,24.0,1023.9,1019.3,2.0,3.0,17.4,30.0,No,0.0,No
14.30052649128463,30.495012229883244,0.0,7.048557054018042,8.378825459603958,ESE,44.0832169339195,WSW,W,5.239359326908037,19.75442408346881,70.7679266166465,22.226146897877925,1014.2740859562894,1008.8403358910708,6.990966778638958,5.9998343060894,21.1725754253042,29.77707034244412,No,0.0,Yes
12.4,19.9,16.2,5.4,5.6,ENE,41.0,ESE,ESE,7.0,20.0,75.0,58.0,1007.6,1005.0,7.0,7.0,13.6,18.7,Yes,0.0,No
0.2,15.5,1.0,2.4,9.4,SE,31.0,SE,WNW,0.0,11.0,79.0,37.0,1020.6,1018.2,1.0,1.0,7.2,15.3,No,0.0,No
3.2,21.4,0.0,3.2,10.6,E,26.0,SE,NNW,7.0,7.0,76.0,27.0,1025.2,1022.3,0.0,1.0,8.2,20.5,No,0.0,No
13.371632653992124,22.348673468481355,2.790816325795692,3.1432653079842474,1.8329591831100305,NNE,29.18775510106092,N,NNW,4.406122449469539,12.59387755053046,95.17244897738708,73.59387755053046,1014.7643877538528,1013.0440816313792,8.0,7.203061224734769,15.543673469681725,19.97357142805698,Yes,3.1064643337037072,Yes
13.6935026923951,18.314983317442447,6.152707211502042,3.6902540385926494,0.2225635096481626,NNW,40.0324865380245,NNE,N,9.763536057510208,16.78519374952654,93.75270721150204,91.26895048051428,1010.1752707211502,1007.0193148558456,8.0,8.0,16.44945855769959,17.44079548089306,Yes,5.676428563842904,Yes
12.5,31.7,0.0,6.6,11.2,WNW,24.0,ENE,W,6.0,9.0,74.0,28.0,1024.9,1020.4,1.0,1.0,17.2,30.1,No,0.0,No
12.575928842315095,22.7760482838669,1.880958068645324,5.937964421157548,5.378682338583818,SSE,45.54730622450718,S,NNE,7.64311308903958,10.23832274581296,91.23832274581297,56.0,1014.4716162652956,1010.5858678534236,6.19041931354676,4.9760482838669,14.747425666058984,22.016527318189564,Yes,2.2195546642572275,Yes
13.2,31.3,0.0,6.6,11.6,WSW,46.0,N,WNW,4.0,26.0,71.0,28.0,1013.1,1009.5,1.0,4.0,19.7,30.7,No,0.0,No
16.8,28.9,0.0,10.0,10.8,NNW,70.0,NW,NW,31.0,41.0,44.0,22.0,1016.3,1011.8,1.0,1.0,22.5,28.4,No,7.6,Yes
14.548849117053363,24.180098507867147,4.459704476398557,6.580098507867147,5.9,W,48.25329171805448,NNW,WNW,9.289476249205126,17.117599726239582,94.97286160163702,60.01809226557532,1010.6706403011364,1006.7095386721234,8.0,4.98190773442468,15.84342143738077,22.572861601637022,Yes,3.806893898384773,Yes
7.4,24.4,0.0,6.2,11.6,E,35.0,ESE,WNW,7.0,11.0,65.0,37.0,1026.3,1023.2,0.0,2.0,12.2,22.1,No,0.0,No
13.815520153158769,20.73508169917597,0.0,7.812897604394807,0.4909286490386361,N,29.506018523347407,N,ENE,11.41530501373377,11.7398965178539,68.0262254876396,54.44153050137338,1017.7792347493132,1015.6883061002746,8.0,8.0,16.85060185233474,19.73508169917597,No,0.8971061004906141,Yes
16.529967861251784,19.99671460724543,0.915865338309768,7.803525630735503,0.392948738528992,NNE,40.3677888474186,SE,NNE,9.94711553896744,13.0,83.15865338309769,76.98237184632248,1012.2387819380904,1010.714102522942,7.50881407683876,7.50881407683876,17.124679415148528,18.75993572250357,Yes,0.0,Yes
20.899604650357205,35.69902626847238,4.3927738088179545e-05,13.799341083928676,6.899633935515932,SW,49.99838931627011,E,WNW,4.000146425793627,17.000146425793627,61.00204996111078,28.002928515872547,1007.6008126631548,1003.0009078399204,7.0000732128968135,2.0003660644840684,23.599524116170716,33.9990555536311,No,0.4914035187906094,Yes
4.1393751704636905,21.828910791879625,0.0,6.133777345666379,4.555365345132466,NW,79.31486456173242,SSW,NNW,3.270218331862945,19.14893037791248,49.98934936394754,51.44413475292736,1012.3744980100466,1006.050728571168,1.4967150991578624,7.839295508339094,16.590662521747824,21.77405001236825,No,0.0,Yes
13.3,22.2,0.2,6.6,2.3,ENE,39.0,E,E,20.0,17.0,70.0,55.0,1021.0,1018.6,7.0,7.0,16.5,21.2,No,0.0,No
-1.5637585095948257,12.877463274380226,0.0,1.7874955212658812,4.534969544607993,SE,29.93747760632941,S,SW,4.450017914936475,15.712468648861169,87.35005374480943,55.92511644708709,1017.558706556279,1013.3712110350132,4.675026872404713,5.062522393670594,3.247474023342111,11.636205660532225,No,0.0,Yes
6.1,18.2,0.2,4.2,8.4,SE,43.0,SE,ESE,19.0,26.0,63.0,47.0,1024.6,1022.2,4.0,6.0,12.4,17.3,No,0.0,No
11.3,27.4,0.2,7.6,12.1,NW,52.0,SE,NW,6.0,31.0,60.0,20.0,1021.4,1017.5,1.0,1.0,16.4,26.3,No,0.0,No
9.1,23.1,0.0,5.8,9.6,ENE,41.0,SSE,W,17.0,13.0,66.0,37.0,1013.6,1011.4,1.0,7.0,14.0,21.4,No,0.0,No
12.1,27.8,0.0,5.0,11.5,E,41.0,SE,NNE,7.0,11.0,66.0,33.0,1024.8,1023.1,0.0,1.0,17.8,27.0,No,0.0,No
16.6,24.2,0.2,6.6,4.7,NW,50.0,WNW,NW,13.0,35.0,72.0,60.0,1007.9,1004.6,7.0,7.0,20.5,19.9,No,6.6,Yes
3.0355061673284616,9.095049691476314,0.5959473566375472,2.9295586845756207,0.7867074103044774,W,64.41979119648852,NW,NW,18.65648971449771,28.41704515078292,59.7445368073616,81.8899296606539,1005.9054614376884,1002.2889892102764,7.875428811167543,7.157634502878725,9.209711562467644,8.860264402640299,No,1.3690429919626066,Yes
19.59049416909822,22.06988841342943,10.630589814730136,4.469888413429434,5.77020723220248,NNW,76.44928265776065,N,WNW,39.25278966426416,28.801912912638283,91.50079704693262,62.349442067147166,997.1489638389876,997.31917107119,8.0,3.199681181226953,20.34041446440496,19.629952177184045,Yes,9.269201396097754,Yes
4.292770125403433,16.98743189435561,1.5893235379043515,1.1855402508068664,3.296553412500918,NE,19.09121518145309,S,SSW,6.0,6.581756963709381,96.67297214516248,57.56284052822196,1024.2147964487915,1021.122026323388,7.581756963709381,5.745270891128143,7.814459749193134,16.096553412500917,No,2.348962969995382,Yes
-0.7590398968882875,11.068192020622345,0.063615958755315,2.61830424746811,3.4096010311171248,SE,41.0,SE,N,4.773441443563975,19.6384041244685,89.95423938132973,80.86271814398917,1017.1276808248936,1013.7052494229416,7.0,7.318079793776575,3.354688288712795,6.654239381329726,No,0.0,Yes
6.853716903837855,17.57547748696803,4.725213129370613,2.218955193613429,2.339624215811337,NW,56.2440501274615,NW,WNW,23.19050640111829,16.662785611011177,88.27610239892917,84.27214864802968,1011.2252491523408,1010.3538128186484,7.218223327771105,6.881075377471328,14.43916374010579,12.30298555621388,Yes,2.5890774466417774,Yes
16.03696672196183,24.2,0.1463777830439836,6.653622216956016,5.0217333017360986,S,52.9492219325809,SSW,NW,12.463777830439836,30.97833372829877,73.07244433912032,64.28977735648131,1005.6210557793692,1003.0717668167536,7.0,7.0,19.802911179571787,20.00724443391203,No,3.061911189207093,Yes
14.667189548350256,20.35464038794417,0.0,7.245838795600676,3.0577776780456887,SSE,53.75511957148901,NNW,S,12.11459698900169,16.09891053849408,74.8854030109983,77.1145969890017,1005.307364041709,1005.0302834395092,7.0,7.0,16.67394331209814,17.513507527495772,No,0.0,Yes
11.9,21.1,13.2,6.6,8.6,NW,41.0,NNE,N,7.0,24.0,82.0,61.0,1019.2,1016.7,7.0,3.0,14.5,19.4,Yes,0.6,No
15.0,29.4,0.0,6.6,11.1,NW,43.0,N,W,9.0,24.0,78.0,24.0,1010.8,1008.5,7.0,7.0,20.6,28.6,No,0.0,No
6.7430444282851605,22.51615244702956,0.0,3.520473571203816,5.431915621450377,NNW,83.83517670520843,SSW,S,0.557800431202069,37.34132428362835,90.92123021942356,25.339996947196543,1017.0918661208228,1010.9756165819024,1.1972639591026757,8.0,9.650111562922042,22.19030581129814,No,0.0,Yes
-3.5,7.6,0.4,2.4,4.7,NW,50.0,NW,NW,30.0,24.0,92.0,68.0,1014.8,1012.6,8.0,6.0,3.3,5.1,No,0.4,No
4.5,23.9,0.0,4.8,11.7,NW,30.0,ENE,NNW,4.0,11.0,67.0,27.0,1025.8,1021.5,0.0,4.0,12.6,22.3,No,0.0,No
11.5,29.3,0.0,5.2,8.0,NW,46.0,SE,WSW,0.0,26.0,76.0,35.0,1013.8,1009.4,7.0,7.0,17.1,27.6,No,0.0,No
10.362427053140422,18.878408731437037,0.0,4.052707532653739,4.320938701019392,NE,25.61121918053271,NW,ESE,6.548597602433412,11.868231168365654,73.35420719269976,58.96542637323248,1024.0487921273923,1021.152249490069,7.548597602433412,7.548597602433412,14.294390409733646,17.517286813383762,No,1.9894169554243395,Yes
17.370199708420568,18.50110825325217,0.0,8.86482935823681,0.0,ENE,25.625818548309045,ENE,E,6.485642903904194,11.348817005749291,85.91478201470613,72.23835374072291,1010.752455844786,1009.9019384220644,7.829845964630191,7.831543798045056,15.473739919510368,18.6794238972484,No,0.0,Yes
15.409023644314596,19.712783080325444,18.160895878155824,5.112783080325444,0.0,NE,33.0,SSE,NNE,8.924811279783038,13.0,92.0,87.54886767869823,1008.9142878526184,1006.2067689805966,8.0,8.0,18.01879718005424,18.731580260379687,Yes,16.398119749599896,Yes
4.6,14.7,0.0,4.4,8.4,WNW,52.0,WNW,NW,28.0,33.0,54.0,51.0,1014.7,1012.4,1.0,3.0,9.2,12.0,No,0.0,No
9.146081615680746,14.56911682353084,0.7098043607835512,0.6,0.2254890980411219,ESE,19.661766352938315,S,N,8.661766352938317,10.549021803917755,98.54902180391775,83.4068753725271,1027.8235327058767,1026.3544158823458,8.0,7.887255450979439,11.682845168623924,13.735293458824671,No,0.9435076559427849,Yes
13.105155983166732,20.5403616965548,6.606695000785438,8.300269465155306,5.396652499607281,NW,34.06425535630132,NW,NNW,18.758368750981795,18.290496429132457,94.35475178543378,63.403616965548025,1016.0143900888788,1013.3064255356302,7.467872321849342,3.645248214566228,13.825971607675832,19.264524821456625,Yes,6.5458849322020125,Yes
14.479966546600297,26.298418585828045,0.0,6.932786023794722,6.974510682230275,NNW,64.94502449576086,N,NNW,7.440145980787953,48.11949455207736,68.90102607371446,62.75043382077446,1018.4092742731876,1014.8928179835827,7.280699509797137,7.01175826262393,19.95012365219661,19.268515894049937,No,0.0,Yes
1.4,16.8,0.0,1.6,8.2,NW,20.0,SE,NW,0.0,6.0,91.0,50.0,1027.2,1024.7,1.0,4.0,6.2,16.3,No,0.2,No
12.893447887126484,17.230168262748442,6.390819906094511,2.772459718283531,0.0,NNW,42.44919436567062,N,N,10.58689577425297,19.081990609451044,94.13770140858234,93.04590046952744,1011.0078482636832,1007.3170283575886,8.0,8.0,16.120007135882567,16.37049765236276,Yes,5.708427973715551,Yes
2.3,16.8,0.0,4.8,11.4,N,41.0,NNW,NNW,6.0,28.0,52.0,34.0,1019.8,1017.0,2.0,1.0,9.8,16.3,No,0.0,No
2.3,16.8,0.0,4.8,11.4,N,41.0,NNW,NNW,6.0,28.0,52.0,34.0,1019.8,1017.0,2.0,1.0,9.8,16.3,No,0.0,No
3.236865060884726,9.91783075282303,0.1577047018044211,2.3432050839930065,1.094863532130386,NNW,62.19636085681029,NW,NNW,28.89727064260772,33.07249808905707,83.7885235090221,84.21147649097789,1014.5824772553552,1010.5876137232246,7.087613723224679,7.087613723224679,7.09517154030848,8.231728593015113,No,0.0,Yes
8.551116461051407,22.598778802518325,1.7211793029095683,4.492463342249407,4.101936532652783,NW,66.42568078679675,SSW,NNW,3.2749476317848654,27.437892761613508,90.95621072383864,45.12421447677298,1015.4819784272248,1009.894399874902,3.2311583556235144,8.0,11.763032046418136,21.703157730134457,No,1.7594978132593602,Yes
1.428746718186204,8.862460354051874,0.3781219933721918,1.8763139047662896,1.0477520328956034,S,67.08892492248577,NW,NW,31.10037346823908,36.073746480465694,83.37311473359092,85.89981138261702,1014.4862705353032,1010.735879419418,7.319879071509425,6.96153762571022,6.061765324788368,7.0310838550518815,No,2.1152915666763192,Yes
15.752480558768712,25.29990905503726,2.2284934757462245,6.990623434701575,5.204506392723736,NNW,47.38142875932863,NNE,NNE,4.0,9.380519309701246,86.095584552239,51.23896138059751,1011.942831158582,1008.4,6.523896138059751,6.047792276119502,17.5,24.40468828264921,Yes,0.8662048747407982,Yes
3.8,17.4,0.0,2.6,7.3,E,24.0,ESE,W,2.0,7.0,81.0,47.0,1024.5,1022.9,6.0,2.0,8.0,16.6,No,0.0,No
15.058164454325505,21.02908222716275,6.5954332012926535,9.15751835893271,4.051314256264484,NNE,33.0,NW,NNE,17.748384761518018,17.96079296685447,93.65359765561816,66.90521289410015,1015.30947871059,1012.9055580072754,8.0,4.692804688763687,15.192804688763689,19.78496328213458,Yes,6.495012554757391,Yes
14.502110574838818,24.20558681574981,0.0,6.802234726299926,5.901551893263838,SSW,60.99875848538893,N,NNW,11.00248302922214,20.0,75.98882636850037,75.99130939772252,999.4056488914804,998.9044694525998,6.999379242694465,7.0,17.904096998216527,20.301986423377716,No,0.0,Yes
14.592193967396312,25.82876009066817,5.014626449308745,5.1248965216590125,6.576089094239619,SSE,45.8488074274194,NNW,SW,8.078060326036884,18.53656612327186,90.6976148548388,56.312241304147534,1011.4453577717742,1007.2609698369816,6.156120652073765,5.614626449308744,17.398028768202735,24.320954058064487,Yes,5.66733010561156,Yes
7.773966055766547,18.59497171313879,4.079712669322217,3.076839362544382,3.097485856569395,S,56.807901593639045,NW,WNW,21.01077490041688,15.398563346611082,90.19569003983324,80.01795816736147,1011.1202873306778,1009.6825859761,7.199281673305541,6.601436653388918,13.958347848602743,14.592816733055416,Yes,2.6999353262401558,Yes
15.54081569130725,22.604078456536246,0.5811619886274233,4.963262765228998,2.179430502026554,NW,29.31866079608037,SSE,WNW,6.784917140524029,19.690727083661145,87.58714914705673,66.55575246143579,1018.6246479545096,1015.2869719317644,7.780223200653271,6.811619886274232,17.26954210235319,21.329195805033017,No,0.0,Yes
5.68760830728928,18.12864189480832,1.76413435007616,2.8701119583968,5.722291091831679,NNW,33.3904105141216,NNE,WNW,5.0199253610688,14.9601492778624,86.1195521664128,51.298880416032,1013.113947752748,1009.2159402888548,6.0199253610688,5.039850722137599,9.0856157711824,16.571668018434238,No,1.1712379260311083,Yes
13.6,34.2,0.0,8.8,12.8,NNE,35.0,ESE,W,2.0,11.0,50.0,20.0,1015.8,1011.6,7.0,6.0,21.9,31.8,No,0.0,No
14.9,28.8,0.0,5.8,8.1,NNE,30.0,SSE,NNE,7.0,11.0,71.0,44.0,1018.2,1014.5,7.0,2.0,19.1,27.0,No,0.0,No
17.5,35.8,0.0,9.4,13.3,SSE,57.0,NNW,NW,6.0,19.0,56.0,24.0,1011.8,1006.5,0.0,1.0,24.7,34.5,No,0.0,No
2.2,17.5,0.2,1.2,8.5,NW,20.0,SSE,WNW,7.0,7.0,92.0,45.0,1032.1,1029.6,2.0,1.0,5.5,17.3,No,0.0,No
-1.5,14.8,0.0,2.2,8.0,NW,15.0,N,NW,6.0,9.0,90.0,41.0,1029.1,1026.0,4.0,3.0,2.1,14.5,No,0.0,No
2.9,8.4,1.6,1.4,7.7,NW,59.0,NW,WNW,20.0,31.0,76.0,66.0,1016.7,1018.2,7.0,3.0,5.5,7.1,Yes,0.2,No
-2.6,11.1,0.2,1.4,6.5,N,20.0,E,NNW,2.0,7.0,87.0,54.0,1027.1,1022.7,1.0,7.0,0.8,9.9,No,0.0,No
15.0,29.4,0.0,6.6,11.1,NW,43.0,N,W,9.0,24.0,78.0,24.0,1010.8,1008.5,7.0,7.0,20.6,28.6,No,0.0,No
11.3,27.4,0.2,7.6,12.1,NW,52.0,SE,NW,6.0,31.0,60.0,20.0,1021.4,1017.5,1.0,1.0,16.4,26.3,No,0.0,No
2.9,9.5,16.8,1.4,6.5,NW,35.0,SE,NW,0.0,15.0,93.0,72.0,1021.6,1019.6,6.0,6.0,5.5,7.4,Yes,0.0,No
4.2,14.0,0.0,1.4,7.6,NW,33.0,NNW,SE,9.0,9.0,74.0,44.0,1026.4,1025.7,5.0,4.0,8.8,12.5,No,0.0,No
11.074848805749555,27.95345520441973,0.0,8.728534401408055,6.914252801251605,NNE,68.75021599178635,NNW,NNW,8.964152005084642,20.0,54.74992800273789,56.42844800469352,1010.171465598592,1006.2857183998436,3.678520001955632,7.464295999608874,20.50705440336369,22.339260000977816,No,0.3555378468550508,Yes
-1.1368038549293331,10.65792623711702,0.0,2.494772842419451,4.021122382187686,NW,36.89502934465804,SE,NW,6.684233026512157,21.89502934465804,89.94730092046353,74.21079631814588,1016.947471921956,1014.0369748564216,7.0,7.0,2.9158524742340397,6.36311064432447,No,1.2291389009171705,Yes
11.3,32.3,0.0,9.4,11.4,NE,28.0,ENE,WNW,4.0,6.0,44.0,17.0,1024.3,1020.7,5.0,2.0,18.2,30.5,No,0.0,No
15.68809154142142,24.23110421065332,7.15439531321366,9.605184035108886,4.61968451124191,NE,50.896319297822274,N,NNW,24.04658220512069,20.22276528796353,68.12434273175398,46.45078872189523,1011.4984596116392,1009.9108938848144,7.0,5.025920175544432,19.40311783215126,22.858564774558555,Yes,7.552521894848184,Yes
-2.8,12.2,0.0,2.6,8.7,NNW,31.0,SE,NNW,0.0,15.0,84.0,48.0,1018.3,1014.6,1.0,1.0,2.7,11.5,No,0.0,No
9.966066557250132,18.574601442577823,11.989870884983608,2.285912590161114,1.4549615082277454,S,51.267866885499735,NE,SSW,16.267866885499735,17.147814754027852,85.993059344361,87.14781475402785,1012.8323392130612,1011.9893829179806,7.42956295080557,7.42956295080557,15.003470327819496,14.18938291798061,Yes,11.069349495870238,Yes
7.4,24.4,0.0,6.2,11.6,E,35.0,ESE,WNW,7.0,11.0,65.0,37.0,1026.3,1023.2,0.0,2.0,12.2,22.1,No,0.0,No
6.1,17.2,4.0,2.2,2.4,NW,59.0,NW,WNW,24.0,15.0,89.0,85.0,1011.2,1010.4,7.0,7.0,13.5,12.6,Yes,7.4,Yes
12.442795976009355,24.49094144901988,0.1141226026916122,6.1215407106495165,12.028673373317742,NW,43.94650502998831,NNW,WNW,6.982168343329436,13.16048491003508,69.21397988004678,43.08915828335282,1012.801783165667,1009.6750356806612,5.928673373317743,4.053494970011693,15.106989940023386,22.601640443022216,No,0.0,Yes
7.933333726437807,25.263094971345776,0.0,6.6992065083200645,6.4134917171857415,SSE,65.44841124767,NE,NNE,7.615079879859032,30.944443789270323,57.02777810536484,48.17460354898839,1020.40079349168,1015.9706349112752,4.587301774494193,7.146825443623548,16.520238165435323,22.642063314230512,No,0.0,Yes
6.73181586646343,26.102511778931326,0.0,6.204186298218873,7.498325480712451,SSW,69.97906850890564,NE,NNW,6.0041862982188725,33.062794473283084,56.05023557862647,47.07116706972083,1020.884929326412,1015.992883293028,4.0125588946566175,7.0,16.314652043766053,23.182417547480732,No,1.0425105513047432,Yes
6.3,16.1,0.0,1.8,2.9,S,35.0,S,S,19.0,24.0,63.0,33.0,1019.7,1016.2,7.0,7.0,10.0,15.7,No,0.0,No
17.04225860109006,21.40233648388627,8.586759924644472,6.80233648388627,0.0,ESE,33.0,SSE,N,7.79844234407582,13.0,92.0,80.79065406445493,1012.124439319384,1009.3042835537916,8.0,8.0,18.300389413981044,20.70272589786732,Yes,9.72736910901877,Yes
6.2,16.9,0.0,5.8,8.2,SE,44.0,SE,E,20.0,24.0,70.0,57.0,1023.8,1021.7,7.0,5.0,10.9,14.8,No,0.2,No
2.7213950140609797,21.51164074594736,0.0,6.963932972941283,5.074509968801648,NW,78.20514713040268,SSE,NW,3.329468893893181,21.559854298713734,51.703582610411374,48.0451121190733,1012.1381382946274,1007.0141041058832,1.2888827550595718,7.990751808278962,16.43806492271298,19.97261872019578,No,3.776377981735574,Yes
6.4,16.9,0.0,2.6,5.9,SSW,26.0,SSW,ESE,17.0,9.0,78.0,51.0,1027.8,1024.8,7.0,2.0,9.5,16.0,No,0.0,No
8.419885017221311,25.093116143640252,0.0,4.146462252837885,8.352771195304186,NNW,30.46653890802368,SSW,NNW,6.466538908023678,16.734227643834252,70.79923344814208,31.332694540118396,1018.0204599311148,1013.460421603522,4.200766551857929,6.066922183952643,14.493307781604736,23.87992334481421,No,0.6568536508702089,Yes
12.644680049495935,26.834102859180184,3.860327194774464,4.342372647910392,10.089921061635716,ENE,37.56858792759619,E,W,5.60601815007042,16.86652199280341,80.74639591792538,39.80327257029294,1012.1607850520344,1008.3112924014472,4.948977337764138,2.8603623302307013,17.31120642017186,26.182440288317935,Yes,3.993375326012479,Yes
14.87455265924184,22.321388252409623,6.097249912400838,9.51863816481046,6.066608620636192,NNW,40.316020163311705,NNW,NNW,22.175033021525103,23.350066043050205,84.11348626579499,56.497598188583694,1015.6581842197472,1012.9231776154422,6.615888077211299,3.4068091759476995,16.081842197472803,21.09934549962531,Yes,7.177023582490936,Yes
7.781951752613176,26.399947020526422,0.0,6.60707095642872,7.853508988477573,SSE,70.0,NE,NNW,8.678098397557367,33.85699148721836,54.71451276917247,44.32190160244264,1020.4072298948494,1015.5500794692103,3.678628192293116,6.357256384586232,16.96416840259423,23.75704446669193,No,0.0,Yes
17.240831349700983,26.971149268540728,4.260635837679489,9.53691941483258,3.6552567154306175,NE,42.039119348684,NE,NNE,10.513447805622176,11.34229853708145,72.07823869736801,50.93398504007164,1013.8264059839712,1011.5843522605264,7.0,7.723716422846908,20.322494049102943,25.66454777254789,Yes,4.709142317818248,Yes
16.3,26.8,0.0,6.0,6.3,ENE,39.0,ESE,ESE,13.0,9.0,78.0,54.0,1018.8,1016.1,8.0,7.0,18.6,24.5,No,0.0,No
10.157222357680446,30.75346036224241,0.2580077485230456,7.148768157544976,8.999755139506481,E,42.709408739932734,SE,W,1.57724240053361,14.222409192447898,64.18223893507268,33.638840434835345,1013.0605170937346,1011.0929326196112,1.1256487814675142,7.763152579679432,17.06217727515254,29.306841014226148,No,0.3541696433909852,Yes
12.6,18.2,11.0,3.2,0.4,ENE,30.0,SSE,SSE,13.0,15.0,81.0,73.0,1010.0,1011.0,7.0,8.0,16.3,16.8,Yes,0.2,No
11.2,26.1,0.0,7.2,12.6,ENE,39.0,SE,E,7.0,19.0,71.0,40.0,1022.9,1020.0,1.0,1.0,15.3,24.7,No,0.0,No
-3.7,14.7,0.0,3.4,10.9,SSE,43.0,SE,N,9.0,22.0,53.0,25.0,1025.8,1020.9,0.0,0.0,5.5,13.4,No,0.0,No
14.189358351315969,18.489358351315968,12.54001979832636,3.889358351315966,0.0,NNE,38.048371130381966,NNW,NE,10.009674226076394,16.53385979126738,93.0096742260764,90.524185565191,1009.4572556695572,1006.252418556519,8.0,8.0,17.192260619138885,17.590325773923606,Yes,12.848690625401527,Yes
10.004638633238155,21.18181178096186,1.3422936033109814,5.973119190067056,8.450986194205782,NW,93.49013805794218,NW,NNW,31.0,50.228268522763,59.93973653931791,31.228268522762995,1010.2596787851006,1003.1589849286856,2.6778670041387267,5.194667510346816,16.71135883572139,20.094558329513305,Yes,0.7317937142013686,Yes
14.248254115222569,27.73747842362765,5.419118427062342,2.2597882373145275,8.145978823731452,NNE,44.67830589851621,NNW,S,8.758729423887164,23.6858902034866,78.54779606765585,46.773898033827926,1012.3789066643768,1007.8402117626854,2.4597882373145272,6.540211762685473,19.743245484673626,26.36084705074189,Yes,5.677701034400873,Yes
7.1,19.8,2.0,3.2,7.7,W,39.0,SSE,NW,13.0,15.0,96.0,56.0,1018.4,1013.8,5.0,2.0,10.7,19.1,Yes,5.2,Yes
14.836115746481097,26.136589970604216,2.945648546232185,5.635997190450317,7.555181345983271,NE,42.99881443969221,ESE,SE,4.0,13.36471414573436,82.90822868341252,43.27057170853128,1012.181882848744,1008.4,5.727057170853128,4.454114341706256,17.5,25.08200140477484,Yes,3.3764256252666542,Yes
8.989460772415725,26.290747510351107,0.0,5.134191158623588,10.558353777008437,NE,31.745506436797708,SE,NNE,6.627246781601146,13.0,73.17994291952252,34.14910128735954,1015.8390727471208,1011.5881740344804,1.0,5.223651931039313,14.808741802303356,24.56529815403088,No,0.0,Yes
5.0,24.1,0.0,6.2,12.0,NNW,52.0,SE,NNW,0.0,26.0,73.0,34.0,1024.5,1020.7,6.0,1.0,11.6,21.9,No,0.0,No
-3.7,14.4,0.0,2.6,10.4,NNW,22.0,N,NNW,2.0,11.0,64.0,28.0,1031.0,1028.0,0.0,0.0,5.2,14.0,No,0.0,No
16.573649071366777,24.16974523008778,0.199024039680251,6.591216357122258,4.718055265915357,NW,50.07319702398117,WNW,NW,13.053677817586196,34.99024039680251,71.96584138880878,59.9024039680251,1007.907807682558,1004.6034158611192,6.99024039680251,6.985360595203765,20.462425527689664,19.88194473408464,No,0.0,Yes
2.4,14.7,0.0,2.6,9.2,ESE,20.0,SSE,E,7.0,6.0,74.0,43.0,1030.4,1026.0,1.0,1.0,5.9,13.8,No,0.0,No
10.3,27.8,0.0,6.4,9.9,ENE,35.0,SE,NE,6.0,11.0,64.0,29.0,1021.3,1018.1,3.0,6.0,17.0,26.3,No,0.0,No
12.426853209419871,23.188040740972948,3.3002204935639945,1.7349958028251835,2.452603951019773,NNW,31.173876546305948,N,NW,4.058693827315297,13.586938273152974,95.7967765400364,73.20763333124349,1015.949669259654,1014.1557591359496,7.882612345369406,7.0,15.32934691365765,20.482171358241416,Yes,0.1577925106378672,Yes
4.817700081690294,22.708850040845142,0.0,5.654129108802708,5.570722935387359,NW,63.14895748239277,SSW,NW,3.3480834014085783,20.0,56.72935445598646,42.92256214260497,1014.6613584626764,1009.3646772279932,3.0221251021128674,7.662979149647855,15.394468724471784,21.876254210915576,No,0.0,Yes
8.7,13.0,0.6,3.2,7.1,WNW,54.0,W,WNW,19.0,28.0,82.0,58.0,1013.7,1014.1,4.0,2.0,8.8,11.1,No,0.0,No
0.0,14.0,0.0,2.4,4.7,WNW,39.0,NNW,WNW,13.0,24.0,60.0,36.0,1027.3,1024.4,7.0,7.0,7.9,12.4,No,0.0,No
5.4,15.5,0.0,1.6,5.8,NNE,20.0,SSW,NNE,7.0,7.0,80.0,58.0,1028.6,1025.5,7.0,1.0,9.4,14.9,No,0.0,No
8.3,17.4,0.0,2.0,1.6,E,20.0,WSW,NE,6.0,11.0,80.0,52.0,1024.4,1021.5,7.0,7.0,13.5,17.2,No,0.0,No
-0.167665633144006,17.170565419117743,0.0,1.3635065093467638,8.17327038290767,W,40.47920225912212,SE,NNW,4.7492922781533125,14.471555983614405,81.46611818538209,46.2415333028616,1026.136074133758,1021.9895626850304,1.2207928962837562,4.872172029212213,6.506920390581491,16.62708560783806,No,4.956735510830999,Yes
14.653735542126562,25.02113693177846,3.4590255476202407,8.12422276831644,3.7674013896519,NE,42.0132250137342,ESE,NE,15.0088166758228,14.3392111172152,67.3392111172152,48.6651972206962,1018.4502319619936,1016.1145475151076,7.0,7.6651972206962,18.95593971108226,23.82245943315188,Yes,3.6650485722293578,Yes
16.5,33.9,0.0,9.0,12.6,ENE,39.0,E,NW,11.0,11.0,60.0,36.0,1012.3,1009.5,1.0,1.0,20.8,31.3,No,0.0,No
8.9,26.0,0.0,5.0,10.7,NE,31.0,SE,NE,7.0,13.0,74.0,34.0,1016.1,1011.7,1.0,5.0,14.6,24.2,No,4.4,Yes
3.9,13.2,3.4,6.6,11.0,WNW,65.0,WNW,WNW,26.0,31.0,53.0,33.0,1017.0,1017.6,3.0,1.0,7.1,12.2,Yes,0.0,No
4.4,18.3,0.0,4.6,9.6,N,33.0,SE,N,7.0,17.0,80.0,36.0,1014.8,1012.6,1.0,2.0,8.4,17.4,No,0.0,No
11.2,26.1,0.0,7.2,12.6,ENE,39.0,SE,E,7.0,19.0,71.0,40.0,1022.9,1020.0,1.0,1.0,15.3,24.7,No,0.0,No
11.46505367351992,26.7477432174607,0.0,5.66086552280296,9.895672385985195,NNE,49.39134477197039,NNE,NNE,16.652396245837146,23.26105147386676,53.0865522802961,33.13029329810364,1015.7260586596208,1011.8260586596208,3.912982842044415,2.825965684088829,18.77817597886218,26.31731045605922,No,0.8972642943240815,Yes
17.28252801706185,27.99275084678388,5.3360594212592085,9.247584051185544,4.11022282972203,ESE,39.22676570209868,N,NNW,12.20632004265462,14.02044565944406,67.7007427657401,48.88661714895066,1014.4072491532162,1012.289777170278,6.433085744753299,7.88661714895066,21.354646859580264,26.515427416993745,Yes,4.916086568471729,Yes
4.6,22.0,0.0,4.4,11.0,N,41.0,NNW,N,6.0,19.0,82.0,25.0,1028.8,1024.9,1.0,2.0,10.0,21.4,No,0.0,No
-1.5,17.3,0.0,2.8,9.0,NW,48.0,SE,WNW,0.0,26.0,77.0,23.0,1023.9,1020.3,5.0,7.0,4.8,15.8,No,0.0,No
5.6,18.9,0.0,3.8,8.0,SE,33.0,SSE,E,13.0,22.0,79.0,49.0,1025.8,1023.5,7.0,6.0,12.5,17.7,No,0.0,No
15.4,28.4,0.0,4.4,8.1,ENE,33.0,SSE,NE,9.0,15.0,85.0,31.0,1022.4,1018.6,8.0,2.0,16.8,27.3,No,0.0,No
14.115288771937042,26.68541753462661,0.0,7.175695891044348,7.109721643582261,NNW,65.12152054477826,N,NNW,6.975695891044348,47.63543836566521,67.70835069253216,63.5868301477539,1017.3874947922404,1014.3413169852246,6.927087673133042,7.0,19.71493561865522,19.10207725761374,No,2.02667489255332,Yes
20.9,35.8,0.5912700814217992,13.8,6.764982416371986,SW,48.373806842287166,E,WNW,2.8464809733820298,16.81091677753799,59.25114135515532,30.722079695614777,1007.84949859917,1003.0972067704288,6.907911013660513,1.944631579702894,24.15546138843707,33.75523624514869,No,0.0,Yes
15.183235069181226,22.68342125389048,0.5666563230717081,4.433219553788788,1.6665942615019564,NW,28.33343676928292,SSE,W,6.0,16.832660999661023,87.99968969215124,64.83235069181227,1018.4499224230378,1015.0498913922528,8.0,7.0,17.133343676928295,21.450108607747065,No,0.4295632197875355,Yes
15.919420290115175,19.7696766999114,8.606822738033157,6.686198440602456,0.0739353399822807,NE,31.54515049867105,ENE,N,6.0,14.32709029920263,85.78193980053157,78.65418059840526,1012.289609809619,1010.8223188395392,8.0,8.0,16.684838349955704,17.560646600177193,No,8.275216486400982,Yes
14.38260444079224,23.020775310670977,2.462325932012933,5.420775310670978,2.7690854349393685,NW,63.384192708245735,NNW,S,6.0,10.929920961277292,84.65457282530316,68.62077531067098,1012.9888671418272,1010.309642452498,8.0,7.0,16.04468197185934,20.541302220396123,Yes,1.4863162741894702,Yes
7.570554124035246,17.778881064457547,0.4571089054029345,5.667126128233145,6.298872824496207,NW,60.867624334362965,NW,NW,26.407957070918705,31.84248942828337,67.59559614009177,54.95554953587124,1004.6876403356875,997.11413850744,5.9677372743421815,5.830419447147944,15.081721189438072,16.169535182492776,No,2.0747284841681863,Yes
14.516012388437831,20.95740248684644,7.512990708671626,9.429003097109458,4.852869967197131,NNW,33.217523228320935,NNW,NNW,19.74622290029225,18.782476771679065,92.98489160116898,64.41993805781084,1015.467371515752,1013.1854984514454,7.963746128613177,4.1450154855472885,14.750151712569076,19.553777099707755,Yes,9.136082566683609,Yes
15.094972522319535,20.392458783479302,22.559277430788264,2.401005495536092,0.1994972522319538,SSE,41.005027477680464,E,S,6.012568694201155,20.0,82.03016486608277,90.00754121652069,1014.9879340535668,1014.0808955848142,8.0,8.0,16.998491756695863,16.30075412165207,Yes,22.71822674196604,Yes
15.2132558259433,28.3489341301754,0.0,8.011782956394043,7.42978682603508,NNE,63.47790695676117,N,NNW,9.02945739098511,40.89689913155212,65.46317826126861,63.492635652253725,1015.0675968699164,1012.2198061742404,6.7463178261268615,7.0,20.99230621720375,20.141569782429123,No,0.0,Yes
14.040061917221015,23.740061917221013,3.940061917221016,6.140061917221015,4.4052012309683,SSE,69.27213632852803,NE,SE,7.275232189578808,10.67585136178896,87.5260061548415,65.17430343126358,1010.0526006154842,1007.0299690413894,8.0,6.149845206947462,15.570030958610507,21.220185751663045,Yes,7.213433051688863,Yes
12.5,31.7,0.0,6.6,11.2,WNW,24.0,ENE,W,6.0,9.0,74.0,28.0,1024.9,1020.4,1.0,1.0,17.2,30.1,No,0.0,No
-3.7,14.4,0.0,2.6,10.4,NNW,22.0,N,NNW,2.0,11.0,64.0,28.0,1031.0,1028.0,0.0,0.0,5.2,14.0,No,0.0,No
3.235245153202232,15.335245153202232,0.1515615066681315,3.785978226606609,2.6156786399209,SW,48.02358153312093,SE,NNE,7.50796646643962,14.476736333076987,80.37476160035156,71.25748966714274,1014.8601656866526,1009.6781389066462,5.546845200043944,6.304652733384602,7.268068579852786,13.471191593189047,No,0.6184640663126088,Yes
7.1,23.4,0.0,3.4,10.2,ESE,39.0,SE,WSW,2.0,7.0,72.0,29.0,1021.0,1016.9,0.0,1.0,12.7,22.4,No,0.0,No
2.4,14.1,0.0,3.0,1.8,NW,46.0,NNW,NW,15.0,30.0,50.0,27.0,1021.4,1017.8,8.0,8.0,8.6,13.2,No,0.0,No
15.6,26.9,0.0,6.8,8.9,E,41.0,E,E,6.0,22.0,65.0,48.0,1019.7,1016.5,2.0,4.0,19.8,25.1,No,0.2,No
18.18932993143661,34.952228946603206,0.0,9.500316442968424,9.704141450237984,NW,67.75956251817391,N,W,5.8694276334919895,13.26114473301602,67.54299671722197,28.934713816745997,1017.3210236941584,1013.0014378391822,1.3917170995240298,5.73885526698398,22.29140065655561,33.15875756492861,No,2.795506870954803,Yes
7.5,23.3,0.0,6.8,10.9,WNW,65.0,N,NW,15.0,41.0,46.0,15.0,1012.5,1010.9,1.0,0.0,18.3,21.3,No,0.0,No
6.412040904940636,16.39214507705078,0.2429320971525493,4.463873465660978,4.0994753199321545,SE,51.712037085423525,NW,NNW,18.104706842542143,25.53402781406764,77.41361876466128,64.6649304648309,1009.6377005745426,1004.805763841712,6.303665121440687,6.607330242881373,11.940312516330438,14.170679028474508,No,0.0,Yes
11.987934972006414,21.032613660355917,0.2184404372168336,5.882550163689299,4.764109726472466,SSW,61.87376174886734,NE,NNW,12.747523497734669,21.74752349773467,73.378714753398,77.310642623301,1000.645110492136,999.4242570493204,7.218440437216834,7.0,16.08694437110028,17.744246884563047,No,0.0,Yes
-2.0,11.3,0.2,2.2,5.9,WNW,33.0,SE,WNW,2.0,19.0,88.0,50.0,1020.0,1015.3,7.0,7.0,1.2,10.9,No,0.0,No
2.984516106652336,21.75969992332447,0.2579715217710821,6.924598133123032,5.209212902274608,NW,81.77291242410905,SSE,NW,2.620351387042753,17.251553417228237,51.07114644222926,49.316363700024695,1011.0488223521992,1006.7816680021218,0.7962084836967677,8.0,15.838897952513532,21.344254812766028,No,0.0,Yes
14.4,24.3,0.0,9.4,11.1,WNW,52.0,NW,NW,31.0,30.0,36.0,25.0,1010.5,1009.9,1.0,1.0,20.4,23.0,No,0.0,No
-1.0,12.2,0.0,1.6,8.4,ESE,30.0,SE,E,7.0,13.0,82.0,51.0,1032.2,1027.4,3.0,5.0,3.7,10.8,No,0.0,No
1.289250099194807,9.210749900805192,0.0,2.0553749504025967,2.0086873429415557,NW,59.89250099194807,NW,NNW,25.892500991948072,33.08468787198053,84.27687475201299,83.51031278931819,1015.4086873429416,1011.6491872768116,7.0,7.0,5.531812590928573,6.644625049597404,No,0.5311103866881597,Yes
10.700459420606602,25.27215470230797,0.1532305889877959,4.0806164660732245,6.792619980811203,NNE,30.61692352753051,SSE,NNW,6.61692352753051,10.318464692713572,77.4476882522254,39.746147087042345,1016.5213841197163,1012.3129223559512,3.681535307286429,5.76615294493898,15.634306475667625,23.81692352753051,No,0.9700716668786484,Yes
4.331057487503968,17.77703421204972,0.0,2.815461020784184,4.1,NW,43.15415872138985,NNW,SE,10.923597868983071,11.07730510392092,75.92269489607908,46.384719573796616,1024.8077756590374,1019.9001805945808,7.0,7.538426808734462,9.846428210997754,17.015506169429386,No,0.0,Yes
-1.7,13.6,0.0,1.8,5.2,NNW,28.0,SE,NNW,7.0,17.0,83.0,46.0,1023.0,1020.1,1.0,7.0,3.9,13.3,No,0.2,No
0.3,16.0,8.2,5.4,11.8,NW,57.0,NNW,N,11.0,28.0,68.0,45.0,1016.8,1013.3,1.0,1.0,6.9,14.6,Yes,0.0,No
5.3,11.7,2.0,3.6,5.6,NW,78.0,NW,W,33.0,33.0,73.0,56.0,1012.1,1012.3,3.0,1.0,6.9,11.1,Yes,0.2,No
1.439674630885276,13.25754184158157,0.3758698523541104,2.475173970470822,4.2575418415815705,W,68.12065073822944,NW,NNW,20.872390442937668,28.0,57.13456837589521,73.26217793295754,1012.6519747865152,1006.8547583140484,3.6310889664787727,7.0,9.662413014764589,11.283759634877326,No,0.7339239647371449,Yes
15.0,29.4,0.0,6.6,11.1,NW,43.0,N,W,9.0,24.0,78.0,24.0,1010.8,1008.5,7.0,7.0,20.6,28.6,No,0.0,No
12.9,31.8,0.0,6.0,11.3,WSW,41.0,NNW,NNE,6.0,9.0,76.0,24.0,1023.9,1019.3,2.0,3.0,17.4,30.0,No,0.0,No
15.761930954560782,23.721784305431733,6.578551784079414,9.740482738640196,4.346715549709683,NE,35.553620539801464,NNE,NNW,17.02077603689829,16.446379460198536,82.08310414759316,58.19034522719609,1015.1169569190298,1013.02975863068,7.574396576699756,5.7024136932009775,17.436663620771686,22.27922396310171,Yes,4.424384321923624,Yes
15.187487975676149,24.42916265855872,3.40696181291223,7.058325317117432,5.097930695044493,SSW,48.763875528529056,NNW,SSE,7.090311178677364,13.180622357354729,92.32643565014833,58.47224894294189,1011.1819377642644,1007.4111004228232,7.618062235735473,5.763875528529054,16.449294199249696,23.13471286997034,Yes,2.2956739576840794,Yes
13.957931611749558,21.640695042995866,25.150056111709866,4.831446197701595,8.661378925500294,NNE,48.29792603150384,SSW,SSE,19.47309421200709,23.122757851000596,70.33380041549438,52.49103140400237,1008.745795951298,1007.5702073968496,2.0,7.0,16.789658058747783,20.284557150445835,Yes,23.47215955850616,Yes
13.128193679320912,17.581802247116624,6.479548621919751,2.8462654680773265,0.1919237535576951,NNW,41.96827874435786,N,N,10.563361359081004,20.417800523649024,93.47928775384808,91.81181254331864,1009.3801374563344,1006.0725414707236,7.867918702737143,8.0,16.85540491588658,17.604772358834808,Yes,3.502822269249193,Yes
8.980509910432591,19.84488810736891,2.5740760869443498,1.5514162404084912,2.202832480816982,NW,29.51416240408491,NNE,SE,4.485837595915088,13.0,95.78540601021228,72.05664961633964,1015.3141624040848,1013.104032928374,7.757081202042456,7.0,11.82626118920712,17.33922314573494,Yes,3.114568404448794,Yes
14.060911987144015,20.658194628552,7.339877688768013,9.112007441136017,5.030061155615994,NNW,33.278702476319985,NNW,NNW,19.674847110960016,18.81419834912001,94.09290082544,64.58194628552002,1015.634706196888,1013.227870247632,7.8606487618400065,3.907099174560004,14.323488431664009,19.290709917456,Yes,5.244852208370376,Yes
7.0,14.3,2.6,9.6,9.7,WNW,63.0,NW,W,26.0,33.0,68.0,40.0,1010.3,1012.7,1.0,3.0,9.1,13.7,Yes,0.0,No
18.43550669221516,22.98383353621203,1.8011168164171407,8.3613658656248,0.0190683781489278,ENE,32.08817651789252,SSE,ENE,7.4958169379546,10.955766865703442,90.54902342007269,75.42425603416423,1013.4517879930636,1011.4898447490766,8.0,7.945659120004117,18.835777633328192,22.13430763962856,Yes,3.569315695925749,Yes
11.983388772145828,28.75014472689807,0.6386947935123735,6.930696900399171,8.493743103048665,ESE,38.21872083879808,SSE,WNW,2.036877476979015,8.276291485756532,76.53711883101059,30.000808620618745,1012.5730074012964,1009.6683229152712,2.074640983452108,7.038342504118434,17.842969720072208,29.186976011277803,No,2.3181835016326664,Yes
11.831283070043131,23.625913067558702,0.0,5.852450765026359,10.836184600095851,NW,44.63190769995207,NNE,SW,8.895723099856223,13.631907699952077,69.15797692498802,43.78988462494009,1014.9010931023406,1011.7537000248444,6.157976924988018,4.473930774964056,14.857820767510784,21.931283070043133,No,1.702786701625183,Yes
16.53655697742941,28.7145895359605,0.064393488293782,5.284852093649743,7.79944162961024,ENE,45.102293026779805,SE,N,8.517048837796635,15.229179071920994,69.57573953175128,39.77082092807901,1016.7804918603672,1012.8804918603672,6.32196744146891,7.0,20.9916716287684,28.15019604766672,No,0.4463228500123561,Yes
-3.4,12.5,0.0,3.0,6.8,SSE,48.0,NNW,WNW,7.0,30.0,89.0,30.0,1025.2,1021.8,6.0,7.0,1.4,11.2,No,0.0,No
17.0,33.8,2.0,9.0,13.5,WNW,52.0,NNW,W,6.0,24.0,65.0,35.0,1004.0,1001.8,2.0,3.0,23.0,31.8,Yes,0.0,No
12.8,18.5,25.8,2.8,0.6,ESE,28.0,S,SE,13.0,13.0,91.0,79.0,1014.0,1014.9,8.0,8.0,14.0,16.8,Yes,0.4,No
6.3,11.8,0.0,2.6,6.5,WNW,63.0,NNW,WNW,20.0,28.0,81.0,48.0,1018.7,1020.4,6.0,1.0,7.0,11.5,No,0.0,No
9.026283774585812,18.98476928097205,0.0,3.441269928624493,4.16494671550196,S,45.587483622443536,E,ENE,18.940356446842795,15.171391976569522,71.45648346647799,45.7981453123334,1025.974348831335,1022.1436508239756,7.291196186046708,7.169419730831678,13.85641642838516,19.59867245354359,No,0.0,Yes
3.2,21.9,0.0,6.8,5.2,NW,80.0,SSE,NW,2.0,20.0,51.0,50.0,1012.1,1006.5,1.0,8.0,15.9,21.0,No,17.4,Yes
-0.9,18.5,0.0,2.2,8.9,E,22.0,SE,N,0.0,7.0,84.0,38.0,1030.2,1027.4,2.0,3.0,4.7,18.2,No,0.0,No
1.767165288567308,8.82477190344423,0.0,1.7343305771346158,1.4889454606076908,NW,63.7522809655577,NW,NW,30.54031403994231,34.86866115426923,82.47464461707693,84.21196692561539,1014.3504561931117,1010.427763634848,6.737322308538463,6.868661154269232,6.111638018871153,6.985370249724999,No,0.0,Yes
0.0,14.0,0.0,2.4,4.7,WNW,39.0,NNW,WNW,13.0,24.0,60.0,36.0,1027.3,1024.4,7.0,7.0,7.9,12.4,No,0.0,No
11.7,21.5,0.0,4.2,7.3,ENE,41.0,ESE,E,15.0,24.0,66.0,51.0,1021.1,1019.6,7.0,5.0,15.7,19.4,No,0.0,No
7.588940724208172,24.25673060254823,0.0,3.659616384710628,6.256730602548228,SE,31.08173493629429,SW,SE,6.0,18.052877114670288,69.514428910812,29.64904096177657,1019.5918265063706,1015.1730775898072,7.0,6.134612050964572,13.772593736949316,23.621634698725888,No,0.0,Yes
1.5,20.9,0.0,2.4,9.3,NW,20.0,NW,NNW,2.0,9.0,80.0,41.0,1023.2,1020.0,1.0,1.0,8.4,20.9,No,0.0,No
5.3,23.3,0.0,3.6,5.6,NNW,83.0,SSW,NW,2.0,37.0,90.0,26.0,1018.0,1010.5,1.0,8.0,9.5,22.5,No,2.6,Yes
-2.7,18.1,0.0,2.2,9.3,W,52.0,SE,WNW,0.0,24.0,85.0,36.0,1017.8,1014.3,1.0,1.0,3.5,16.7,No,0.0,No
8.309125713630507,20.525475428178304,2.3077774543786744,2.848254337852944,6.512858390253684,SSW,37.02143065042281,S,NW,11.021430650422806,14.560317922316178,96.2198410388419,59.95713869915439,1017.828413299011,1013.8659523116526,5.659523116525731,3.099205194209552,11.711268778672787,19.385793350494485,Yes,3.6058075832406375,Yes
14.3,34.1,0.0,6.6,10.5,ENE,39.0,W,NNW,6.0,19.0,77.0,34.0,1006.6,1003.3,1.0,1.0,18.9,31.9,No,0.0,No
8.4,22.8,16.2,5.4,7.7,E,31.0,S,ESE,7.0,6.0,82.0,32.0,1024.1,1020.7,7.0,1.0,13.3,21.7,Yes,0.0,No
0.5,16.3,0.0,1.8,4.1,NNW,39.0,SSW,WSW,4.0,6.0,81.0,45.0,1023.7,1017.5,7.0,8.0,6.2,15.4,No,0.0,Yes
4.6,14.7,0.0,4.4,8.4,WNW,52.0,WNW,NW,28.0,33.0,54.0,51.0,1014.7,1012.4,1.0,3.0,9.2,12.0,No,0.0,No
14.88856518668798,26.08870135128489,2.90460115824419,5.713531145538751,7.420637129800403,NE,43.249659588507726,ESE,SE,4.0,13.136673101356614,83.09066151891471,43.72665379728677,1012.1682003860814,1008.4,5.772665379728677,4.545330759457354,17.5,25.043234427230622,Yes,0.7839322810476932,Yes
12.967925384790616,25.606841442680054,1.5144676927749696,5.158803461217208,11.153457692015644,NNW,43.29009326901173,NNW,SW,6.763364423003911,15.1297201929648,71.83962692395306,44.183177884980445,1012.8236635576995,1009.3687101922056,5.053457692015644,4.709906730988267,16.419813461976535,23.84882278887771,No,0.8872673644961833,Yes
14.014234901323787,20.460340043856093,0.1349149890359763,7.344404923251834,0.5301700219280474,N,23.34914989035976,N,ENE,6.66271252741006,7.686437362949704,77.39659956143905,60.07117450661894,1015.5378014500934,1013.3401739336474,8.0,8.0,16.23491498903598,19.426611296597105,No,0.0,Yes
9.032026040739032,19.75714236604026,0.0,4.342975282544709,4.394477686112639,S,45.299566270631935,E,ENE,18.4707276137838,15.06131401032124,70.6120687832159,45.78594181884336,1026.9635678192171,1022.260342942012,7.172139089050325,6.848677086018711,14.04056148904479,18.65678736292757,No,0.0,Yes
-0.2,15.5,0.0,1.4,9.0,NE,28.0,N,ESE,4.0,11.0,86.0,42.0,1027.6,1027.0,1.0,1.0,4.9,14.5,No,0.0,No
13.253698877540112,22.64917318790337,3.850826812096631,2.6819843490319144,1.9844212315323584,NNW,30.225413406048315,NNE,NNW,4.450826812096631,11.647519563710109,96.09834637580674,76.70496087257979,1014.5151435855246,1012.8602262667343,8.0,7.2254134060483155,15.59303742786281,20.30983463758067,Yes,3.5884719761580888,Yes
13.767009947274916,19.655033215134527,9.917707637754395,8.368405328233878,5.990191030187134,NNW,67.88280728315797,N,S,39.19617939625733,30.0,73.05988366070194,44.86370426444462,1006.2406312602104,1005.0975747772164,7.098089698128664,1.1961793962573282,17.08254982270179,18.337325577380128,Yes,9.05499557127545,Yes
9.9,24.4,0.0,5.8,10.8,NE,28.0,SE,E,7.0,7.0,60.0,38.0,1021.6,1019.2,1.0,4.0,16.2,22.7,No,0.0,No
6.3,16.1,0.0,1.8,2.9,S,35.0,S,S,19.0,24.0,63.0,33.0,1019.7,1016.2,7.0,7.0,10.0,15.7,No,0.0,No
17.400552690263876,22.20027634513194,3.020209051702502,8.294533219376467,1.0308662678176317,ESE,33.0,SE,ESE,9.734951322781471,14.26228522589914,92.42076174196636,73.6858104191849,1014.6314189580814,1011.8576474806714,8.0,7.158476516067239,17.65847651606724,21.510933561247068,Yes,4.110142159127145,Yes
11.7,30.2,0.0,7.8,11.2,NE,33.0,ESE,NNW,9.0,13.0,73.0,22.0,1024.3,1020.6,1.0,0.0,17.7,28.8,No,0.0,No
9.645634786551229,17.6394163943709,0.0,4.504108628635015,8.666166294961759,W,63.93306866352166,N,W,23.67495364898925,32.41290601331982,64.12735814244397,40.76436831924168,1009.8486501613808,1005.4232985229892,4.5753947214563935,4.04756004300119,13.043684704244177,15.85438787986068,No,0.8802807954339829,Yes
2.77883213293904,17.54552922433463,0.1307351404832314,3.5316214879192147,3.047653818737817,SE,41.0,SE,NW,0.6926485951676857,8.424270083086899,81.95659537006856,69.33746082322402,1013.7766162643492,1009.4155891571006,4.922054214496943,8.0,7.594864463757643,15.765015670710394,No,0.0,Yes
15.59127696485505,23.75540568098498,5.733782957045062,6.15540568098498,5.9,SW,53.65847315110026,NNE,WNW,15.466826458400298,19.62714824872512,94.39373501952495,60.40417665365002,1007.9101369264024,1004.7791167317498,8.0,4.595823346349981,16.770023968760047,21.993735019524973,Yes,4.856903044126776,Yes
4.4,11.5,6.6,2.2,9.3,WNW,57.0,NNW,WNW,28.0,31.0,67.0,56.0,1013.9,1014.9,1.0,1.0,6.9,10.5,Yes,0.0,No
13.009161707131838,22.56960519445873,5.733737144381598,2.115240668240093,1.951454842072878,NNW,30.454624119035376,NE,NW,4.75770686505896,13.0,96.24229313494104,76.12157922216508,1014.7240562516164,1012.8725148786044,8.0,7.151541373011792,15.70916170713184,20.127225528578773,Yes,5.050609970471502,Yes
7.92542299427962,14.884804398031132,0.5414376543833959,0.6,0.6464058640415105,N,19.030391203937736,S,NNE,8.030391203937734,9.70718827191698,97.70718827191698,78.56633256352264,1026.5607824078754,1024.7759780098445,8.0,7.676797067979245,10.904149151523203,13.987843518424906,No,1.409777649684985,Yes
-2.862674219739992,10.268897626905826,0.0,1.2865375896847835,1.8486003080468336,SSE,25.778862323493517,SSE,WSW,6.990587021055197,12.553819162641854,91.5609692127442,65.07889184958724,1013.5987646764734,1010.9254878044424,7.268214797037772,7.007085414875924,0.9534585181573796,8.256097253275442,No,0.0,Yes
-0.5,21.6,0.0,5.0,9.9,NW,48.0,NNE,NW,9.0,26.0,44.0,27.0,1014.6,1010.9,7.0,5.0,11.9,21.5,No,0.0,No
9.00948355472334,20.51599524040819,0.0,4.460863820391345,4.456122043029676,NW,48.20948355472334,ENE,ENE,17.74309867165997,16.162065781106644,68.53361511693663,46.53361511693663,1025.6286620018725,1022.1762911131916,6.266807558468314,7.0,14.456122043029676,19.82172764078269,No,0.0,Yes
9.73245701756649,29.96498992644252,0.1243701829782556,6.728057146459499,8.6323813830862,E,41.52155754140476,SE,WNW,1.4916516176474834,12.911306409921274,62.07190742583819,35.99278080543413,1012.03189425278,1010.6893718746016,1.210156084705628,7.721183198260723,17.18680900335152,28.379437024903584,No,1.072230456852372,Yes
12.0,23.8,0.0,10.4,12.4,NW,44.0,NW,WNW,15.0,30.0,54.0,34.0,1007.9,1007.2,0.0,1.0,15.1,22.9,No,0.0,No
14.065997137078902,20.724796073708205,7.150407852583584,8.192801799550406,5.641201063370693,NNW,62.30801390561676,NNW,NW,31.824021267413872,31.37999591011272,71.27599918202255,47.69198609438324,1007.4655995092136,1005.6136011451684,7.0,2.65599509213526,17.748796891685664,18.66919860943832,Yes,7.68659733072046,Yes
15.117206784288594,22.29130255264032,7.0620949117835545,9.579301696072148,4.608634743882758,NNE,34.34476272054111,NNE,NNW,18.4311101593687,17.655237279458888,87.7244406374748,61.41396607855703,1015.2982855919188,1013.110349151964,7.775872879909814,4.896508480360742,16.04647712862228,20.8688898406313,Yes,8.06597537647983,Yes
7.3,16.4,0.2,1.2,8.5,NW,43.0,N,WNW,15.0,24.0,86.0,48.0,1023.7,1019.7,1.0,1.0,11.2,14.7,No,0.6,No
2.2,17.5,0.2,1.2,8.5,NW,20.0,SSE,WNW,7.0,7.0,92.0,45.0,1032.1,1029.6,2.0,1.0,5.5,17.3,No,0.0,No
15.235187353998734,20.636577869497785,16.78694377805444,3.75187353998734,0.4365778694977844,SE,37.62031615003165,N,NW,6.0,15.606410995041148,85.71765223496519,88.64812646001266,1013.3439549135156,1012.2411738825174,8.0,8.0,16.864812646001266,17.55048302448829,Yes,16.727232870154243,Yes
10.260634510632334,29.427397757207697,0.3988730804850414,8.245628890269192,7.231329951103339,ENE,49.89135819933472,SE,ENE,5.506238502097691,8.202425586234328,55.74153559209898,34.28819095289798,1022.3957750062332,1016.97415694874,0.0,6.771336407765223,17.174769992815566,28.6255917263379,No,0.1923721036315513,Yes
7.3,16.4,0.2,1.2,8.5,NW,43.0,N,WNW,15.0,24.0,86.0,48.0,1023.7,1019.7,1.0,1.0,11.2,14.7,No,0.6,No
4.4,18.2,0.0,3.6,11.0,W,31.0,SE,WNW,7.0,19.0,78.0,35.0,1017.4,1015.0,1.0,3.0,9.2,17.2,No,0.0,No
10.1,29.9,0.0,6.8,8.8,E,41.0,SE,WNW,2.0,13.0,63.0,36.0,1012.6,1010.2,1.0,8.0,17.4,29.1,No,5.4,Yes
14.318522866984756,24.15024168875684,0.416920215651516,2.468942786145269,0.484865962606629,NNW,29.542263360564164,SSW,S,6.368936983949738,5.211831131223296,82.43687158344778,49.12763656474015,1017.1431087086446,1013.2220736227974,7.928409621641735,7.24797522468223,17.46636549508569,23.53362150146664,No,1.781501355457046,Yes
15.272234565470118,19.71106173811953,19.32754325606776,4.639049351111534,0.027765434529882,NNE,34.11061738119528,SE,NNE,8.583518482051769,13.97179020854587,90.6117282735059,88.27765434529881,1009.5746111876912,1007.1245000984602,8.0,8.0,17.86117282735059,18.28069750290636,Yes,17.408671714776812,Yes
15.902832960225592,21.2058667341323,0.0,6.037653306347081,4.476109867418636,SSW,44.7834038660087,S,NNW,9.783403866008696,9.783403866008696,72.16194506629068,76.16194506629068,1012.067811800423,1010.6352219734838,6.540486266572671,7.0,18.365179653878517,18.65445025401951,No,0.0,Yes
4.2,14.0,0.0,1.4,7.6,NW,33.0,NNW,SE,9.0,9.0,74.0,44.0,1026.4,1025.7,5.0,4.0,8.8,12.5,No,0.0,No
7.9,12.3,1.0,1.8,1.7,NW,52.0,NNW,NW,30.0,24.0,68.0,78.0,1006.3,1005.9,7.0,7.0,11.3,7.3,No,0.8,No
11.3,32.3,0.0,9.4,11.4,NE,28.0,ENE,WNW,4.0,6.0,44.0,17.0,1024.3,1020.7,5.0,2.0,18.2,30.5,No,0.0,No
4.2,14.0,0.0,1.4,7.6,NW,33.0,NNW,SE,9.0,9.0,74.0,44.0,1026.4,1025.7,5.0,4.0,8.8,12.5,No,0.0,No
15.262257358429071,22.862298450140266,2.6393550404488364,4.642579838204656,1.206572870645202,NE,31.426209299158437,NNW,NE,5.426209299158432,13.0,94.6229845014026,74.95080619943896,1015.1344356603928,1012.8639519407294,8.0,7.475403099719477,16.821289919102327,21.20818526952311,Yes,6.068835523729882,Yes
1.3,19.0,0.0,2.2,9.4,NNW,30.0,SE,NW,7.0,15.0,87.0,34.0,1024.7,1021.4,1.0,2.0,7.9,18.6,No,0.0,No
5.0,20.9,0.0,2.0,8.9,WNW,22.0,SE,NW,0.0,7.0,84.0,42.0,1019.9,1014.3,7.0,6.0,10.1,20.6,No,0.2,No
14.304889810185909,23.72570989779241,3.1812301314097566,6.265299853989159,3.41632496349729,NW,76.8572525551897,NE,NNE,5.534700146010841,6.23264992699458,83.39589956196748,65.97555094907047,1010.0350948320876,1007.4791799123936,7.76735007300542,7.0,15.888564846688618,21.084069722579404,Yes,4.099843738450749,Yes
15.67810128683753,28.966867075848644,6.023670877069631,4.4343038605125855,6.688765789011114,N,40.37278479511605,NNW,NW,8.195253217093821,19.17753157802223,76.29588596337038,48.31360760244198,1013.4331329241512,1009.7112342109888,3.5680380122098727,7.313607602441975,21.12544304097679,27.604145555360247,Yes,5.893987733395932,Yes
10.090428190625556,17.314012234017873,5.368146808214476,2.542036702053619,1.031853191785524,NNW,49.87902127857016,NNE,S,16.589204788838256,17.850305850446823,91.85030585044684,89.56048936071493,1010.6299388299108,1008.1767614366514,7.570061170089365,7.570061170089365,15.153177393259158,14.88024468035746,Yes,8.129899491992102,Yes
10.749162597926878,27.7298617851574,0.0,6.312308940464236,9.208739840381549,N,35.77203251077904,SSE,SSE,4.017479680763099,10.61398374461048,76.38601625538952,32.21048780845786,1013.7736341509952,1010.1490894339968,1.5965040638473802,6.19300812769476,16.270211378772665,26.82461788092847,No,1.5190616508787649,Yes
0.5,11.0,0.0,1.0,0.9,NNW,31.0,SE,NW,0.0,15.0,92.0,69.0,1024.4,1021.9,7.0,7.0,2.8,10.7,No,0.0,No
13.69889438753192,20.199842055361703,0.0,8.354572788917263,0.989590865059098,N,41.00157944638297,ESE,ESE,17.44479543252955,18.55520456747045,64.55678401385342,53.443215986146576,1019.412620359877,1017.3345442422268,7.777602283735225,7.777602283735225,16.977128449820334,19.28880114186761,No,0.0,Yes
12.827062302752664,23.767315107033088,0.0,6.737782159021875,10.201945321099265,NNW,43.20914388379136,NNE,SW,8.58171223241728,13.949027339450367,68.05097266054963,44.898054678900735,1013.543404749236,1010.6648444617746,6.316342446483456,4.632684892966912,15.44287942507684,22.009669207950644,No,0.0,Yes
-0.3,9.3,0.4,1.4,9.9,N,39.0,NNW,N,9.0,30.0,72.0,60.0,1017.4,1016.6,1.0,1.0,4.7,8.3,No,0.0,No
1.421221767807037,10.313969312519486,0.5614504910575102,2.775419803576996,2.5857628884527064,SSE,54.47481178538025,S,NNE,13.737405892690122,27.12290098211502,74.96373772356225,80.24580196423005,1010.9327084689352,1007.7028228305604,7.56145049105751,7.0,7.056412848133559,7.32820642406678,No,2.8245695609433703,Yes
16.780453549346284,25.49507824583977,0.0,4.068629902509137,9.25864663057244,SSW,41.72327044840441,NW,NE,6.638235289651921,5.136840947596049,69.3151936442238,73.07855272887636,1015.1170484836864,1012.3759927300088,6.031814575733755,6.977015685640764,21.949851856885186,22.614130758536337,No,0.1903649124396138,Yes
-0.2,16.2,0.0,3.4,5.9,E,28.0,SE,ENE,0.0,20.0,74.0,45.0,1027.6,1022.9,7.0,6.0,7.3,14.6,No,0.0,No
6.325983245361282,25.43894713133622,0.0,6.008642590649959,7.356481942987469,SSW,69.13019359386345,NE,NNW,5.739058078159034,32.6955677578522,56.95678704675021,48.08725800767069,1020.8956509679692,1016.1391690249818,3.956509679693173,7.043490320306828,15.830304540686262,22.50415487509076,No,0.0,Yes
17.598401440561016,27.796311016679265,5.195819152236502,10.197048813343413,3.6002459322213824,ESE,39.01352627217602,N,NNW,12.9889330500378,12.992622033358533,66.02705254435205,49.008607627748376,1014.5965569489008,1012.7945894911296,7.0,7.998770338893089,21.39520432168305,26.297171779454104,Yes,5.431936075428496,Yes
5.8,12.4,0.0,1.6,0.0,SE,26.0,SSE,ESE,13.0,13.0,79.0,73.0,1027.3,1023.5,8.0,8.0,8.7,10.8,No,0.0,No
12.6333620305846,23.097021247269232,3.3904679912615423,1.63812803495383,2.286297737438467,NNW,30.017872516384607,N,NW,4.017872516384608,13.0,96.97021247269232,74.01191501092308,1015.7916594923538,1014.0845104858,8.0,7.005957505461536,15.319064017476917,20.41012775928461,Yes,1.443779678724112,Yes
11.4,27.1,0.0,5.6,12.1,NE,33.0,ESE,SE,6.0,15.0,69.0,38.0,1017.6,1012.8,1.0,2.0,16.9,26.1,No,0.0,No
4.4,21.8,0.0,6.2,12.1,S,35.0,SSE,SSE,15.0,15.0,60.0,31.0,1020.8,1019.3,1.0,1.0,11.7,20.0,No,0.0,No
9.0,20.6,0.0,9.0,6.2,ENE,39.0,S,SW,11.0,11.0,54.0,28.0,1022.3,1018.6,7.0,5.0,11.4,18.5,No,0.8,No
7.17155884845247,18.59339885587109,0.0,5.426895995548826,6.030969145612631,S,57.223314264518216,NNW,NW,24.22331426451822,29.57865141161457,69.15484572806317,50.73349713967773,1005.1810045950624,999.8409063112556,5.555828566129555,5.911165713225911,13.67155884845247,16.653300572064456,No,0.0,Yes
13.82557140705303,26.42117396035533,4.122852170891134,4.504938050056984,9.717206991246035,ESE,39.008187740609735,E,W,3.947162795189933,16.172259005331508,79.81388986736592,34.17215995832239,1011.6970244184388,1007.6249545107742,4.996152275481161,2.9219795566321958,17.19967258875333,24.622072291741095,Yes,1.7295418521995298,Yes
15.3,19.6,18.8,5.0,0.0,NE,33.0,SSE,NNE,9.0,13.0,92.0,88.0,1008.7,1006.0,8.0,8.0,18.0,18.6,Yes,12.2,Yes
16.752513281138057,21.12413118861135,3.10557625622842,6.524131188611351,0.0,ESE,35.83820925267048,S,ESE,8.135283701068191,14.986746476869335,92.5676418505341,80.82495572953981,1013.2079521138784,1010.0808953736648,8.0,8.0,17.9039760569392,20.53898491103124,Yes,3.511031792424662,Yes
15.4,25.7,0.0,6.8,8.2,E,41.0,E,NE,9.0,17.0,67.0,32.0,1020.1,1016.9,7.0,7.0,17.6,24.6,No,0.0,No
4.6,14.7,0.0,4.4,8.4,WNW,52.0,WNW,NW,28.0,33.0,54.0,51.0,1014.7,1012.4,1.0,3.0,9.2,12.0,No,0.0,No
2.3,16.8,0.0,4.8,11.4,N,41.0,NNW,NNW,6.0,28.0,52.0,34.0,1019.8,1017.0,2.0,1.0,9.8,16.3,No,0.0,No
-0.3682982063417133,17.773192825366852,0.0,2.146385650733706,8.604894619025139,SE,34.90210761949721,NNW,NW,3.2680717463314704,18.414910317085663,80.31701793658287,42.536143492662944,1024.1340358731657,1019.6827556034068,1.0,2.9510538097486028,6.609789238050279,17.541491031708567,No,0.703623046682742,Yes
1.8974955521261496,10.392246570508956,0.0,0.9761649428523284,5.59574457535174,NW,44.59291688372322,NNW,WNW,24.39589211994281,33.24467271295715,75.89652612134807,73.9875830923288,1009.9552404242309,1009.8009541585004,2.7228017483181266,4.993479570065683,8.112487458684836,8.786320834464423,No,0.1163851687465384,Yes
11.61133007222639,17.555907234059813,0.0,5.015660763901718,8.285755362769102,W,67.92488721056245,N,W,24.1242219370194,33.738678933477,65.76865909469949,39.93277532439335,1009.2447702315006,1004.9251523761316,4.978415006852187,4.071686374480587,12.602438785959473,15.478261570895643,No,0.1850730636092947,Yes
14.81498140988476,17.454807902142505,1.1285995446518091,7.340322228664185,0.7700371802304831,SSE,47.65043376935564,S,SE,12.650433769355637,13.349566230644363,74.39950426359356,78.59925639539034,1010.249690164746,1010.1097397383866,7.049938032949195,7.049938032949195,15.764919442833952,15.349938032949195,No,1.0257847696412656,Yes
2.587035126972812,11.089927686023726,0.7395661161423628,1.4402892559050915,0.1798553720474542,W,35.604338838576375,SE,N,0.0,12.2949380216609,98.2949380216609,95.09349174213544,1023.3927686023728,1019.881250008871,7.0,8.0,5.907179754925358,8.610072313976273,No,1.0251568642493372,Yes
0.8,13.0,0.0,1.4,4.1,WNW,41.0,S,NW,2.0,28.0,95.0,69.0,1028.2,1024.2,8.0,6.0,4.3,11.7,No,0.0,No
-2.8,14.1,0.0,2.2,6.8,WNW,48.0,SE,WNW,0.0,26.0,81.0,38.0,1017.3,1012.9,1.0,7.0,3.0,12.8,No,1.0,No
1.080699582340491,18.294480765257376,0.4010970853726565,2.2633528719624705,8.029756536579086,SW,39.0,SE,NNW,6.5399383841555,14.845731890241286,79.84298917680964,48.07713405487936,1024.659238801815,1021.1057935060858,1.462804329276142,5.231402164638071,7.372437634166227,17.90191989940215,No,1.9909601452750976,Yes
7.9,26.1,0.0,6.8,3.5,NNW,43.0,SE,WNW,0.0,19.0,45.0,20.0,1017.6,1014.2,5.0,8.0,16.3,25.9,No,0.0,No
15.10133352700929,22.756701581096948,0.5580351081062411,4.338386189168652,1.606245756743688,NW,28.41964891893759,SSE,W,6.0,16.27228202690567,87.74105324318724,64.01333527009291,1018.3852633107967,1014.9593686351157,8.0,7.0,17.14196489189376,21.54063136488447,No,1.4650625633834522,Yes
14.560913842563718,25.27614455195901,1.299495308025979,5.784769290604704,6.34670151213393,SE,56.93907716241881,NE,NNW,9.984769290604705,20.40609228375812,77.0152307093953,70.31470802738635,1002.1411229153672,1000.8086337336632,5.984769290604704,7.0,18.52944303982508,21.904064520844567,No,0.3275462569343086,Yes
6.340364268440953,15.158348597647676,0.0,4.058699634168959,6.999765975652478,SSE,55.115995122252784,NNE,SE,16.99882987826239,30.1171652439904,74.88400487774722,55.64967438976642,1013.165318475498,1009.6654354876716,5.823667073145601,5.235500609718402,9.093498170844796,11.875747865985597,No,1.8392775720481933,Yes
10.072857854635943,23.42147234949956,0.9443621479652444,7.324645637758467,4.465496107138144,S,64.26063086724592,S,NNE,3.0492912755169383,13.179606709139902,70.41188859706335,53.147873826550814,1011.9426063086725,1007.496826711741,4.147873826550814,7.47535436224153,16.73943302041355,22.573936913275407,Yes,0.9947056660305644,Yes
15.2,25.1,4.8,6.4,11.6,E,46.0,ESE,ESE,20.0,28.0,62.0,42.0,1016.8,1015.0,1.0,1.0,17.1,23.9,Yes,0.0,No
4.8,14.1,4.0,1.6,8.3,S,48.0,S,SSE,30.0,22.0,67.0,48.0,1018.2,1017.6,5.0,1.0,8.9,13.6,Yes,0.0,No
15.42979940833079,29.117621787799163,6.130085967858234,3.689398224992369,7.087822379468374,N,40.55014327976373,NNW,NW,7.574498520826974,19.97564475893675,77.62607459822792,48.22492836011814,1013.2823782122008,1009.3121776205317,3.1246418005906955,7.224928360118139,21.089971344047257,27.772636115775537,Yes,7.440879169258872,Yes
4.6,14.7,0.0,4.4,8.4,WNW,52.0,WNW,NW,28.0,33.0,54.0,51.0,1014.7,1012.4,1.0,3.0,9.2,12.0,No,0.0,No
11.200019590774602,18.00003673270238,0.0,4.800019590774602,8.399906943820636,W,64.99947349793254,N,W,23.999791848019843,32.999669405678574,65.0000857096389,40.00017141927778,1009.50010407599,1005.3001261156114,5.000036732702381,4.000048976936508,12.80004040597262,16.20004652808968,No,0.0,Yes
8.2,22.4,0.0,5.4,11.2,NW,31.0,SSW,NW,2.0,17.0,70.0,30.0,1027.8,1023.8,1.0,3.0,13.6,20.6,No,0.0,No
12.133976089065037,22.004843809302837,3.726216737654475,1.6699035866402447,2.0320362512123955,NNW,30.11650597773374,N,NW,3.7669880445325177,11.485422289461368,97.0,76.33011955467482,1017.1980717328048,1015.2883609728842,8.0,7.116505977733741,14.717470111331297,19.37474739594308,Yes,2.352411645568844,Yes
15.447054839782572,21.0073459696195,4.685240337064713,6.82356128173943,0.7941096795651427,NW,32.058903204348574,SE,NE,7.455991905979288,8.588354806522858,89.02911298369285,81.89675008314927,1011.0794854640224,1009.5530128839138,8.0,8.0,16.758835480652287,19.920582259673857,Yes,2.2598061541222085,Yes
11.5,25.9,0.0,5.2,10.2,ENE,44.0,ENE,WSW,9.0,7.0,70.0,35.0,1016.4,1014.3,6.0,2.0,15.8,24.3,No,0.0,No
8.4,22.8,16.2,5.4,7.7,E,31.0,S,ESE,7.0,6.0,82.0,32.0,1024.1,1020.7,7.0,1.0,13.3,21.7,Yes,0.0,No
15.67669334535952,21.19816296964418,5.164408872853972,6.504707167620458,0.8411022182134928,S,31.130883959525573,SSE,NE,6.065441979762785,7.392651878576714,92.93455802023722,85.34558020237215,1010.38140051298,1008.789781741312,8.0,8.0,16.724339761549295,20.13742815750185,Yes,2.5537755301915683,Yes
17.5033016723329,29.414131857195677,0.5278454778058838,5.563137650018681,9.014884937995694,E,46.518098343648894,SE,N,8.517970889421676,18.179318443891557,68.46931321498336,38.0753867068776,1017.1167681911888,1012.7432987056496,6.277751421476381,7.181352576039365,21.86398625564544,29.263728862758697,No,1.596649322665319,Yes
11.7,30.2,0.0,7.8,11.2,NE,33.0,ESE,NNW,9.0,13.0,73.0,22.0,1024.3,1020.6,1.0,0.0,17.7,28.8,No,0.0,No
13.688821721121418,17.98882172112142,9.718813337229808,3.3888217211214173,0.0,NNE,40.32353763126629,NNE,NE,10.464707526253257,18.1264763418864,93.46470752625326,91.66176881563314,1009.79853064469,1006.3661768815632,8.0,8.0,16.828233978997392,17.135292473746745,Yes,9.04075901704384,Yes
11.4,27.1,0.0,5.6,12.1,NE,33.0,ESE,SE,6.0,15.0,69.0,38.0,1017.6,1012.8,1.0,2.0,16.9,26.1,No,0.0,No
15.3,33.2,0.0,9.4,13.2,NNW,44.0,NNE,NW,4.0,24.0,60.0,18.0,1013.9,1012.0,0.0,1.0,22.4,32.1,No,0.0,No
-3.7,14.7,0.0,3.4,10.9,SSE,43.0,SE,N,9.0,22.0,53.0,25.0,1025.8,1020.9,0.0,0.0,5.5,13.4,No,0.0,No
0.9,20.7,0.0,5.4,8.4,NNW,39.0,SSE,N,2.0,17.0,71.0,29.0,1023.2,1018.4,3.0,8.0,9.4,19.1,No,0.0,No
12.04512662431794,25.1234923737605,0.7926085313291721,6.02802155599759,12.60883666948784,NW,45.47017602188325,NNW,WNW,6.715886534438229,14.629272378555306,68.05560474230477,42.90722678037186,1013.0492999609096,1009.4540235176936,6.258658319084786,3.8594241938237857,15.3864186190172,22.63916757229169,No,0.101066365196465,Yes
10.873909152160632,28.903141589175267,0.054047972487843,8.840190321119179,7.723963796447246,E,52.05009828944477,SE,ENE,6.541062255589247,8.646858790442744,56.07176108402773,35.292535885480106,1022.0326140291866,1016.5937801696524,0.0,7.11793266774651,18.547134463095738,27.14569783547391,No,0.0,Yes
16.781373240718008,25.39980334961721,0.0,4.110482328203851,8.715748073603626,SW,41.13164363499434,NW,N,6.473917085979617,6.710875628969426,70.13164363499433,73.97367127300114,1014.4025837101042,1011.4447096733024,5.921013819003398,6.9473425460022655,21.136663567415628,22.220866331216307,No,0.4090935476707845,Yes
7.237359287915,26.027232596428178,0.1007548664840625,6.289559881319167,7.292892774449427,SSW,68.88050148351043,NE,NNW,5.8880501483510415,31.544651928563542,57.79119762638334,47.50377433242031,1020.3906281749972,1015.574590563734,4.167924777473438,7.0,16.367169910989375,23.244779940659583,No,0.0,Yes
15.674652935052356,24.463274657335884,2.232932583425291,7.31896379619412,3.67974094904853,S,58.41813356660288,NNE,N,4.481036203805879,6.759481898097061,86.55689138858236,59.12673532473821,1011.2468083656232,1008.1113782777164,7.240518101902939,7.0,16.994911986003828,23.08603121276883,Yes,1.8533146541471108,Yes
16.096765442770952,23.756186790574063,1.5448863695269257,7.766807509551244,4.101632923080267,S,50.0491075774081,NNW,N,4.386494654090205,8.28937121689351,86.91900367247267,57.918983958715216,1012.3838627847354,1007.5216862154642,6.852935864840884,7.047187012157662,17.547668956232975,24.5109065430983,Yes,0.9834123288704898,Yes
8.859859747431557,17.2788531356409,4.94623762769082,2.436559406922705,1.4537623723091802,NW,52.691749148727865,NNE,SSE,18.874546183341398,16.971328391022542,90.97132839102254,88.15412542563607,1010.8057343217956,1008.8623638550024,7.394265678204508,7.394265678204508,14.643370466793073,14.177062712818032,Yes,3.1524190876496365,Yes
-0.2,16.2,0.0,3.4,5.9,E,28.0,SE,ENE,0.0,20.0,74.0,45.0,1027.6,1022.9,7.0,6.0,7.3,14.6,No,0.0,No
8.4,22.8,16.2,5.4,7.7,E,31.0,S,ESE,7.0,6.0,82.0,32.0,1024.1,1020.7,7.0,1.0,13.3,21.7,Yes,0.0,No
1.2,14.8,0.0,2.4,6.7,SE,17.0,SE,SSW,11.0,6.0,81.0,49.0,1028.5,1024.8,7.0,1.0,5.3,14.5,No,0.0,No
15.300713427993044,19.60370982556384,18.78787172411824,5.001997598380525,0.00271102637357,NE,33.01212827588176,SSE,NNE,8.996432860034776,12.995719432041732,91.99714628802782,87.97717030422257,1008.7022116267784,1006.0017122271832,7.999286572006955,7.999286572006955,17.999643286003476,18.603852511162444,Yes,17.31313136982179,Yes
15.557031355635685,29.040373819792624,6.075557990441851,4.071094066907043,6.883342464156941,N,40.459263317403085,NNW,NW,7.892578389089203,19.566684928313883,76.94447488052313,48.27036834129846,1013.3596261802072,1009.516657535843,3.351841706492288,7.270368341298457,21.108147336519384,27.68630015153293,Yes,5.740249050822524,Yes
4.914994898374714,15.570617985265232,3.012495748645595,1.8543735120259583,3.190003401083524,NW,55.790611183098186,NW,WNW,24.0,19.44376913109482,85.54373512025958,82.03748724593679,1011.1012495748646,1010.1531239371614,6.012495748645595,6.506247874322797,12.068118835536112,11.513745323510154,Yes,2.773325926892736,Yes
-0.9,18.5,0.0,2.2,8.9,E,22.0,SE,N,0.0,7.0,84.0,38.0,1030.2,1027.4,2.0,3.0,4.7,18.2,No,0.0,No
11.23543690325859,17.38503587093781,22.655149935756118,6.302363870981996,8.606300129040097,NW,73.7479948383961,SSW,SSE,30.448818064509,36.56690580625206,62.448818064509005,45.67718451629296,1007.1157450322324,1004.5315006452004,2.4488180645090023,6.551181935490998,14.442517935468905,16.07479948383961,Yes,21.2786572166678,Yes
5.4,11.3,0.2,2.2,0.6,ENE,35.0,SE,ESE,11.0,17.0,65.0,61.0,1035.7,1031.9,7.0,7.0,8.3,10.2,No,0.0,No
3.9553996747716704,15.893628524967385,0.0,0.6229373101174266,2.0560689802870424,NNW,17.67537635345756,SE,SSE,6.203887201043791,7.267601951369976,94.46479609726003,63.06371475032618,1022.4324623646544,1019.5789419743804,7.910799349543341,7.0,8.416565835084809,14.77578839487605,No,1.3425840222318457,Yes
4.830389759332628,18.52957293510637,3.8510805242746375,2.099472599903242,5.097311551353966,ESE,22.14786467553185,NNW,W,6.18819140522235,6.174749161992182,98.93278878384916,50.20163364845252,1026.4507911001451,1022.9669217920214,7.013442243230168,4.0,7.100816824226259,17.918819140522235,Yes,6.418875314918124,Yes
14.328829610654584,27.9686962346274,4.750903637291048,3.3313037653725988,9.042340778690829,ESE,39.822074026636464,N,SSW,4.822074026636463,19.05518506659116,80.41103701331824,40.93244415981877,1012.6055185066592,1008.358896298668,3.766888960045306,4.644148053272925,18.93862954661381,26.727592533295574,Yes,3.71334715766694,Yes
14.520165125615964,24.55625055254867,4.534434170773084,6.2773579901446,6.047877587850391,SW,47.52948040229421,NNW,WNW,8.798348743840375,17.33608542693271,94.05896080458842,59.1933949753615,1010.9411558793116,1006.9008256280798,7.596697487680752,5.134434170773083,16.149528844010018,22.976415678164635,Yes,4.238797021154,Yes
9.8,26.3,0.0,5.2,13.0,NNW,41.0,W,NNW,6.0,19.0,63.0,35.0,1023.2,1018.0,1.0,1.0,15.3,23.9,No,0.0,No
13.596994157360562,23.01098266452138,3.115144526468411,2.739421894126357,1.8905202567983403,NNE,30.53410401287173,NE,NNW,4.53410401287173,13.0,96.1098266452138,74.35606934191449,1015.55075146066,1013.6371098555112,8.0,7.178034670957243,15.86971094706318,20.702658940627312,Yes,2.3367269015141785,Yes
4.229906141928562,15.48024442689739,0.5775087222871802,0.3411440101470527,1.411176406790588,NNW,16.44524297820289,SE,SSE,4.762077265254346,8.063527305516311,94.22760150569928,65.68537855112453,1022.9329247214592,1019.53727875329,7.775106859828577,6.882453497228225,7.877405135822746,15.877892455305632,No,0.6179856271750527,Yes
15.76275592295074,26.48336477475435,3.447548502951067,5.651023691802957,5.340099687541214,NNW,46.77653553770443,NNW,NE,4.716325436065681,12.372440770492608,85.49286097377012,53.13469825573728,1012.193978989836,1008.3641837281968,5.209186409835798,7.0,18.753569513114943,25.50428341573793,Yes,4.698978989659624,Yes
16.002199690025076,25.07190463084667,2.0330611121542894,7.359773454819676,4.563922534283503,NW,48.57573764794601,NNE,NE,4.0,8.294783956412717,86.96417283486983,53.41043208717457,1011.8776870373848,1008.4,6.741043208717457,6.482086417434913,17.5,24.22011327259016,Yes,2.214233208706386,Yes
3.549505262441997,21.46980230189331,0.0,3.404455591769686,7.016584046309907,WNW,36.59405921097376,SSE,SSW,6.0,12.594059210973752,77.39108881646062,38.37623684389501,1021.7106432572836,1018.1910888164606,4.608911183539372,3.797029605486876,9.38787154545978,21.10965378216765,No,0.1513621550939341,Yes
15.663770161424898,21.190983423013837,5.181639784766802,6.497048984548089,0.8454099461917005,S,31.12131123068511,SSE,NE,6.060655615342555,7.36393369205533,92.93934438465745,85.39344384657446,1010.360819145973,1008.7759012844934,8.0,8.0,16.715245669150857,20.12737679221937,Yes,5.0392628006843685,Yes
5.751222013406908,24.96146641608829,0.0,6.3626476548445305,6.876517323095968,SSE,72.71079424740884,NNW,NNW,4.915682301036466,29.47596747836852,54.64460287629558,47.81323827422265,1018.5145010622804,1013.4247454649616,3.18676172577735,7.271079424740884,16.19156823010365,22.603625265570056,No,1.8931463542486424,Yes
4.0,15.9,0.0,0.6,2.0,NNW,17.0,SE,SSE,6.0,7.0,95.0,63.0,1022.5,1019.7,8.0,7.0,8.4,14.8,No,4.8,Yes
0.1,21.0,0.0,2.2,9.2,NNW,17.0,WNW,N,2.0,9.0,78.0,36.0,1023.2,1020.3,0.0,1.0,7.6,20.7,No,0.0,No
9.1,25.2,0.0,4.2,11.9,N,30.0,SE,NW,6.0,9.0,74.0,34.0,1024.4,1021.1,1.0,2.0,14.6,24.0,No,0.2,No
6.524960353827305,14.466683896403405,0.0,3.660220611743034,2.948607375038452,S,63.51182351060557,NNW,NW,23.559117553027868,29.4193381647709,80.39569114355976,81.65160289886254,1008.9449293403012,1006.184288180756,7.0,7.0,10.42732505594842,11.88539123947133,No,0.0,Yes
11.444955184675427,29.192128850170825,0.0,7.083148459931669,8.375277310102495,ENE,39.58425770034165,SSE,WNW,2.0,10.168515400683306,73.61806724743761,32.46064425085413,1012.3168515400685,1009.421341735188,1.7078711498291734,7.292128850170826,17.4,28.74606442508541,No,0.0,Yes
14.676285606596766,20.408518658115305,15.242517904292662,4.214581874973705,0.5313122610471999,NE,32.30698400732974,S,NNE,7.844973345549565,13.0,93.15502665445044,84.76592536753878,1010.3401378493196,1007.8711431802096,8.0,7.768994669109913,17.376285606596767,19.01580959560216,Yes,18.35325889301461,Yes
-1.6,10.7,1.4,0.8,9.1,S,59.0,SSW,S,28.0,37.0,74.0,56.0,1014.1,1014.9,2.0,4.0,5.6,9.6,Yes,0.0,No
10.766703376392844,29.038511375505298,0.0,8.326747428064259,7.443395739867837,E,49.96670337639284,SE,ENE,7.199779741642932,9.13318649442862,56.23307636525009,34.233076365250085,1021.6749174031162,1017.783241559018,0.1165381826250436,7.0,17.443395739867835,27.55349485612852,No,0.0,Yes
8.8,19.5,0.0,4.0,4.1,S,48.0,E,ENE,19.0,17.0,70.0,48.0,1026.1,1022.7,7.0,7.0,14.1,18.9,No,16.2,Yes
7.400006328637921,16.300003691705456,1.0547729867315886e-06,1.20000398469795,8.599994960529063,NNE,30.000001757954976,SSE,NE,6.000000585984992,18.999996484090044,75.00000996174488,65.00000644583491,1031.3999900382553,1027.8999903898462,7.000000585984993,7.000000585984993,12.100003750303951,14.500004453485944,No,0.0,Yes
3.9,13.2,3.4,6.6,11.0,WNW,65.0,WNW,WNW,26.0,31.0,53.0,33.0,1017.0,1017.6,3.0,1.0,7.1,12.2,Yes,0.0,No
13.687799009303124,24.11008315650181,2.888244869133662,7.44367657473629,3.822284147198686,NNE,43.00111464957635,ESE,NE,15.667409766384235,14.77827317758949,67.77827317758948,48.55543170560263,1019.7125353855696,1017.201226114534,7.0,7.5554317056026274,18.15465145089918,23.010194621459444,Yes,1.7400401330565347,Yes
13.3,31.7,0.2,7.8,11.0,WNW,44.0,ESE,WSW,6.0,28.0,80.0,23.0,1021.6,1017.6,2.0,5.0,17.5,30.7,No,0.0,No
1.4,20.6,0.0,5.4,11.1,N,46.0,SW,N,6.0,30.0,56.0,16.0,1020.8,1015.4,5.0,1.0,11.3,19.5,No,0.0,No
11.984376120892126,28.836951554382555,0.0,7.4442427737869235,8.356104699978266,ESE,38.44265446644823,SSE,WNW,2.5997124942169325,10.06091474610255,79.2601604399931,31.302752475905628,1012.0248307157162,1008.5561604184758,1.8546656883593424,7.07503314034242,17.2773581066165,29.44770536238751,No,0.0292416521180473,Yes
8.412832080053738,24.234815987359937,0.2607360505602559,3.573824033706837,6.082719957866454,NW,33.98346743911502,SSW,NW,6.0,18.98602647004345,69.01397352995656,31.897067228447284,1018.961247856746,1014.4350718904528,7.072426680711182,7.0,14.472426680711182,23.353749285581983,No,0.406300754185213,Yes
6.790531819275285,26.005224501696187,0.1386268482652792,6.236778551580584,7.478781604857355,SSW,69.95756320971472,NE,NNW,6.466804693138185,32.957563209714706,56.21218395142645,46.94341761295295,1020.70761988404,1015.8585440323824,4.04243679028529,6.91512641942942,16.305658238704705,23.129272016191184,No,0.4732355631637738,Yes
14.227109550969535,23.927109550969536,4.127109550969538,6.327109550969538,5.013106040650999,SSW,60.621183267658864,NNE,SSW,7.976660816135768,13.247756325831148,90.565530203255,63.0700175515927,1010.3565530203256,1006.9364452245152,8.0,5.682226122576155,15.66355477548477,21.781328652908616,Yes,3.106411448904339,Yes
15.1,24.3,0.0,7.0,0.4,SE,39.0,SE,SE,7.0,17.0,69.0,80.0,1019.0,1017.1,7.0,7.0,18.9,19.7,No,0.4,No
15.684326693239557,24.2,0.1127930184037672,6.6872069815962325,5.223241889577396,SE,54.7963839877928,SE,NW,12.127930184037671,28.459476380282545,73.74413963192465,66.97655852769861,1004.19370328216,1002.1146010245074,7.0,7.0,19.366309239248974,20.074413963192463,No,0.0,Yes
5.8,12.4,0.0,1.6,0.0,SE,26.0,SSE,ESE,13.0,13.0,79.0,73.0,1027.3,1023.5,8.0,8.0,8.7,10.8,No,0.0,No
3.2,18.7,0.0,2.6,11.1,N,31.0,E,NNW,4.0,13.0,70.0,32.0,1032.2,1026.9,1.0,1.0,11.0,18.1,No,0.0,No
14.626969796545314,17.31017824726204,0.651407824770584,7.111444131422061,0.718574021903677,SSE,47.49108763689798,NW,S,12.796435054759192,13.712477308342828,76.03564945240808,79.52673708930605,1010.020356494524,1009.5539395930906,7.101782472620403,7.101782472620403,15.771247730834284,15.432317214406526,No,0.0,Yes
12.974726189074277,20.52428131098176,6.50663926833095,8.189493475652124,5.446680365834525,NW,34.171457926788264,NW,NNW,18.63329908541369,18.21902804880782,94.39048597559608,63.2428131098176,1016.0662046646144,1013.3171457926788,7.414271036605866,3.609514024403911,13.758076646367432,19.26095140244039,Yes,5.997404109114672,Yes
11.386306847638862,25.52669762718495,2.573072813635941,6.865823186537925,4.610356610140022,NE,61.227845423080495,NW,NW,7.443038644229876,25.12427932168027,78.12427932168026,37.38089898338974,1016.317606237238,1011.6380898983388,3.9689301695799326,8.0,15.388378169666863,24.38032244073396,No,2.021008613760585,Yes
16.5,30.3,0.0,10.0,8.1,E,46.0,E,N,7.0,9.0,77.0,44.0,1015.7,1013.4,7.0,1.0,18.1,28.0,No,0.0,No
15.671107815886137,22.770636166301244,1.004288628610645,5.137644755204221,2.2072247652486703,NW,28.87765448663503,SSE,W,4.894010752996249,20.01575286030223,87.94675716677511,68.93049208926593,1018.907946653394,1015.1625904838992,7.941079528227927,7.155291591527504,16.245750369841467,20.797819932274663,No,0.0308657164599241,Yes
1.3,10.6,0.0,0.8,5.6,NW,46.0,NNW,WNW,24.0,33.0,75.0,73.0,1010.8,1009.4,3.0,5.0,7.7,8.2,No,1.2,Yes
1.5,20.9,0.0,2.4,9.3,NW,20.0,NW,NNW,2.0,9.0,80.0,41.0,1023.2,1020.0,1.0,1.0,8.4,20.9,No,0.0,No
12.863811344061364,22.74825154125152,4.015559802809845,2.7431824909325693,2.6810608303108565,NNW,30.439685573435604,N,NW,6.344989724989887,13.879371146871208,96.5603144265644,72.6809432796932,1015.7560314426564,1013.9680943279692,8.0,6.560314426564396,15.182750513750506,20.238781956406942,Yes,4.318462308631713,Yes
16.353259207642886,21.676629603821443,4.618709630439803,8.680378186657883,2.381323653302593,N,33.0,S,N,13.31779744753749,15.915906514248071,92.97196883808267,70.6541713905452,1014.9345828609456,1012.3261735123704,8.0,6.0560623238346185,16.556062323834617,20.739243626684235,Yes,2.489987013827297,Yes
5.8,12.4,0.0,1.6,0.0,SE,26.0,SSE,ESE,13.0,13.0,79.0,73.0,1027.3,1023.5,8.0,8.0,8.7,10.8,No,0.0,No
16.40257046220249,26.301525453064187,5.650616598771227,10.9170323475657,6.381065822561826,SE,59.802090018276616,ESE,SSE,24.18077356704009,24.495715896329177,66.76593530486859,36.648902957302894,1007.427021940854,1004.7297805914608,7.0,1.4234064695131403,19.62150463964067,24.88982221830761,Yes,3.7250509708536574,Yes
11.3,32.3,0.0,9.4,11.4,NE,28.0,ENE,WNW,4.0,6.0,44.0,17.0,1024.3,1020.7,5.0,2.0,18.2,30.5,No,0.0,No
-2.683920560324113,9.81747030269798,0.1703404728061442,1.31061728494294,1.7453213360298525,SSE,27.90594792056605,SSE,WSW,6.841873517257517,11.703876241953653,92.4262216847292,63.91281982248546,1013.5188677931558,1010.3946195150976,7.272622572196644,7.076561777674416,1.5222445485234026,7.625446363387074,No,2.3052710597748587,Yes
1.020411683571364,13.874652081083326,0.1715380982070957,2.568471348408414,1.195399875301977,SW,41.42692852689356,SSE,NNE,0.8538570537871264,7.850023616538774,89.15380982070957,77.89219142627064,1014.4,1009.1138476071716,7.0,7.715380982070958,4.933109259568475,11.702730639151394,No,0.0,Yes
6.961454944259644,17.224612998407416,4.2953559808890205,2.2738389952222557,2.104644019110979,NW,57.03096012740653,NW,W,22.400155103517804,15.61532496018546,89.61532496018546,85.98451993629673,1011.0769350079628,1009.9200465310552,7.123064992037092,7.123064992037092,13.856888476907567,13.092259968148367,Yes,3.48748169823422,Yes
0.3849982597339874,14.65157120771878,0.6062670185960163,2.3017743604592265,6.410585097860365,W,67.7933879525426,NW,NNW,22.271541165784125,28.754848692490636,53.62448638690488,68.18888422032308,1017.0349538441916,1009.8178839098096,1.059482805699118,7.057966361717593,10.166856356510507,13.003631126927704,No,0.0,Yes
-1.3872842976694142,11.85648440176108,0.4174621514989527,1.7236006726188156,0.0,WNW,40.71378205392256,SE,NE,0.3859706029749382,4.309606630318765,91.28095639938768,89.03983580620827,1014.9385507486556,1008.8418227965371,7.268809308455101,8.0,2.5143353285184724,8.663220347101678,No,1.2799762505114414,Yes
12.284098259796664,24.63196027795454,0.2880083625358863,3.271949824784682,3.3557867553348983,NNE,30.279979093660284,SSE,NW,6.279979093660284,7.959853655621989,80.48018815705744,44.80031359509574,1016.8920229969738,1012.8520334501436,6.040146344378011,6.440041812679432,16.54405644711723,23.479979093660283,No,1.0671955297657676,Yes
20.9,35.7,0.0,13.8,6.9,SW,50.0,E,WNW,4.0,17.0,61.0,28.0,1007.6,1003.0,7.0,2.0,23.6,34.0,No,2.0,Yes
15.254169328919453,24.231613765717093,1.8227354493713164,7.277084664459727,4.243341262740667,SE,48.74955028457761,NNW,N,5.023095221709231,7.90941797485265,88.90941797485264,56.0,1012.5502698292534,1009.0138571330256,6.772645506286837,6.431613765717094,16.72699472137525,23.44298149040275,Yes,0.0763484753023686,Yes
13.1,17.4,6.4,2.8,0.0,NNW,43.0,N,N,11.0,20.0,94.0,93.0,1010.2,1006.5,8.0,8.0,16.4,16.6,Yes,19.8,Yes
6.9710421483564495,16.05092769904568,0.0,1.2276747001060355,8.397052199222404,NNE,30.92249000353452,SSE,NE,5.723252998939644,19.32287150123708,75.13837350053018,65.32287150123709,1030.9110802981268,1027.498716848463,6.815501999293096,7.046124500176726,11.795578298833608,14.1632911487099,No,0.0,Yes
8.2,22.4,0.0,5.4,11.2,NW,31.0,SSW,NW,2.0,17.0,70.0,30.0,1027.8,1023.8,1.0,3.0,13.6,20.6,No,0.0,No
15.54655279233536,19.85505461276072,17.354690527689268,5.255054612760717,0.0,NE,33.0,SSE,NNE,8.829963591492856,13.0,92.0,86.97978154895713,1009.1846037642454,1006.4676001233946,8.0,8.0,18.042509102126782,18.897563714887504,Yes,16.984837879603635,Yes
-1.6,10.7,1.4,0.8,9.1,S,59.0,SSW,S,28.0,37.0,74.0,56.0,1014.1,1014.9,2.0,4.0,5.6,9.6,Yes,0.0,No
14.160069265839088,19.2568756510997,19.74353803477153,4.842665245038184,0.0,N,33.3330749021859,SSE,NNE,9.021271432898894,13.831801499854125,91.74397173156456,90.97139578112052,1008.8160077636128,1006.1136772324738,8.0,7.73763149351801,17.695609021812192,18.381435136038583,Yes,19.686221986176296,Yes
15.284247533127395,27.39046988970924,0.0,5.406222356581845,8.084296676981891,ESE,48.0,NW,ESE,11.18765357454531,17.0,67.65629607236359,40.18765357454531,1018.7563943600726,1014.9657770387998,6.218765357454531,7.0,20.03738328334556,26.868593353963785,No,0.0450870178135442,Yes
13.16407931706522,18.992512114078192,8.930497857396258,8.511106442321015,6.113042535384873,NNW,64.20678344508846,N,NW,39.45647199060949,27.854237816449405,70.94296461468006,44.4551512568212,1006.8346746327464,1005.7017278217684,7.041601146915965,0.8407520558403918,16.30579957670495,18.13998821075994,Yes,7.569098950300375,Yes
14.56331367392075,23.86486120903425,3.00232130267025,6.4640874414775,3.466021860369375,NW,73.37846977414375,NE,NE,5.3359125585225,6.33204372073875,83.9922623244325,64.68343163039624,1010.2637005576992,1007.5984524648866,7.66795627926125,7.0,16.097291813551376,21.46176613880725,Yes,3.67284466464648,Yes
7.6,16.1,2.8,5.6,10.6,SSE,50.0,SSE,ESE,20.0,28.0,68.0,49.0,1018.3,1018.5,7.0,7.0,11.1,15.4,Yes,0.0,No
8.871772359530166,21.9339627087397,3.735897961367176,5.984894990247161,5.437738961177912,NW,78.64149165041194,S,SE,15.245456408483625,23.39627087397016,64.92471058327766,54.07552504876419,1006.8018174366066,1003.2056172522488,3.377389611779112,6.30186456301492,17.496247310765977,20.52452207764418,No,3.1911905438429486,Yes
5.6,18.9,0.0,3.8,8.0,SE,33.0,SSE,E,13.0,22.0,79.0,49.0,1025.8,1023.5,7.0,6.0,12.5,17.7,No,0.0,No
6.514325248470755,12.731651008218565,4.188813632453943,1.9020464640672508,0.0744883839831873,SE,32.48976767966374,N,NNW,1.2551161601681269,4.841744958907174,97.74488383983189,94.74488383983189,1026.533697472286,1023.108185856269,7.627558080084063,8.0,8.810232320336254,10.48267424025219,Yes,4.657781951782104,Yes
8.9,27.1,0.0,4.4,12.7,E,35.0,NNW,N,6.0,11.0,63.0,37.0,1018.1,1012.5,1.0,2.0,15.8,25.0,No,0.0,No
14.00006583697314,26.89997736854048,3.5999259334052174,4.399995885189179,9.699981483351303,ENE,39.00004114810821,E,W,4.000041148108212,16.99977368540483,79.99979425945894,36.00078181405604,1012.4000432055136,1008.4000637795676,5.000020574054107,3.0000822962164246,17.500082296216426,25.69993622043227,Yes,3.910872210640128,Yes
14.937302252960656,20.23250763998101,5.634457394599727,5.555953379440983,0.6889883448602457,S,33.81348873519672,S,NE,7.172286972998634,10.04794612979645,93.23445739459972,87.6412017621981,1010.12344573946,1008.1076394713406,8.0,8.0,16.553108521080055,19.20284485836093,Yes,7.559579541970664,Yes
15.3,33.2,0.0,9.4,13.2,NNW,44.0,NNE,NW,4.0,24.0,60.0,18.0,1013.9,1012.0,0.0,1.0,22.4,32.1,No,0.0,No
8.530691737296726,13.660556754530775,4.871023843429969,2.364711595716021,0.6515735639979513,NW,29.04501297559084,E,NW,3.2773037896881494,0.4256641458054352,97.71550557155508,94.57157632003768,1027.2039616745271,1023.8120242990452,8.0,8.0,9.49916357371628,12.005944682349767,Yes,4.857040081241837,Yes
4.40081328853364,22.70054219235576,0.0,4.9701892746154055,5.428726340673074,NNW,81.71544755504806,SSW,NW,2.0,29.720869478605657,73.30081821562474,36.27641955961555,1015.4737135249278,1008.7872634067307,1.0,8.0,12.240378549230812,21.85772377752403,No,0.0,Yes
0.3963205542307656,16.484319014700862,0.0,1.8691196305128228,4.629917167264975,NNW,38.30880369487177,SSE,WNW,3.7696012316239234,7.612791378632535,80.88480061581197,44.42400307905981,1023.6769601231624,1017.6382392610255,6.308803694871771,7.308803694871771,6.269119630512823,15.664958583632488,No,0.0,Yes
16.41127072968609,24.671160207731894,1.8,7.81171270838801,3.5774585406278203,S,49.0044197870192,NNW,N,4.175690625820142,7.351381251640284,88.23425416776018,57.17127083880094,1011.952265209044,1008.581546980014,7.058563541940047,7.058563541940047,17.558563541940046,23.88872927031391,Yes,1.0813980602515556,Yes
9.6,18.8,0.0,6.4,10.0,WNW,57.0,NW,W,19.0,26.0,54.0,42.0,1012.7,1013.0,2.0,5.0,13.1,16.5,No,0.0,No
15.33618342788076,19.87137570910569,16.375710331989183,5.25328399516531,0.1628254254634132,NNE,32.638165721192415,SSE,NNE,8.457248581788622,11.914497163577243,92.1809171394038,87.63816572119242,1008.9532839951654,1006.47038456245,8.0,8.0,17.746716004834692,18.85328399516531,Yes,16.40197711845142,Yes
15.373695154751914,19.718277412688227,4.349216134929646,5.118277412688226,0.0,NE,38.5417742063688,NNW,ESE,9.21670968254752,16.87924194445816,93.10835484127377,85.42101615082696,1012.0724548333252,1008.7291128968156,8.0,8.0,17.336227416662553,19.052024186497164,Yes,2.32172700033915,Yes
-2.0,11.3,0.2,2.2,5.9,WNW,33.0,SE,WNW,2.0,19.0,88.0,50.0,1020.0,1015.3,7.0,7.0,1.2,10.9,No,0.0,No
14.559895736602096,27.949937610286277,6.7661051958032346,1.5073412307990404,8.517100541085828,N,41.266019055370506,NW,NW,6.2027381764138925,22.028999655684714,79.67537540230869,46.439989447642034,1013.3967322470772,1009.0074001232524,2.128200738562105,6.855612713373764,20.79342228171456,27.909094745508355,Yes,5.041316410714626,Yes
0.9,20.7,0.0,5.4,8.4,NNW,39.0,SSE,N,2.0,17.0,71.0,29.0,1023.2,1018.4,3.0,8.0,9.4,19.1,No,0.0,No
12.4,24.4,0.0,6.2,12.1,NW,44.0,NNW,WNW,7.0,13.0,69.0,43.0,1012.8,1009.7,6.0,4.0,15.0,22.5,No,3.4,Yes
9.036493223641283,25.37559128304108,0.0,5.5867297368577145,10.17014190792986,NW,50.24881743391784,N,NW,20.066351315711422,26.116114802494995,47.29858092070141,31.149290460350706,1015.2037905922184,1011.29881424354,3.033175657855712,1.0497634867835686,17.422037204039075,24.95236832254208,No,0.0,Yes
-2.7,18.1,0.0,2.2,9.3,W,52.0,SE,WNW,0.0,24.0,85.0,36.0,1017.8,1014.3,1.0,1.0,3.5,16.7,No,0.0,No
2.3,11.6,0.0,5.4,9.5,S,54.0,SSW,ESE,30.0,17.0,49.0,38.0,1025.9,1025.5,1.0,1.0,6.7,11.1,No,0.0,No
7.3,16.4,0.2,1.2,8.5,NW,43.0,N,WNW,15.0,24.0,86.0,48.0,1023.7,1019.7,1.0,1.0,11.2,14.7,No,0.6,No
0.6848890342216114,11.1,0.2855308964936914,2.4289382070126173,3.2868146210378515,S,38.85851827629732,SE,N,4.5016046556802,21.360122931977514,92.56913620617114,84.42444517110806,1020.5414817237028,1017.755950827209,7.0,7.356913620617115,4.692284051542785,6.735049499789632,No,0.2794012543866195,Yes
16.19976060490665,24.785676278413828,0.0,6.504535178768707,5.912169165746029,NE,48.0,SE,NNE,10.56563373059713,15.434366269402872,69.73985902854497,53.65633730597129,1014.07756350125,1011.6649155453172,6.391408432649282,7.0,19.351549404104304,23.698563629439903,No,0.0,Yes
-1.6,11.5,0.0,2.8,8.9,N,31.0,ESE,NNW,7.0,20.0,82.0,53.0,1024.3,1021.9,1.0,1.0,3.0,11.1,No,0.0,No
4.602642159114708,21.216211947431574,0.0,6.4493394602213225,5.761056863645884,S,77.37004595165992,SE,S,5.857265937565448,22.2792935085614,53.45462377845074,48.24669730110661,1011.6441412982878,1006.2896036761329,1.701321079557354,7.298678920442645,15.356476163343052,20.15841470453117,No,0.0001556025330249,Yes
0.7251548393665223,18.33988589249305,0.0,1.822322736248161,8.140623474377145,SW,37.88838631875919,SE,NNW,6.0,15.617563156244891,79.39433579376328,45.653260006269406,1024.783626738756,1020.9601141075068,1.7410757874938714,5.2470252624979565,7.212803576241624,17.990480839993463,No,1.095009050227348,Yes
13.258269992339448,15.728680441979826,39.13565827804401,7.220030403677065,9.073292795097244,NW,53.93323198774312,WNW,W,29.61608392952292,23.74961995403669,61.89984798161468,55.63277593258714,1005.768741249334,1007.1786044327872,1.9666159938715584,7.0,13.566768012256883,14.327011241673404,Yes,39.86234696381003,Yes
11.6,26.3,4.2,1.6,12.0,NNE,41.0,E,SW,6.0,9.0,66.0,46.0,1013.9,1009.5,2.0,2.0,16.7,25.2,Yes,0.2,No
15.6,33.4,0.0,8.0,10.4,NE,33.0,NNW,NNW,2.0,13.0,61.0,27.0,1018.5,1013.7,0.0,1.0,22.8,32.0,No,0.0,No
1.320200513789515,10.817516035219224,0.3012682174638078,0.8727771775317722,5.503531854590612,NNW,45.662979744875344,NNW,WNW,24.322523670258526,32.40938386077571,75.28686965147647,70.7518472746552,1010.4572608186464,1010.2229176104036,2.983271894737272,5.148460384277617,8.14377118217583,8.641125901912407,No,0.3706103918533769,Yes
12.366388650873075,27.670880022024217,0.0,8.331908601318583,9.3513943116714,S,70.0,NNW,NW,20.0257144823591,37.48822863435491,49.26765704846763,32.9742855176409,1018.319268535246,1013.6436799669636,2.3169142621169083,3.6338285242338166,19.778377191625054,26.11734861233069,No,0.0,Yes
15.193577302946936,20.02569078821225,20.8220312440082,3.6165049383101793,0.1064226970530631,NW,37.256907882122526,NNE,NW,7.403659544204054,16.72479439685721,86.67886514734684,89.06422697053063,1012.0523149571716,1010.3101192306492,8.0,8.0,17.467886514734683,17.376138983889774,Yes,20.01721291780896,Yes
3.031515536124519,11.670193983423117,1.1196993866487404,1.299736600573738,0.5129781454083371,W,35.36622801147275,SE,N,0.0,13.73539422043793,99.0,96.0,1024.159358336991,1020.7335949689932,6.882847425215961,8.0,5.846392023604502,7.7732882596655966,No,1.0714862679346653,Yes
-0.9,16.7,0.0,2.4,9.3,NNW,30.0,SW,NNW,2.0,15.0,76.0,42.0,1022.7,1018.5,5.0,2.0,6.2,15.4,No,0.0,No
6.6,13.1,0.2,2.8,8.2,WNW,61.0,NNW,WNW,31.0,30.0,62.0,53.0,1013.5,1014.0,5.0,1.0,10.6,12.3,No,0.0,No
2.1,17.3,0.0,1.6,9.2,W,43.0,SSW,WNW,6.0,28.0,81.0,38.0,1020.0,1017.3,1.0,2.0,8.7,15.9,No,0.0,No
0.8,13.0,0.0,1.4,4.1,WNW,41.0,S,NW,2.0,28.0,95.0,69.0,1028.2,1024.2,8.0,6.0,4.3,11.7,No,0.0,No
5.162364123055767,22.82257228361567,0.0,3.977597277705089,5.767459461455615,NNW,82.83572347292518,SSW,NNW,1.656765284733689,38.25638987816704,91.98330699051556,27.853286404365267,1017.2247405198796,1010.5213494117714,1.4388194289217713,8.0,9.641410592805997,22.466399633055232,No,0.7578650864913539,Yes
9.6,18.8,0.0,6.4,10.0,WNW,57.0,NW,W,19.0,26.0,54.0,42.0,1012.7,1013.0,2.0,5.0,13.1,16.5,No,0.0,No
8.603422143039161,13.709636034347108,6.194416503462422,2.203602255830696,0.0108968238878529,NW,31.01170733144976,E,NW,2.004502819788369,0.0117073314497593,96.97478420918512,93.95407123815863,1027.7864915406349,1024.286851766218,7.998198872084652,7.996397744169305,10.304232650601069,11.609816147138645,Yes,6.555985167100579,Yes
13.759098683329835,23.41390738378169,1.013817739152623,2.760960087483933,0.160314236091058,NNW,27.50410541173349,SSW,S,6.075821908837605,6.916255013484211,80.9917350342397,46.005995229303736,1017.6180403485694,1012.3325675923762,8.0,7.031459856898056,17.573705654578845,23.26521905525752,No,0.1434797332387699,Yes
13.325413103830996,17.283050725331393,0.67797098674437,6.6847391678951,1.071188394697748,SE,49.86442021354702,S,SSE,14.864420213547016,13.338985493372183,76.54239120029139,79.18644922680265,1010.2033912960234,1009.984746373343,7.0,7.0,15.327115957290596,14.842369583947551,No,3.140098074104307,Yes
7.5,19.0,0.0,4.0,6.8,ENE,26.0,SE,ESE,0.0,7.0,74.0,43.0,1025.5,1022.2,6.0,5.0,12.6,18.1,No,0.0,No
17.5,29.9,0.0,6.6,8.8,E,43.0,E,ENE,13.0,11.0,74.0,45.0,1018.5,1015.9,8.0,1.0,19.3,27.9,No,0.0,No
19.9,22.0,11.0,4.4,5.9,NNW,76.0,N,WNW,41.0,30.0,92.0,62.0,996.5,996.8,8.0,3.0,20.6,19.6,Yes,17.4,Yes
4.4,21.8,0.0,6.2,12.1,S,35.0,SSE,SSE,15.0,15.0,60.0,31.0,1020.8,1019.3,1.0,1.0,11.7,20.0,No,0.0,No
1.3,10.599999999999998,0.0,0.8,5.6,NW,46.0,NNW,WNW,24.0,33.0,75.0,73.0,1010.8,1009.4,3.0,5.0,7.7,8.2,No,0.9812829321077288,Yes
15.3,33.4,0.0,8.8,9.5,WNW,59.0,N,NW,2.0,31.0,60.0,26.0,1012.4,1006.5,1.0,5.0,22.2,32.8,No,0.4,No
4.449170882807866,15.148349843203247,0.0,0.7353266858419398,2.206649667831095,NNW,17.690877664677558,SE,SE,5.343736672781879,6.176897454467424,93.8797571339973,62.204386269882434,1022.8347630389766,1019.5398176894226,8.0,7.276850072284877,8.647846307968939,15.19225326350822,No,0.0,Yes
6.3,11.8,0.0,2.6,6.5,WNW,63.0,NNW,WNW,20.0,28.0,81.0,48.0,1018.7,1020.4,6.0,1.0,7.0,11.5,No,0.0,No
14.0909616168496,20.04123079710208,20.51465400815584,2.37757692481888,0.4466538269923199,SSE,43.0180767663008,ENE,SE,8.0180767663008,19.439423120472,82.7848076313392,89.439423120472,1014.5739615715588,1013.6851731091492,7.8878846240944,7.8878846240944,16.6075961843304,15.885173109149282,Yes,17.279428267983775,Yes
8.3,27.3,0.0,5.6,10.1,E,35.0,ESE,WNW,6.0,9.0,78.0,28.0,1025.4,1020.4,1.0,1.0,13.8,25.5,No,0.0,No
6.4857968262009695,16.908045645037102,3.6663378800424047,2.0331689400212025,2.149753410031804,NNW,54.933492913016806,NW,W,22.43595881269877,14.582922350053009,90.04269412486748,85.10426941248674,1013.0038608360207,1012.1517261297772,7.104269412486748,7.104269412486748,13.354022822518552,12.704269412486749,Yes,3.0984297175329694,Yes
11.7,30.0,1.2,7.2,10.1,S,52.0,SW,NE,6.0,11.0,59.0,26.0,1016.4,1013.0,1.0,5.0,20.1,28.6,Yes,0.6,No
13.0,14.8,0.0,8.2,0.0,SE,30.0,ESE,ESE,9.0,17.0,77.0,62.0,1017.4,1019.3,7.0,8.0,13.3,13.9,No,0.0,No
0.7464368249295488,9.75356317507045,0.0,2.326781587535226,2.8681416938615474,NW,54.46436824929549,S,NNE,20.46436824929549,31.04913809348581,85.63390793767613,81.92710740604451,1016.2681416938616,1012.8705171439084,7.0,7.0,5.03423375618542,6.373218412464775,No,0.4744028869491682,Yes
2.3,12.8,0.0,2.2,9.6,WNW,35.0,ENE,WNW,4.0,24.0,70.0,48.0,1021.2,1018.1,1.0,1.0,7.8,11.6,No,0.0,No
4.882071987460794,18.598622326541264,3.663446009404405,2.091035993730397,5.297244653082526,N,23.28967657784729,NNW,W,6.531043296760648,6.682769952977975,98.772410015674,50.45517996865198,1025.977920709509,1022.3944710485896,6.848273343782672,3.848273343782672,7.280694314002057,17.991035993730396,Yes,3.952042264555687,Yes
15.6,26.9,0.0,6.8,8.9,E,41.0,E,E,6.0,22.0,65.0,48.0,1019.7,1016.5,2.0,4.0,19.8,25.1,No,0.2,No
9.56953819042619,19.878565878391093,2.3297909812505524,5.137890129255273,7.83696158929509,NW,96.29197855452,NW,NW,31.7763733843091,50.29197855451999,65.25148281449638,35.251482814496384,1008.1217695357706,1001.1351045093749,3.388186692154549,5.767087984707271,15.98818669215455,18.585401072274,Yes,3.1326009929141185,Yes
2.9,9.5,16.8,1.4,6.5,NW,35.0,SE,NW,0.0,15.0,93.0,72.0,1021.6,1019.6,6.0,6.0,5.5,7.4,Yes,0.0,No
1.9390302145079612,11.478666544948446,0.5325251787566345,0.986383812564822,5.173979856994692,NW,47.730706830959065,NNW,WNW,24.0,30.603636695595146,76.86383812564821,74.5975755362699,1010.8532525178756,1009.5331312946892,3.5325251787566345,5.266262589378317,8.47216150919712,8.785777696632298,No,0.0,Yes
18.2,22.6,1.8,8.0,0.0,ENE,33.0,SSE,ENE,7.0,13.0,92.0,76.0,1014.4,1011.5,8.0,8.0,18.5,22.1,Yes,9.0,Yes
-0.6,12.2,0.0,2.6,7.0,S,59.0,S,S,15.0,26.0,66.0,44.0,1018.5,1016.8,8.0,5.0,6.9,10.7,No,0.0,No
12.85776002900287,14.835812790683107,39.6721505046872,6.695959295400161,8.727106264465911,S,50.38689457531764,WNW,W,31.196735699669595,22.727326815399625,62.34617303910492,55.32412813441094,1005.480693070074,1006.81049641027,1.7746630432923016,7.136196828965836,13.753963085406074,14.36176786661794,Yes,40.01772829623834,Yes
9.0,30.7,0.0,7.6,12.1,NNW,76.0,SSE,NW,7.0,50.0,38.0,15.0,1016.1,1010.8,1.0,3.0,20.4,30.0,No,0.0,No
13.3,31.7,0.2,7.8,11.0,WNW,44.0,ESE,WSW,6.0,28.0,80.0,23.0,1021.6,1017.6,2.0,5.0,17.5,30.7,No,0.0,No
9.529701961638017,26.89026600268856,0.0,6.111394084789634,7.320741376176242,NW,37.325221668907126,SSE,WNW,3.674778331092871,9.837389165546435,76.74391625168035,31.418694582773217,1015.1308620794126,1011.9052537045806,4.093472913866089,5.32522166890713,14.929701961638017,26.548396544411236,No,0.0888667234588936,Yes
6.1,24.1,0.0,4.6,6.1,WNW,35.0,SSW,WNW,6.0,11.0,75.0,32.0,1019.2,1015.8,7.0,3.0,11.5,23.7,No,2.0,Yes
16.576872632972595,20.72939247731305,10.413565758759871,6.550258884547144,5.948869520103345,NNW,71.60174319069903,N,SSW,40.02260959793312,30.0,81.73740077829773,52.71479118036461,1001.7779081711612,1001.2959958495076,7.511304798966559,2.022609597933117,18.694088715969578,18.91582671855318,Yes,11.982360294392052,Yes
5.3,23.3,0.0,3.6,5.6,NNW,83.0,SSW,NW,2.0,37.0,90.0,26.0,1018.0,1010.5,1.0,8.0,9.5,22.5,No,0.5398759111780689,Yes
4.4,18.2,0.0,3.6,11.0,W,31.0,SE,WNW,7.0,19.0,78.0,35.0,1017.4,1015.0,1.0,3.0,9.2,17.2,No,0.0,No
11.732572617719311,29.12622725387512,0.0585463303132168,7.336276787824264,8.387878638874346,ESE,38.62031876860867,SSE,WNW,1.9439499746867823,9.41097996475899,77.4432450701645,28.10075972789129,1012.7320633852664,1009.9665979299914,2.119584943852041,6.807686614821724,17.382284688329598,28.71084023156117,No,0.0,Yes
3.3,25.5,0.0,5.2,10.8,N,43.0,N,NNW,4.0,19.0,57.0,16.0,1018.8,1014.6,0.0,3.0,12.0,24.8,No,0.0,No
17.9,33.9,0.0,10.4,11.8,ENE,46.0,S,W,6.0,11.0,72.0,22.0,1017.4,1014.6,1.0,1.0,19.8,32.3,No,0.0,No
11.47681573535846,22.42608944121508,3.1140985508185164,1.9267445133502663,3.402762732557149,NW,31.83793788759525,NE,NW,5.837937887595249,13.408430641687833,96.79578467915609,70.32412422480951,1016.330959834194,1014.0387354037468,7.38735403746825,5.978923395780417,14.360609524117985,20.134520082902903,Yes,0.1297230883670552,Yes
14.5,21.8,0.0,8.4,9.8,ENE,43.0,ESE,E,11.0,30.0,69.0,63.0,1015.0,1015.3,7.0,1.0,18.6,20.5,No,0.0,No
14.974123133284724,24.006838723476594,4.979483829570218,6.406838723476594,5.9,SW,50.45841624666153,NNW,WNW,11.809618567613178,18.141407543092853,94.73659825928628,60.17560116047582,1009.5444517025978,1005.9219941976208,8.0,4.824398839524177,16.221442785141978,22.336598259286266,Yes,6.342500990865517,Yes
11.6,26.3,4.2,1.6,12.0,NNE,41.0,E,SW,6.0,9.0,66.0,46.0,1013.9,1009.5,2.0,2.0,16.7,25.2,Yes,0.2,No
4.3,12.6,0.0,2.0,9.0,NW,46.0,SE,WNW,0.0,28.0,75.0,54.0,1026.3,1021.9,3.0,1.0,7.8,11.3,No,0.0,No
17.762792832428072,33.087059504985966,0.0338867382245613,8.759472403080702,9.018944806161404,NW,65.78075986866668,NNE,SW,7.186035837859647,16.72754120470175,68.67773476449122,34.25244442480701,1016.2887197196596,1012.1581534107823,2.016602146736841,6.169433691122807,21.91196272509123,30.86347527717895,No,0.5659084158587809,Yes
5.4,20.7,0.0,3.2,10.8,SSE,28.0,SSE,S,7.0,9.0,66.0,36.0,1027.2,1023.9,1.0,2.0,12.3,20.4,No,0.0,No
8.1,20.5,0.0,3.8,7.8,ENE,31.0,ESE,ENE,11.0,11.0,66.0,48.0,1027.8,1024.0,1.0,5.0,14.9,19.5,No,0.0,No
16.7,25.3,0.0,6.2,12.5,ESE,46.0,ESE,ESE,24.0,26.0,56.0,45.0,1016.2,1013.0,6.0,7.0,20.3,23.9,No,0.0,No
9.2,19.6,0.6,3.4,10.4,ENE,31.0,SSE,NNW,4.0,7.0,71.0,42.0,1022.3,1019.7,7.0,4.0,11.6,18.4,No,0.0,No
4.4,21.8,0.0,6.2,12.1,S,35.0,SSE,SSE,15.0,15.0,60.0,31.0,1020.8,1019.3,1.0,1.0,11.7,20.0,No,0.0,No
14.252760001855702,27.721470006031023,4.484660006494953,3.5785299939689725,9.194479996288598,ESE,39.63190000463925,ESE,SSW,4.631900004639252,18.57975001159813,80.31595000231962,39.79140002783551,1012.5579750011598,1008.368404999768,4.052149993041122,4.263800009278504,18.605825008118693,26.489875005799064,Yes,2.065600707405604,Yes
5.3,11.7,2.0,3.6,5.6,NW,78.0,NW,W,33.0,33.0,73.0,56.0,1012.1,1012.3,3.0,1.0,6.9,11.1,Yes,0.2,No
17.44649349597075,31.6404616984944,0.0,7.108975429222823,9.46949494131058,N,56.08484823931744,NW,NNW,7.845021680097509,15.46002890679668,67.38499277330084,34.53506504029253,1017.2004906052912,1013.1464934959708,4.075036133495849,6.61500722669917,21.89249638665041,30.63997109320332,No,1.3997772861954865,Yes
2.0038576026359047,8.86988133552992,0.1698813355299204,1.9359050684239365,1.1150593322350395,S,65.0,NW,NW,28.961423973640954,33.81083065129056,79.7722546249315,84.49035599341023,1012.9861273124658,1008.9370917131248,7.1698813355299205,7.0,6.611572807907714,7.188798270400865,No,0.0,Yes
6.3,16.1,0.0,1.8,2.9,S,35.0,S,S,19.0,24.0,63.0,33.0,1019.7,1016.2,7.0,7.0,10.0,15.7,No,0.0,No
13.822120357478529,23.522120357478524,3.722120357478527,5.922120357478526,3.6968911618052127,S,79.35193346661812,N,NNW,6.457951340544477,7.679154915329747,83.98445580902606,67.62614597836657,1009.6984455809026,1007.1389398212608,8.0,6.694699106303682,15.461060178739263,20.56636107243558,Yes,7.891120110100552,Yes
-1.5,14.8,0.0,2.2,8.0,NW,15.0,N,NW,6.0,9.0,90.0,41.0,1029.1,1026.0,4.0,3.0,2.1,14.5,No,0.0,No
0.9469363614417516,11.049925277108334,0.4995516626500124,1.6002988915666585,0.0998505542166708,WNW,38.00448337349987,SE,NE,0.0,9.49476939758348,95.49476939758348,91.49327493975018,1019.3925277108336,1015.0409585301086,7.0,8.0,4.34708580722508,8.650074722891665,No,0.0,Yes
15.186125243952,24.2,0.0653452613287618,6.734654738671238,5.5079284320274295,SSE,57.406010626918096,NW,NNW,11.653452613287618,24.900894599657136,74.69309477342476,70.77237909369906,1002.1771736064724,1000.7623399478696,7.0,7.0,18.749488397273904,20.16930947734248,No,0.0,Yes
11.11584463917464,18.488517271721204,2.021855736376452,1.069944513990943,1.0808723821791686,NE,24.69944513990943,NNW,NE,6.650277430045286,11.939889027981886,98.06011097201812,80.36066583210868,1022.531704672315,1021.0437268667188,8.0,7.530055486009057,13.603822444771016,16.795622695138412,No,4.824338982350367,Yes
2.9,9.5,16.8,1.4,6.5,NW,35.0,SE,NW,0.0,15.0,93.0,72.0,1021.6,1019.6,6.0,6.0,5.5,7.4,Yes,0.0,No
10.1,27.9,0.0,7.2,13.0,WNW,30.0,S,NW,6.0,7.0,62.0,29.0,1022.0,1017.1,0.0,1.0,17.0,27.1,No,0.0,No
17.309458887352356,29.75535879767139,0.3860640234549528,6.0169449838767255,8.848939670369951,E,46.69621166500936,SE,ESE,10.230938414967502,16.20732602639548,68.26455761260071,38.70226460888135,1017.5932962111488,1012.7889029306872,6.077110849371554,7.047674020434498,21.318810230477222,28.111394079445837,No,0.3129024344261634,Yes
14.867415339943364,20.262226921112948,0.0,9.502225556918868,0.172590116832962,ESE,39.02962861911549,ESE,ESE,16.85185690442253,19.103700166904236,63.38517204850144,55.34072911982819,1017.513332878602,1015.8014814309558,7.985185690442253,7.985185690442253,17.59259966619154,19.19704395905886,No,0.0,Yes
2.3,12.2,0.0,2.8,9.8,WNW,44.0,WNW,NW,20.0,30.0,58.0,41.0,1024.2,1022.4,1.0,1.0,6.5,10.4,No,0.0,No
4.9,18.9,0.0,9.6,9.4,NW,44.0,S,NW,6.0,22.0,41.0,32.0,1015.2,1013.9,2.0,7.0,14.9,16.0,No,0.0,No
10.308493250213502,14.278468077170512,29.878169279874776,5.6045297334472,8.227477197978937,NW,52.005662166809,SW,W,28.50424662510675,26.243630062339875,65.24079897893537,60.23796789553087,1006.8212488144892,1007.5983013499572,2.249292229148875,6.50141554170225,12.054105070936526,12.629175848021635,Yes,31.454481789983404,Yes
11.3,21.7,3.4,8.2,5.6,E,41.0,SE,NE,11.0,11.0,67.0,52.0,1020.4,1019.1,8.0,3.0,12.4,21.0,Yes,0.0,No
13.3,31.7,0.2,7.8,11.0,WNW,44.0,ESE,WSW,6.0,28.0,80.0,23.0,1021.6,1017.6,2.0,5.0,17.5,30.7,No,0.0,No
4.4,18.3,0.0,4.6,9.6,N,33.0,SE,N,7.0,17.0,80.0,36.0,1014.8,1012.6,1.0,2.0,8.4,17.4,No,0.0,No
-0.6086827914034368,18.205711778912097,0.0,2.505994888388326,8.739590995693003,NW,34.570884690141234,NNE,NW,3.2023418695997323,21.11640926577187,81.20578969906359,39.67037785954806,1023.6873667814988,1018.9865910670272,1.1766950948342203,2.0929326324430453,6.56281092054398,17.576436091944927,No,0.8860004122520786,Yes
-1.3,11.6,0.0,4.0,10.4,N,30.0,ESE,NNW,9.0,17.0,59.0,35.0,1023.3,1022.0,0.0,1.0,4.5,10.8,No,0.0,No
-2.1,13.8,0.2,1.8,9.5,NNW,22.0,SE,NNW,0.0,9.0,69.0,40.0,1020.6,1019.6,0.0,1.0,6.3,13.2,No,0.0,No
6.371636959002362,16.859659232817336,0.0,2.645158127446493,4.968425385493143,SSW,33.78109130600157,SE,SSE,6.0,9.887104681383768,82.21661471292042,69.55759464984712,1014.1112895318616,1010.6670489968462,6.55530066876911,7.0,10.116336290233251,14.381550102217176,No,0.6020591568699585,Yes
3.0,9.7,1.0,2.6,0.7,W,65.0,NW,NW,19.0,28.0,64.0,82.0,1005.1,1001.3,8.0,7.0,9.6,8.6,No,6.6,Yes
14.081692466192631,20.66075660542101,7.355818878175171,9.129656615122512,5.022090560912415,NNW,33.2616226305266,NNW,NNW,19.694773597718964,18.825584912982265,94.08720754350888,64.6075660542101,1015.6264509380878,1013.2261622630529,7.869188684736699,3.912792456491133,14.334305667333153,19.291279245649115,Yes,8.108073218234331,Yes
13.07472963816477,25.914808961181784,3.4049683684622587,4.6175403046234536,9.717498937994772,ENE,37.91371862291954,E,W,4.847490777799418,17.766864000425166,79.97754842372525,36.01193493956939,1011.7354297195888,1008.6400306119332,5.033901616248925,3.012001129979866,18.12745086905544,26.612074737563663,Yes,2.3694871160865585,Yes
10.3,27.8,0.0,6.4,9.9,ENE,35.0,SE,NE,6.0,11.0,64.0,29.0,1021.3,1018.1,3.0,6.0,17.0,26.3,No,0.0,No
9.026027477406858,19.63835623117238,2.6066535821872105,3.802348380484708,3.619178115586191,S,59.6966732089064,NNW,SSW,19.47162414210844,16.74168302226599,84.47162414210844,81.86497055992122,1007.0896280674524,1006.3941290487882,7.0,7.0,15.032681059594069,15.28219185428962,Yes,2.661228832174314,Yes
12.3,30.2,0.0,6.0,12.6,NW,78.0,NW,WNW,31.0,35.0,43.0,13.0,1009.6,1009.2,1.0,1.0,23.8,28.6,No,0.0,No
-2.0,11.3,0.2,2.2,5.9,WNW,33.0,SE,WNW,2.0,19.0,88.0,50.0,1020.0,1015.3,7.0,7.0,1.2,10.9,No,0.0,No
2.4244502692292587,11.674946169326084,0.0,1.0404484852439926,5.826304456700227,NW,45.64639928640589,NNW,W,22.727037431061216,31.090556146591823,74.6463992864059,73.07072014271881,1011.0616645280596,1009.5485122997096,3.212160428156464,5.141440285437643,8.675937969519733,9.218370055151023,No,0.0,Yes
5.0,24.1,0.0,6.2,12.0,NNW,52.0,SE,NNW,0.0,26.0,73.0,34.0,1024.5,1020.7,6.0,1.0,11.6,21.9,No,0.0,No
15.1,20.4,22.6,2.4,0.2,SSE,41.0,E,S,6.0,20.0,82.0,90.0,1015.0,1014.1,8.0,8.0,17.0,16.3,Yes,4.2,Yes
8.337122650233459,20.28860585515781,0.0,4.102861633281454,4.442872110938178,SE,45.77133127890184,ESE,N,16.771331278901837,15.971383667185464,70.85718027734545,45.257023112494565,1024.917091217263,1021.5170912172632,7.0,6.314255778123643,13.654266255780367,19.72289306625163,No,0.0,Yes
11.2,26.1,0.0,7.2,12.6,ENE,39.0,SE,E,7.0,19.0,71.0,40.0,1022.9,1020.0,1.0,1.0,15.3,24.7,No,0.0,No
13.999524527198416,23.561282437722227,3.39263686578571,6.030403482460322,3.35760087061508,NW,80.96793905694436,N,NNE,5.769596517539679,6.115201741230162,82.69121044738097,67.50237736400791,1009.7649640048294,1007.3382420894762,7.884798258769839,7.0,15.64192365658334,20.63776661667461,Yes,4.289149570956503,Yes
18.24990091466032,25.996488631528567,0.0,3.974270918652016,8.68747010345212,W,41.380118275706,NW,N,5.001949738853542,7.021499686430775,69.55453220137981,74.65175050611086,1014.1742231473988,1011.088329794956,5.854409792353371,6.915026000323429,22.170213242791064,21.737663993292667,No,0.0,Yes
8.1,20.5,0.0,3.8,7.8,ENE,31.0,ESE,ENE,11.0,11.0,66.0,48.0,1027.8,1024.0,1.0,5.0,14.9,19.5,No,0.0,No
9.99311262139261,29.552616019525985,0.0,6.639668932088917,8.9692383494617,E,40.10927184493843,SE,W,2.445364077530788,13.0,63.97980097056774,35.82185436898769,1012.9117548542716,1010.3336092232591,1.0,7.732781553481527,17.150596116582758,28.66354320401983,No,0.0,Yes
3.2,18.7,0.0,2.6,11.1,N,31.0,E,NNW,4.0,13.0,70.0,32.0,1032.2,1026.9,1.0,1.0,11.0,18.1,No,0.0,No
14.783440647641998,23.04113205210979,0.5245726997517892,3.970299697269682,1.372008898262525,NW,28.75427300248211,SSE,SW,6.0,14.097225483866302,86.73718099255368,60.83440647641998,1018.1342952481384,1014.6080133473938,8.0,7.0,17.175427300248213,21.891986652606214,No,0.0,Yes
3.2,18.7,0.0,2.6,11.1,N,31.0,E,NNW,4.0,13.0,70.0,32.0,1032.2,1026.9,1.0,1.0,11.0,18.1,No,0.0,No
1.9378542385915256,17.881458121440215,0.0,3.2812655010722254,6.655103171363013,W,70.0,NNW,NNW,18.289408416538,29.159559869831877,53.69573592189913,63.12984854670612,1018.0580743036757,1011.545089449005,1.6957359218991253,7.0,11.230619028178076,15.288693331853665,No,0.0,Yes
7.5,20.9,0.0,6.6,8.7,ENE,39.0,SE,E,13.0,20.0,61.0,43.0,1020.6,1018.3,6.0,7.0,15.3,19.8,No,0.0,No
12.9,31.8,0.0,6.0,11.3,WSW,41.0,NNW,NNE,6.0,9.0,76.0,24.0,1023.9,1019.3,2.0,3.0,17.4,30.0,No,0.0,No
17.038997698698104,21.95499872149895,3.348003068402528,7.311998636265543,0.3870007671006319,NE,32.13999829533193,SSE,ESE,6.569999147665964,10.419994885995788,92.43000085233405,80.30000852334035,1012.5509963349637,1010.2529975282312,8.0,8.0,17.682998380565333,21.196998210098528,Yes,2.3087261194719018,Yes
16.09858494680862,19.969339544917045,2.0745280732854305,8.262264278960158,0.3014150531913775,N,27.67452807328543,NE,ENE,6.0,9.660377541371655,89.67452807328543,76.6886786051992,1010.4990566312058,1008.7995283156029,8.0,8.0,16.533490561465708,18.869339544917047,No,3.558650856430505,Yes
-2.8,12.2,0.0,2.6,8.7,NNW,31.0,SE,NNW,0.0,15.0,84.0,48.0,1018.3,1014.6,1.0,1.0,2.7,11.5,No,0.0,No
9.08517414704555,25.590983037002463,0.0,4.110976165305705,6.692907880826837,NNW,32.61938587217891,W,S,6.0,19.81290100913008,68.7483959634797,27.877406054780465,1018.7083753483896,1014.0270852474764,7.0,6.812901009130077,15.485174147045552,24.76001374339352,No,0.0,Yes
13.2,33.1,0.0,8.6,9.7,ENE,39.0,SE,NNW,7.0,7.0,91.0,18.0,1020.9,1017.7,7.0,1.0,16.1,31.7,No,0.0,No
-2.7,18.1,0.0,2.2,9.3,W,52.0,SE,WNW,0.0,24.0,85.0,36.0,1017.8,1014.3,1.0,1.0,3.5,16.7,No,0.0,No
4.6,15.7,0.0,1.0,0.6,NNE,15.0,SSE,NNE,6.0,6.0,85.0,67.0,1030.3,1027.1,7.0,7.0,9.9,15.5,No,0.8,No
13.333234013594383,24.962438632724485,0.684793281265307,7.945620156204079,9.601611757785712,NNW,81.98388242214287,NW,NW,31.0,45.70795380869899,52.13192021502552,26.707953808698985,1013.218430234306,1007.3916432518546,1.8559916015816336,3.1399790039540845,19.546828974543363,24.16284157217091,No,3.1729725673968714,Yes
17.552811994050572,25.65111219886332,0.0,4.1931688104692775,8.584528594799524,SW,40.65626759262005,NW,N,5.238972939603339,5.881315886225121,70.5229816929452,73.46133984982828,1014.00624803629,1011.5612123884996,5.935130789673977,6.7923009275228186,21.121626411424906,22.272450074633543,No,2.9443785149153463,Yes
15.750361080741978,26.52220194700847,3.4855593523912667,5.601444322967913,5.375631568539662,NNW,46.70216648445187,NNW,NE,4.732851892344029,12.496389192580216,85.4350183767959,53.06859243062388,1012.2030685407892,1008.3633574053828,5.167870269139927,7.0,18.78249081160205,25.53898897392246,Yes,5.051938802031639,Yes
10.20721006580116,29.9575757760784,0.0,6.869488005611864,8.781138969905353,E,41.08934172150097,SE,WNW,2.019853715889104,13.039707431778208,62.980146284110894,35.920585136443584,1012.5503657102772,1010.1285266227992,1.0595611476673117,7.940438852332688,17.46154651925622,29.148641603928304,No,0.0,Yes
9.1,25.2,0.0,4.2,11.9,N,30.0,SE,NW,6.0,9.0,74.0,34.0,1024.4,1021.1,1.0,2.0,14.6,24.0,No,0.2,No
-1.86108526315822,9.768100997758502,0.4570102951205276,1.427136924364824,1.7905049082114788,SSE,25.051503923607594,SSE,WSW,5.646807145897521,13.25090075715608,91.68983648484162,65.33843747088231,1014.6774392820486,1009.7268533769044,7.086488809365721,7.066287716610388,0.4181486086891348,7.957647966465765,No,0.0,Yes
1.2,16.0,0.0,1.4,6.1,NNW,31.0,S,N,6.0,22.0,84.0,38.0,1024.6,1020.9,7.0,6.0,6.5,14.6,No,0.0,No
10.538182252748063,20.2561968656316,0.0,5.040660999000703,8.941487247751585,SSW,60.4876062687368,N,SSW,22.79669500499648,30.89421625874384,59.58512752248416,37.29256376124208,1011.2447922427552,1007.1350401173804,4.39834750249824,3.09752125374736,14.213883369129135,18.877353613882832,No,0.0816834731796541,Yes
14.825389273859678,26.38304394095588,3.216344795873746,4.525067505796432,9.680541918823089,ENE,39.09729459437459,E,W,3.893351122128763,16.901159248738313,78.13543222166402,37.08955146900842,1013.2322568635695,1008.057918624041,5.056400686787075,3.026910210151136,17.25238497637914,24.55172273062319,Yes,3.4862788498554838,Yes
10.1,27.9,0.0,7.2,13.0,WNW,30.0,S,NW,6.0,7.0,62.0,29.0,1022.0,1017.1,0.0,1.0,17.0,27.1,No,0.0,No
10.1,27.9,0.0,7.2,13.0,WNW,30.0,S,NW,6.0,7.0,62.0,29.0,1022.0,1017.1,0.0,1.0,17.0,27.1,No,0.0,No
12.9,28.0,0.0,4.4,10.7,S,52.0,S,NNE,6.0,11.0,61.0,31.0,1019.2,1014.8,5.0,7.0,18.8,26.7,No,0.0,No
16.07348430591891,24.878027807226985,0.0,7.7503798187540704,4.529353591931041,ENE,43.38067937663509,NNE,ESE,13.10606277632436,18.02651569408109,64.94696861183782,46.725383399689264,1017.1106062776324,1014.3397735411216,7.026515694081089,7.513257847040545,19.69829439654188,24.121398883706718,No,3.3434711652600164,Yes
4.3,14.5,0.0,2.0,3.0,E,30.0,SSE,ENE,6.0,13.0,76.0,70.0,1034.3,1031.7,7.0,7.0,7.9,13.0,No,0.0,No
8.6,24.2,0.2,2.8,12.7,E,33.0,S,SE,11.0,9.0,63.0,37.0,1017.5,1015.1,1.0,1.0,13.7,22.0,No,0.0,No
-1.795019958660171,9.439512823238658,0.0,1.3934987786331356,2.0402666281332698,SSE,29.20561540791208,SSE,WSW,4.980748119648873,12.636746272018328,93.42559164194088,66.9282868338822,1014.6622912851155,1009.6524897691886,6.955033445267486,7.027540395073206,0.9928642586401925,7.119154947790965,No,0.0,Yes
12.108641028265131,19.04325451393404,0.033653371417227,5.102880342755044,7.777412628781299,SW,62.47599714370797,NNE,SW,22.14906457205251,33.33653371417227,66.17786799960295,43.36533714172271,1009.2307730286622,1005.1822132000397,5.336533714172271,4.504800571258406,14.095654799563244,16.8225873712187,No,0.0,Yes
-0.9,14.2,0.0,2.6,7.8,WNW,31.0,SSW,N,7.0,19.0,82.0,34.0,1030.2,1024.4,7.0,6.0,5.3,12.8,No,0.0,No
14.058428881370526,21.52489680811983,14.600733808925648,2.0666972420385687,1.074919739648757,S,36.41708707803032,ENE,S,5.166743105096422,17.083600867837475,88.24942671177683,83.33394484077138,1015.3333027579614,1014.1,8.0,7.583371552548211,16.29173163933196,18.008176634552335,Yes,14.374673199159751,Yes
2.4,17.3,0.0,2.2,11.3,E,31.0,SSE,SW,4.0,6.0,67.0,33.0,1030.5,1027.7,1.0,1.0,10.7,16.5,No,0.0,No
13.395137530177088,19.13343797137,9.8678403487007,8.547661024201425,6.014872299183771,NNW,67.3746337059146,N,NW,38.76807622886714,30.05935900293764,70.50248645887746,44.190573973647055,1007.4619959292476,1005.9207923889148,6.8713481906520135,1.001319991368529,16.158397929373624,17.943864864784103,Yes,9.158911808266026,Yes
-1.3,8.8,0.0,0.8,2.8,WNW,39.0,NW,NW,9.0,15.0,95.0,68.0,1020.0,1016.8,7.0,6.0,1.8,8.0,No,0.0,No
11.845061955501746,23.27216913464396,0.9787531939749636,7.06374041807511,9.087181910543814,NW,87.12818089456186,NW,NNW,31.0,47.72892820857788,55.62269417845269,28.72892820857788,1011.8956106271128,1005.499276313786,2.2234414924687043,4.058603731171761,18.27912685098297,22.343964612279912,Yes,2.767334683083962,Yes
13.619225277499783,25.258359411176013,1.3615494450004324,4.957447972940464,5.177812548234683,NNW,50.98404983087791,N,NNW,5.798632842646677,33.9840498308779,79.61321585441544,68.00455719117774,1016.6993164213234,1014.2199088561764,7.400455719117774,7.0,17.997949263970018,19.560638006764883,No,1.4173073864992571,Yes
14.4,24.3,0.0,9.4,11.1,WNW,52.0,NW,NW,31.0,30.0,36.0,25.0,1010.5,1009.9,1.0,1.0,20.4,23.0,No,0.0,No
15.754779818256043,17.008274301408107,0.0,7.466848458458227,0.5990779477157225,SSE,48.46783190847751,SE,SE,12.947873685967028,13.16281165597712,76.51280167208148,77.44689692557908,1008.4667661538124,1010.3225229195554,7.330377594932306,7.1451835518279525,15.769986511724394,15.394585844397742,No,1.513843994732479,Yes
14.49600139432374,17.317882270922134,1.1444653390165045,6.741650995737621,0.656941832622937,SE,47.10588645389336,NW,S,12.642354581557342,14.2517589645493,77.57645418442658,80.68234063831993,1010.0357645418444,1009.2920027886474,7.178822709221329,7.178822709221329,15.82517589645493,15.532469521987728,No,3.695038516536988,Yes
14.768126696377008,28.93690496932713,6.18751130918005,2.30997285796788,7.866262440098055,NE,41.74371041786983,NW,S,6.318733036229926,21.468778272950125,82.48742083573966,49.2749321449197,1012.6768868746392,1008.140633481885,2.6374660724598504,6.78751130918005,20.44752940386813,27.60503166570414,Yes,3.536195603250042,Yes
14.3,34.1,0.0,6.6,10.5,ENE,39.0,W,NNW,6.0,19.0,77.0,34.0,1006.6,1003.3,1.0,1.0,18.9,31.9,No,0.0,No
14.045213528952775,26.655846943655007,3.27446259154001,4.617024938973327,9.356377179958898,ESE,40.98939527392216,E,SW,4.632989405338869,17.27128117371666,79.63829176837778,39.61708231622211,1011.2244482472278,1007.5409429498972,5.180854115811106,3.361708231622211,17.53617082316222,25.21169388731001,Yes,3.689408724241197,Yes
14.13743690435752,24.23933549372232,0.6786709874446406,3.635063667651522,1.1568673275480807,NNW,33.981014106352006,SSE,NW,5.601898589364799,6.1990507053176005,83.995253526588,50.3933549372232,1016.125126191285,1012.3246515439436,7.800949294682399,7.0,17.33981014106352,23.35924056425408,No,0.0,Yes
4.3,14.5,0.0,2.0,3.0,E,30.0,SSE,ENE,6.0,13.0,76.0,70.0,1034.3,1031.7,7.0,7.0,7.9,13.0,No,0.0,No
0.4822984351478063,12.438134967923238,0.0,1.0466922622034531,1.944163467224568,S,23.14201860529748,SSE,W,6.0,10.350191966525898,93.32490401673704,64.67509598326295,1017.6422216485374,1014.2838563207832,7.441634672245684,7.0,4.268096574618058,10.891442705719784,No,0.0,Yes
8.118508555274087,20.40559968151432,2.330327099007812,3.6679633902610655,7.452254675744141,W,40.23872662127929,SE,S,12.44945483498698,15.27527258250651,95.86236370874674,56.55054516501302,1017.3539641864752,1012.8365459612272,5.412908873759765,2.4129088737597644,11.4019450853916,19.581727019386392,Yes,4.162868539706415,Yes
7.612285555141935,16.484767057253165,0.0,1.4044231271737144,8.293365309239428,NNE,29.68550288127121,SSE,NE,6.039312139841099,18.488942182065717,74.8820635804767,64.56756646174792,1030.8732173261294,1027.4164606799543,7.039312139841099,7.039312139841099,12.257248559364395,14.716216769126044,No,0.0,Yes
15.6,33.4,0.0,8.0,10.4,NE,33.0,NNW,NNW,2.0,13.0,61.0,27.0,1018.5,1013.7,0.0,1.0,22.8,32.0,No,0.0,No
18.29460184025196,33.290463804677955,0.0,10.274939880744888,8.712152646230303,ESE,56.824180999147,N,NNE,15.761603922695937,21.37338179805276,59.563641521114704,63.22530968038521,1008.5801948429264,1005.5993758341548,6.123363237446807,7.045030901638551,24.219249837234816,22.69488426254376,No,0.0,Yes
15.55614939773902,24.395733368336423,1.816170665266543,7.428074698869509,4.115327972697589,S,49.11061341034013,NNW,N,4.727679936994437,7.646826610661722,88.64682661066172,56.0,1012.333631953796,1008.8366079621966,6.838293347334569,6.595733368336424,16.950197380937535,23.603818700969697,Yes,3.3797185337367863,Yes
17.5,35.8,0.0,9.4,13.3,SSE,57.0,NNW,NW,6.0,19.0,56.0,24.0,1011.8,1006.5,0.0,1.0,24.7,34.5,No,0.0,No
7.13825403315809,20.03418231299835,2.868532167108145,2.1643766763926804,3.839778814322784,N,24.191689018569072,NW,SW,6.0,6.0,94.61662196286186,49.72603887267886,1024.0247654031814,1020.4151809522529,7.273961127321134,4.821883381963401,9.821799611407677,19.351993974802006,Yes,0.6095011971118875,Yes
7.8,15.1,0.0,2.2,2.7,S,31.0,SSE,S,6.0,20.0,84.0,65.0,1025.9,1023.4,6.0,7.0,10.3,14.8,No,0.0,No
17.380113160524658,27.389544566312694,5.424773213685906,10.131590761052117,3.717272981053516,ESE,40.36818477895768,N,NNW,14.270457294746423,13.830683615795738,66.24431871052816,48.70681754736621,1014.2432946826287,1012.4677265536816,7.0,7.657953805260578,21.170340412103528,25.904203688944385,Yes,8.993508184756644,Yes
14.432203473335283,24.132203473335284,0.3050843699912171,6.715254341669106,5.679661288339677,SSW,63.03389579994145,N,NNW,10.576271708345532,18.81356078336749,76.50847394998536,75.40678039168374,1000.255931149142,999.6033889641463,7.084745658330894,7.0,17.688135854172764,20.29152543416691,No,2.1019326030168584,Yes
-2.8,12.2,0.0,2.6,8.7,NNW,31.0,SE,NNW,0.0,15.0,84.0,48.0,1018.3,1014.6,1.0,1.0,2.7,11.5,No,0.0,No
2.2,18.6,0.0,2.0,9.2,NNW,31.0,SE,NNW,7.0,20.0,84.0,44.0,1024.4,1021.0,1.0,3.0,8.5,17.8,No,0.0,No
11.8,18.5,0.6,4.8,2.3,ENE,35.0,ESE,E,9.0,15.0,60.0,63.0,1018.0,1017.4,8.0,6.0,13.8,16.4,No,0.0,No
4.4,18.2,0.0,3.6,11.0,W,31.0,SE,WNW,7.0,19.0,78.0,35.0,1017.4,1015.0,1.0,3.0,9.2,17.2,No,0.0,No
17.2,24.7,12.2,1.4,8.1,NW,50.0,NW,WNW,19.0,28.0,80.0,71.0,1004.9,1004.0,7.0,8.0,19.4,21.9,Yes,0.8,No
9.2,20.4,17.4,7.8,10.2,ENE,39.0,N,N,9.0,20.0,59.0,49.0,1009.5,1009.1,1.0,7.0,14.9,18.8,Yes,0.0,No
13.315938548412014,24.093444287589417,3.215938548412014,5.9066837365522185,3.8867605510372014,NNW,80.30591559170239,NE,NNW,5.573265053791127,6.7467861558655295,79.97300900550786,65.47943669377679,1009.830719583312,1007.5200512096568,7.253213844134471,7.106683736552219,15.613367473104438,21.149485255314744,Yes,5.6397557947985,Yes
-1.3,11.6,0.0,4.0,10.4,N,30.0,ESE,NNW,9.0,17.0,59.0,35.0,1023.3,1022.0,0.0,1.0,4.5,10.8,No,0.0,No
16.5,28.2,4.0,4.2,8.8,NE,39.0,E,N,7.0,13.0,76.0,42.0,1014.8,1011.4,8.0,1.0,18.0,26.3,Yes,0.0,No
14.015684609570352,24.2299436138382,0.8666283175973657,6.5716863489612045,6.016363480657102,SSW,57.90342089984671,N,NNW,11.104121792743587,18.972878620704577,76.77453817490462,75.22536828122432,999.5930797480167,999.0948572628572,6.768315304969851,7.126752684722673,17.465765871482116,19.625625162088895,No,0.7301058337916935,Yes
8.1,18.7,0.0,4.4,7.1,ESE,33.0,SSE,ESE,11.0,30.0,66.0,65.0,1028.2,1024.2,4.0,7.0,13.5,15.6,No,0.0,No
-3.7,14.4,0.0,2.6,10.4,NNW,22.0,N,NNW,2.0,11.0,64.0,28.0,1031.0,1028.0,0.0,0.0,5.2,14.0,No,0.0,No
14.737216909832714,20.868608454916355,7.085300506044804,9.275762191114262,4.4651676688999205,NNW,33.0,NNW,NNW,18.84636320320387,18.467552247632558,93.82251741587751,65.97615421267365,1015.4023845787326,1013.049139803496,8.0,4.354965168244963,14.854965168244965,19.54847561777148,Yes,7.457020807247322,Yes
14.3,35.0,0.0,7.6,10.5,ESE,41.0,ESE,WSW,2.0,9.0,43.0,14.0,1012.6,1008.7,0.0,1.0,23.0,33.6,No,0.0,No
14.937556220887725,29.06899050788514,5.978160922610988,2.3502248835508865,7.705672166788531,N,41.82533732532633,NW,NW,5.816591705483038,20.624437791122784,81.64192903080937,48.73363317806785,1012.7991254380156,1008.3091704147258,2.4585207362924053,7.0,20.67903548459532,27.81484258151438,Yes,5.997890427472556,Yes
5.959699174127096,19.182337052652176,2.8552256194046777,2.629849587063548,6.464674105304354,S,30.92286915006693,S,SSE,9.67412259120403,10.72387190297661,97.42537603234112,53.14924793531774,1022.2960278217324,1018.2186657002576,5.95025068822742,2.95025068822742,8.942036226779273,18.52984958706355,Yes,3.598227857598288,Yes
14.0,26.9,3.6,4.4,9.7,ENE,39.0,E,W,4.0,17.0,80.0,36.0,1012.4,1008.4,5.0,3.0,17.5,25.7,Yes,3.6,Yes
10.52767637606928,20.812051780477567,3.766964401259512,4.297320388664396,2.9243300971660986,NW,74.14731391813174,NNE,SE,13.51339805667802,9.75669902833901,84.92187702204146,75.67857605038046,1010.209598705353,1008.535715210076,7.582588996851221,7.0,14.60691909401732,17.02767637606928,Yes,2.80394115519149,Yes
17.615053188327106,22.307526594163555,2.692813554658625,8.215506720090012,0.7542735203150451,ESE,33.0,SE,ESE,9.001133829407262,13.9236002289572,92.30786674298574,74.30673291357847,1014.5693267086422,1011.761686731538,8.0,7.384266514028535,17.884266514028536,21.668986559819977,Yes,4.627452598417187,Yes
4.6,15.7,0.0,1.0,0.6,NNE,15.0,SSE,NNE,6.0,6.0,85.0,67.0,1030.3,1027.1,7.0,7.0,9.9,15.5,No,0.8,No
13.77735274865304,23.94131596173149,0.4186687103845306,2.805355814229836,0.6306809726917139,NNW,29.81331289615469,SSW,SE,6.0,7.213466174994486,83.56006131153592,50.773527486530405,1017.340015327884,1013.4960214590376,8.0,7.0,17.28133128961547,23.00397854096243,No,0.0,Yes
2.1,17.3,0.0,1.6,9.2,W,43.0,SSW,WNW,6.0,28.0,81.0,38.0,1020.0,1017.3,1.0,2.0,8.7,15.9,No,0.0,No
8.6,24.2,0.2,2.8,12.7,E,33.0,S,SE,11.0,9.0,63.0,37.0,1017.5,1015.1,1.0,1.0,13.7,22.0,No,0.0,No
3.3,25.5,0.0,5.2,10.8,N,43.0,N,NNW,4.0,19.0,57.0,16.0,1018.8,1014.6,0.0,3.0,12.0,24.8,No,0.0,No
16.0,23.8,2.2,5.4,6.2,SSE,30.0,SE,ESE,11.0,11.0,73.0,49.0,1018.9,1017.1,8.0,7.0,16.5,22.9,Yes,0.0,No
0.3,17.0,0.0,2.2,5.6,WNW,31.0,S,WNW,6.0,24.0,99.0,52.0,1021.9,1018.6,8.0,1.0,3.8,16.2,No,0.0,No
7.0,14.3,2.6,9.6,9.7,WNW,63.0,NW,W,26.0,33.0,68.0,40.0,1010.3,1012.7,1.0,3.0,9.1,13.7,Yes,0.0,No
0.4,13.9,0.6,0.8,7.7,WNW,41.0,E,WNW,6.0,19.0,99.0,59.0,1023.0,1021.0,3.0,6.0,4.2,12.1,No,0.0,No
16.3,26.8,0.0,6.0,6.3,ENE,39.0,ESE,ESE,13.0,9.0,78.0,54.0,1018.8,1016.1,8.0,7.0,18.6,24.5,No,0.0,No
0.7661303316231144,16.54521946357714,0.3686298517145509,2.0481804871749216,4.271164195720624,NNW,40.30653738454433,SSW,WSW,3.3231531208289598,5.629838042551235,80.88688451172584,45.553619069444686,1024.0995704702586,1017.8486478449104,7.234517014866883,8.0,5.2734991260342445,15.980356500970757,No,0.2589538751082337,Yes
17.2,24.7,12.2,1.4,8.1,NW,50.0,NW,WNW,19.0,28.0,80.0,71.0,1004.9,1004.0,7.0,8.0,19.4,21.9,Yes,0.8,No
7.878282882135519,16.763641569417086,0.0,1.3464131271843425,8.609760875145623,NNE,30.53684813300925,SSE,NE,6.0,18.365543115534518,74.75597812135943,65.43923938155302,1030.575206050195,1027.0996082380589,6.951195624271886,7.0,12.558761131844271,14.895315443397724,No,0.8708049163946634,Yes
-1.3,8.8,0.0,0.8,2.8,WNW,39.0,NW,NW,9.0,15.0,95.0,68.0,1020.0,1016.8,7.0,6.0,1.8,8.0,No,0.0,No
8.9,27.1,0.0,4.4,12.7,E,35.0,NNW,N,6.0,11.0,63.0,37.0,1018.1,1012.5,1.0,2.0,15.8,25.0,No,0.0,No
8.7,13.0,0.6,3.2,7.1,WNW,54.0,W,WNW,19.0,28.0,82.0,58.0,1013.7,1014.1,4.0,2.0,8.8,11.1,No,0.0,No
0.4,13.9,0.6,0.8,7.7,WNW,41.0,E,WNW,6.0,19.0,99.0,59.0,1023.0,1021.0,3.0,6.0,4.2,12.1,No,0.0,No
10.6,15.1,3.8,0.2,2.6,SSE,41.0,SE,SE,9.0,20.0,78.0,65.0,1028.2,1025.7,8.0,7.0,11.5,13.3,Yes,0.0,No
12.6,18.2,11.0,3.2,0.4,ENE,30.0,SSE,SSE,13.0,15.0,81.0,73.0,1010.0,1011.0,7.0,8.0,16.3,16.8,Yes,0.2,No
8.740432584648437,19.69724323286488,1.675351635026631,5.233081205621449,7.981621552432529,NW,97.7151340627042,NW,NNW,31.073513790269885,51.797837076757816,63.073513790269885,33.09189223783736,1009.0834593971892,1001.5413515070268,3.036756895134942,5.954053881081322,15.610108146162109,18.49724323286488,Yes,2.100693796778736,Yes
15.0,29.4,0.0,6.6,11.1,NW,43.0,N,W,9.0,24.0,78.0,24.0,1010.8,1008.5,7.0,7.0,20.6,28.6,No,0.0,No
14.3,34.1,0.0,6.6,10.5,ENE,39.0,W,NNW,6.0,19.0,77.0,34.0,1006.6,1003.3,1.0,1.0,18.9,31.9,No,0.0,No
0.1,21.0,0.0,2.2,9.2,NNW,17.0,WNW,N,2.0,9.0,78.0,36.0,1023.2,1020.3,0.0,1.0,7.6,20.7,No,0.0,No
17.2,24.7,12.2,1.4,8.1,NW,50.0,NW,WNW,19.0,28.0,80.0,71.0,1004.9,1004.0,7.0,8.0,19.4,21.9,Yes,0.8,No
11.668805854119055,30.45120205685264,0.0,6.969600632877736,8.630399367122264,ENE,42.27200474658302,SW,WNW,3.69600632877736,15.54400949316604,66.81601423974907,30.48797943147358,1013.3632028479498,1010.0303993671224,3.5440094931660404,7.15199683561132,18.58720443014415,29.39680110753604,No,0.4714508060092954,Yes
8.967622052716955,19.75495810011152,1.8246113656731595,5.180884139091647,7.949820865115571,NW,97.47431382502026,NW,NNW,31.238948261354423,51.47431382502027,63.69294995792783,33.69294995792783,1008.7989251906936,1001.3876943171634,3.1194741306772125,5.928315521593673,15.719474130677211,18.526284308748988,Yes,3.513940014873689,Yes
7.5,20.9,0.0,6.6,8.7,ENE,39.0,SE,E,13.0,20.0,61.0,43.0,1020.6,1018.3,6.0,7.0,15.3,19.8,No,0.0,No
9.2,20.4,17.4,7.8,10.2,ENE,39.0,N,N,9.0,20.0,59.0,49.0,1009.5,1009.1,1.0,7.0,14.9,18.8,Yes,0.0,No
13.504431685399515,17.408029063728804,35.24798780510413,6.4640459325617465,8.963712209733657,NNW,52.22825872653754,W,SW,26.729093033607764,23.727424419467315,64.58946801506052,54.90969767786925,1006.5085296479708,1007.1771741273462,2.0,7.0,14.522158426997574,16.021657842755438,Yes,35.026643467138285,Yes
-0.9,16.7,0.0,2.8,8.6,NW,35.0,WNW,NW,7.0,22.0,84.0,33.0,1018.1,1013.9,7.0,7.0,6.4,15.5,No,1.0,No
4.4,11.5,6.6,2.2,9.3,WNW,57.0,NNW,WNW,28.0,31.0,67.0,56.0,1013.9,1014.9,1.0,1.0,6.9,10.5,Yes,0.0,No
4.3,14.5,0.0,2.0,3.0,E,30.0,SSE,ENE,6.0,13.0,76.0,70.0,1034.3,1031.7,7.0,7.0,7.9,13.0,No,0.0,No
3.4619775866187523,16.771440403958255,2.9123612885191053,2.2335891346002352,5.076641086539976,N,26.438193557404475,NW,SSW,6.233589134600234,10.671782692004708,96.66410865399764,56.54049576880659,1024.684569096278,1021.4181582308784,6.999999999999999,4.700767403800706,6.252514769279246,15.050212557877128,Yes,1.6727681744361549,Yes
14.807916509387669,19.9618747640815,20.23412372604011,2.458416698122466,0.1707916509387668,SE,41.292083490612335,E,NW,6.73020872653083,20.0,83.752500943674,90.43812523591848,1014.2989996225303,1012.9900827356732,8.0,8.0,16.9123749528163,16.34381252359185,Yes,19.5021387838928,Yes
11.741038250062992,22.55953625679421,3.505201594615025,5.332368925704618,6.571098804038732,W,44.64450597980634,NW,SSW,10.491330675641626,16.254334662179186,95.3728326689104,58.50866932435837,1013.6335282837192,1009.4098286823728,6.881501993268781,3.881501993268781,13.898553388556929,21.29508565881358,Yes,4.575556890198118,Yes
2.3,12.2,0.0,2.8,9.8,WNW,44.0,WNW,NW,20.0,30.0,58.0,41.0,1024.2,1022.4,1.0,1.0,6.5,10.4,No,0.0,No
-0.9,16.7,0.0,2.8,8.6,NW,35.0,WNW,NW,7.0,22.0,84.0,33.0,1018.1,1013.9,7.0,7.0,6.4,15.5,No,1.0,No
-0.1,18.0,0.0,2.0,8.6,NW,39.0,N,NNW,2.0,15.0,83.0,46.0,1033.2,1028.7,1.0,1.0,5.6,17.4,No,0.0,No
11.3,27.4,0.2,7.6,12.1,NW,52.0,SE,NW,6.0,31.0,60.0,20.0,1021.4,1017.5,1.0,1.0,16.4,26.3,No,0.0,No
8.3,28.5,0.0,5.8,9.8,NW,46.0,W,NW,2.0,26.0,66.0,30.0,1024.1,1019.8,1.0,6.0,16.8,27.4,No,0.2,No
-0.6,14.0,0.0,1.2,7.1,NW,41.0,WNW,NNW,2.0,22.0,86.0,59.0,1030.0,1026.3,5.0,5.0,3.7,13.6,No,0.8,No
8.7,13.0,0.6,3.2,7.1,WNW,54.0,W,WNW,19.0,28.0,82.0,58.0,1013.7,1014.1,4.0,2.0,8.8,11.1,No,0.0,No
6.3,19.3,0.0,3.4,10.6,S,31.0,S,SE,9.0,13.0,65.0,39.0,1027.9,1024.4,1.0,1.0,12.6,18.8,No,0.0,No
2.4,14.1,0.0,3.0,1.8,NW,46.0,NNW,NW,15.0,30.0,50.0,27.0,1021.4,1017.8,8.0,8.0,8.6,13.2,No,0.0,No
2.4,14.1,0.0,3.0,1.8,NW,46.0,NNW,NW,15.0,30.0,50.0,27.0,1021.4,1017.8,8.0,8.0,8.6,13.2,No,0.0,No
4.6,22.0,0.0,4.4,11.0,N,41.0,NNW,N,6.0,19.0,82.0,25.0,1028.8,1024.9,1.0,2.0,10.0,21.4,No,0.0,No
13.9,34.7,0.0,6.4,8.5,SSW,46.0,SE,ENE,11.0,7.0,50.0,18.0,1022.8,1019.3,0.0,3.0,20.2,32.7,No,0.2,No
14.9,28.8,0.0,5.8,8.1,NNE,30.0,SSE,NNE,7.0,11.0,71.0,44.0,1018.2,1014.5,7.0,2.0,19.1,27.0,No,0.0,No
13.3,22.2,0.2,6.6,2.3,ENE,39.0,E,E,20.0,17.0,70.0,55.0,1021.0,1018.6,7.0,7.0,16.5,21.2,No,0.0,No
14.9,28.8,0.0,5.8,8.1,NNE,30.0,SSE,NNE,7.0,11.0,71.0,44.0,1018.2,1014.5,7.0,2.0,19.1,27.0,No,0.0,No
17.9,33.9,0.0,10.4,11.8,ENE,46.0,S,W,6.0,11.0,72.0,22.0,1017.4,1014.6,1.0,1.0,19.8,32.3,No,0.0,No
14.51927961049512,24.206426536831707,4.372151673729273,6.612853073663413,5.877507121089028,W,48.02142178943902,NNW,WNW,8.946445526402448,16.892891052804895,94.92502373696342,59.95715642112196,1010.8107108947196,1006.8171374315511,7.9892891052804895,5.021421789439021,15.818208521023168,22.614995252607315,Yes,4.6794904233406776,Yes
8.793383928367184,14.154452231662884,6.064631250142971,2.1709924107449226,0.1111957588111314,NW,30.951654017908204,E,NW,2.0966919641835924,0.6284977671933519,97.0,93.03308035816409,1027.2198482148983,1023.8068709826636,8.0,7.951654017908203,10.541729910458985,12.025444642407807,Yes,5.896666298248377,Yes
4.113229137248911,20.78471740530598,0.0,5.066073046465276,6.614119567550996,SE,59.72378698359156,NNW,NNE,6.354352172979601,30.51953478914279,67.69362170832683,57.98491736236764,1020.0141195675508,1015.964564782702,5.063056518938804,6.999999999999999,11.870597837754984,16.998836972856978,No,0.0,Yes
2.3,12.2,0.0,2.8,9.8,WNW,44.0,WNW,NW,20.0,30.0,58.0,41.0,1024.2,1022.4,1.0,1.0,6.5,10.4,No,0.0,No
17.350339255818575,32.93643308188571,0.0,10.39322701371726,8.371394327888465,ESE,58.74533667056404,N,NNE,14.300124073703856,18.45962197929476,57.8623850005844,64.90127158652045,1008.3281245078113,1005.856363605338,6.224514147986155,6.939141729342597,24.34386073426962,23.14826015282469,No,0.0,Yes
11.786437091930225,20.65217719088251,2.7501574678621887,5.149527596413433,2.4229015430485816,ENE,27.77413392675796,S,NW,6.5249212660689055,9.67444886248234,95.32555113751766,63.64795291779154,1020.1959605539593,1017.0109133136008,7.5249212660689055,6.099685064275622,13.036594559792414,20.104669317489403,Yes,1.8358851659170916,Yes
-1.5523780131609786,10.823554242605567,0.2681330846120712,1.5517726124157751,0.0,WNW,42.01773356015654,SE,NE,0.3744207842773189,5.145384678241657,93.0295117368313,90.1219621507413,1014.552848126222,1009.2306020429934,6.852848541046226,8.0,2.6079773267705684,8.045390715792141,No,0.0,Yes
3.1,12.5,1.2,1.4,7.2,N,43.0,WNW,N,6.0,30.0,69.0,62.0,1019.8,1019.1,6.0,2.0,7.6,11.3,Yes,0.0,No
6.197035694130761,16.544553574392534,19.013383869588548,4.2752499917009015,8.734406248962612,SSE,46.16584819205599,SSW,SE,17.465357107289577,19.29950891523359,71.92325895672909,51.82178570242986,1015.9455357439252,1014.7296964505048,1.4777232128037323,5.955446425607464,9.687379453467248,15.719058040308427,No,18.43080823914997,Yes
12.3,33.8,0.0,7.2,11.3,W,22.0,SE,W,9.0,13.0,57.0,15.0,1022.6,1019.1,0.0,1.0,17.9,32.7,No,0.0,No
12.1,27.5,0.0,7.4,11.7,NE,35.0,SSE,E,7.0,15.0,69.0,40.0,1011.8,1007.4,7.0,2.0,18.6,26.8,No,0.0,No
-0.2,18.1,0.0,4.4,9.4,NW,24.0,SE,NW,0.0,9.0,80.0,44.0,1021.4,1018.9,1.0,1.0,6.7,16.9,No,0.0,No
0.3,16.0,8.2,5.4,11.8,NW,57.0,NNW,N,11.0,28.0,68.0,45.0,1016.8,1013.3,1.0,1.0,6.9,14.6,Yes,0.0,No
17.683839779305224,34.13183459216421,0.0551242818264559,10.689608068049058,8.86455321300849,N,59.65448582269702,N,NNE,14.97447191306745,18.616560787742664,58.953138145118125,62.08857324380282,1007.8927058571834,1006.474599450214,6.218676836711169,6.738558420186559,24.04264818722445,23.880178969603552,No,0.2463040326492609,Yes
8.807137532659503,19.49651422823605,0.010623304423445,3.998008130420604,4.09319444560373,S,47.99170054341919,E,ENE,18.98672086947069,17.00497967394849,70.03983739158792,48.07469510922735,1026.073607728073,1022.6731097606782,7.001659891316163,7.001659891316163,14.103817750027174,18.896182249972824,No,2.326618724374755,Yes
14.3973782741657,23.43197123792986,4.1218619743439815,6.611091001380114,6.38427143620596,W,48.12742939621423,NNW,WNW,8.314076170208118,17.34995152346524,95.96463028269152,64.93236978474782,1010.959027898068,1006.5509006102932,8.0,5.110707537196031,16.481522363607773,22.98752809601919,Yes,4.438222573521653,Yes
4.4,16.7,0.0,1.6,9.0,S,22.0,SE,NNE,11.0,4.0,74.0,42.0,1025.2,1022.1,1.0,1.0,9.6,16.2,No,0.0,No
14.9,24.8,0.0,10.4,10.0,NNW,35.0,NNE,WNW,11.0,6.0,58.0,37.0,1011.7,1010.4,7.0,7.0,19.3,22.9,No,0.6,No
15.960612544546526,28.79534238366818,5.902594623765775,5.281837633639578,6.234729839121656,N,40.170991039609625,NNE,NW,8.901531361366315,18.269459678243308,74.78243279707218,48.41450448019519,1013.6046576163318,1010.1652701608784,4.072522400975939,7.414504480195188,21.165801792078074,27.412441487629145,Yes,4.592876691248141,Yes
-0.9,16.7,0.0,2.4,9.3,NNW,30.0,SW,NNW,2.0,15.0,76.0,42.0,1022.7,1018.5,5.0,2.0,6.2,15.4,No,0.0,No
12.5,31.7,0.0,6.6,11.2,WNW,24.0,ENE,W,6.0,9.0,74.0,28.0,1024.9,1020.4,1.0,1.0,17.2,30.1,No,0.0,No
13.529184726279418,30.693352226530187,0.0,7.0968134549886015,8.378557258263298,ESE,45.08380734672977,WSW,W,8.198185616656009,18.8870640176668,71.46182890275851,20.392594835659487,1013.8781374347052,1009.6757333655812,7.185873621076039,6.102866506961212,19.919806028187537,29.525038408107505,No,0.0,Yes
10.1,31.2,0.0,8.8,13.1,NW,41.0,S,W,6.0,20.0,45.0,16.0,1018.2,1013.7,0.0,1.0,18.7,30.4,No,0.0,No
7.62686186064302,24.891137749592307,0.0,4.644068907276543,10.426206851751186,NE,31.273793148248814,S,NE,6.315517129377968,13.958276018870844,74.82137944474644,34.82137944474644,1017.1130346485206,1012.6582760188708,1.0,4.5893102776267805,13.53220672182963,23.31017226819136,No,1.3838119416813492,Yes
16.299494417592904,24.79988807717705,1.7999305306616202,7.799961405923122,3.800054031707629,S,50.00115782230633,NNW,N,3.9999228118462447,7.0005017229994095,87.99857201915552,55.99976843553873,1011.800011578223,1008.399926671254,6.9997684355387335,7.0000385940768775,17.499938249476997,23.999884217769367,Yes,0.2740194154767557,Yes
-0.6660621857179818,18.24608705428889,0.3101523567363465,1.3955895779102656,8.144927914972149,W,38.19713679187824,SE,NNW,5.064976847772341,14.485392952539865,82.69587721284266,49.21964261799212,1026.1249601777895,1021.6753825025462,0.7761904891159714,4.674869168237376,6.366728177835335,17.925648997767098,No,1.0046605438835996,Yes
7.5,20.9,0.0,6.6,8.7,ENE,39.0,SE,E,13.0,20.0,61.0,43.0,1020.6,1018.3,6.0,7.0,15.3,19.8,No,0.0,No
17.263572114175055,19.40351799123301,22.504412592690663,5.518484557622704,7.178268065854518,NNW,67.2119070472502,NW,WNW,36.6059535236251,27.603247376522777,80.0162368826139,59.60324737652278,1000.0951289352158,1000.8744794599112,5.603247376522779,4.597835082318148,17.763842728885287,17.402976761812546,Yes,20.77300197052145,Yes
17.00360476242576,29.64673708488448,0.0,5.84089494927392,9.17663145755776,E,47.8831572877888,SE,ESE,8.912367965841598,17.0584213561056,67.146053390264,37.561839829208,1016.6328154404786,1012.7123679658416,6.0292106780528005,6.9707893219472,21.6561839829208,29.12044747463696,No,1.6294921787605523,Yes
7.5,23.3,0.0,6.8,10.9,WNW,65.0,N,NW,15.0,41.0,46.0,15.0,1012.5,1010.9,1.0,0.0,18.3,21.3,No,0.0,No
-2.2,11.6,0.0,1.4,9.2,S,39.0,E,SSW,2.0,28.0,68.0,33.0,1025.7,1025.8,1.0,1.0,3.4,11.0,No,0.0,No
3.8,13.8,0.0,2.8,0.8,WNW,31.0,W,NNW,6.0,26.0,67.0,54.0,1020.6,1018.5,7.0,7.0,10.5,12.4,No,0.0,No
-0.9596300704096028,11.02807398591808,0.1438520281638411,2.1368878310169537,1.403699295903973,SW,41.0,SE,NE,1.965179014265562,11.614797183615892,91.15778042245762,84.47334126737285,1015.5229594367232,1010.9371050283474,7.0,7.719260140819205,2.7930358028531126,7.857780422457615,No,0.2256050530665109,Yes
-2.5,16.6,0.0,3.0,9.9,NW,31.0,NE,N,4.0,20.0,68.0,20.0,1018.8,1013.9,1.0,1.0,6.0,16.3,No,0.0,No
11.5,29.3,0.0,5.2,8.0,NW,46.0,SE,WSW,0.0,26.0,76.0,35.0,1013.8,1009.4,7.0,7.0,17.1,27.6,No,0.0,No
5.409750273293717,13.325288021769309,0.7867477634253348,3.5809602882434604,2.064814314077857,SW,65.0,NNW,NW,16.44097316110402,32.265044731493305,64.85300894629866,78.16145974165603,1007.701677286211,1004.0722790754706,7.786747763425335,7.0,11.775172813061584,10.817823260376516,No,0.0,Yes
12.71661246845912,28.80540331531724,1.4656448288216797,8.90733859459212,6.40076637838374,ENE,46.8995974774926,NW,ESE,8.6911286486404,10.1274190990936,58.818547747734,38.227821621601,1019.6270165765862,1016.3189116036104,1.9729834234137995,7.2818547747734,18.59923362161626,27.30540331531724,No,0.6289951019736839,Yes
16.73946870763087,29.47789711297453,0.0,9.906298786515029,10.984141945629297,NNW,67.36795848254175,NW,NW,31.162719012756053,40.241479886456894,44.67821742745274,20.294495442462296,1015.6107949598884,1011.6016121429188,1.0804175271919765,1.20335458521065,22.295802913183003,27.117389215602664,No,0.9735405482124964,Yes
14.367808619770411,26.9919521549426,3.7634704976757374,4.992580554074551,9.076768727611247,ENE,39.0,E,SW,4.919521549426027,16.591323755810656,78.56963314533729,37.328197793615374,1012.624771934304,1008.8495438686084,5.204338122094673,3.510845305236682,17.89845933808461,25.7613014366284,Yes,2.2836689895546725,Yes
15.56348726347908,24.01471337834081,0.0,5.018256368260461,5.824522297234689,SE,33.933240455932385,NNW,ESE,6.371934712845664,6.0,70.74386942569133,66.56130574308672,1015.8017714949598,1013.0249323226672,6.743869425691328,7.371934712845664,19.49155255063341,21.63296974660128,No,0.0,Yes
9.468485049463236,14.250598381417158,0.0,0.7416888383541486,0.0,ESE,21.433543754528337,NW,ESE,9.617379831457397,12.292465975890142,97.96834006425269,84.9910951937756,1029.4676417334083,1027.1870445991262,7.847517872691832,7.8848568901966365,11.680830314255196,13.372930707927727,No,0.0,Yes
15.795002185145124,26.382326486545285,3.348659965554959,5.780008740580488,5.247660402583984,NNW,46.97001311087073,NNW,NE,4.673330419806504,12.04997814854878,85.64334353067724,53.30667832077398,1012.1703317308936,1008.3663334790097,5.31667395048374,7.0,18.678328234661382,25.413993881593655,Yes,2.2228278533415136,Yes
7.1,23.4,0.0,3.4,10.2,ESE,39.0,SE,WSW,2.0,7.0,72.0,29.0,1021.0,1016.9,0.0,1.0,12.7,22.4,No,0.0,No
12.1,30.9,0.0,6.2,12.4,NW,44.0,WNW,W,7.0,20.0,67.0,20.0,1017.3,1013.1,1.0,4.0,19.7,30.7,No,0.0,No
8.800131703423048,19.500098777567285,0.0,4.000003135795787,4.10007369120099,S,47.99989024714746,E,ENE,18.99979617327385,16.999827531231723,70.0,48.00040765345229,1026.0998181238442,1022.699824395436,6.999984321021065,7.0,14.100116024444112,18.900058012222058,No,0.0,Yes
10.6,15.1,3.8,0.2,2.6,SSE,41.0,SE,SE,9.0,20.0,78.0,65.0,1028.2,1025.7,8.0,7.0,11.5,13.3,Yes,0.0,No
15.222188856650575,25.78408843523209,2.6435043730560723,6.206713962005197,6.564819889461569,NNE,44.84525105354623,N,S,4.0,11.686135405867068,84.25109167530634,46.62772918826586,1012.081168124352,1008.4,6.062772918826586,5.125545837653172,17.5,24.7966430189974,Yes,2.9607054385638127,Yes
-1.3,8.8,0.0,0.8,2.8,WNW,39.0,NW,NW,9.0,15.0,95.0,68.0,1020.0,1016.8,7.0,6.0,1.8,8.0,No,0.0,No
15.02659846448109,19.476963267727253,0.0,9.195087184220872,0.0,E,27.75870319894069,E,ENE,5.359033567407284,11.002083011445103,88.95357651637774,73.15163184970638,1010.9580055463266,1009.152959652218,8.0,8.0,17.303460490315743,17.760150545696007,No,0.0,Yes
0.4,18.9,0.0,4.8,9.6,N,22.0,NW,WSW,6.0,7.0,77.0,33.0,1021.2,1019.1,0.0,1.0,5.2,17.6,No,0.0,No
13.353464495291137,23.14467491925315,0.2767322476455676,3.771043647367108,0.5924508142658242,NNE,27.534644952911357,SE,NNW,6.308169380886081,6.0,79.61013681025311,50.5408469044304,1017.4465355047088,1014.008789576038,8.0,7.308169380886081,16.930196742936705,22.21385798116454,No,0.2249336161231788,Yes
0.4,19.0,0.0,3.4,8.3,NW,39.0,NE,WNW,2.0,19.0,76.0,41.0,1019.8,1015.8,6.0,5.0,7.7,18.5,No,0.0,No
7.36990334293092,18.235973779759437,3.933162981951004,2.8015331624409625,2.5503832906102404,NW,63.34440617318472,NNW,SW,20.992334187795187,13.496167093897594,87.83035218414257,82.32651927804017,1010.915942673292,1009.865303855608,7.16709254512249,7.0,13.81747583573273,13.86990334293092,Yes,3.921061994263922,Yes
10.1,31.2,0.0,8.8,13.1,NW,41.0,S,W,6.0,20.0,45.0,16.0,1018.2,1013.7,0.0,1.0,18.7,30.4,No,0.0,No
15.07049910378205,24.13796105588264,2.6511929281508886,6.854230079832346,3.5635575199580862,S,66.55097360293394,NNE,NE,4.9457699201676535,6.527115039916173,85.16269023949704,62.14750448108975,1010.7123645918072,1007.8325380478994,7.472884960083827,7.0,16.506941583823963,22.203037151681457,Yes,3.535311259078337,Yes
14.38951206321401,22.66804881232765,1.6721952493106116,3.5746340007878725,2.053170749901516,NW,28.76585374950758,NW,SSW,5.2341462504924205,16.70243875147726,92.06341499803032,70.29756124852274,1017.589512063214,1014.90219506282,8.0,7.0,16.41073162544318,20.83195118767235,No,0.0,Yes
14.48048704050858,23.51704641780033,5.024414703725412,7.146362865759736,5.704870405085809,SW,45.07305607628713,NNW,SW,11.146425544056106,17.390259189828384,94.8048704050858,60.97564797457096,1011.7171090960968,1008.0488294074509,8.0,4.804870405085809,15.546331526611551,21.95607233678317,Yes,5.57867999118173,Yes
16.7,25.3,0.0,6.2,12.5,ESE,46.0,ESE,ESE,24.0,26.0,56.0,45.0,1016.2,1013.0,6.0,7.0,20.3,23.9,No,0.0,No
7.4,24.4,0.0,6.2,11.6,E,35.0,ESE,WNW,7.0,11.0,65.0,37.0,1026.3,1023.2,0.0,2.0,12.2,22.1,No,0.0,No
2.4100991704801205,10.862240658685582,1.179220717541708,0.9735396502044712,0.1128941778128213,W,35.142439101242125,SE,N,0.8395603072644575,11.962490957620371,99.0,95.22012611423752,1024.9790484255843,1020.882314071687,6.758420832350054,8.0,6.2925044205869645,9.348119293607372,No,0.0,Yes
14.67272802471529,20.478588804613217,1.321619457101491,9.656437042000286,0.1476705767536054,ESE,40.89924765222999,ESE,ESE,16.451701332212423,19.44954517489612,62.1960412609731,52.416559700381605,1017.1930399180033,1015.6519194061028,8.0,8.0,18.134331833962776,18.622830902493305,No,3.4418614990754373,Yes
8.131907400022074,18.703729601209528,2.7321662238153053,4.628923719054451,4.383787476195732,SW,40.41893738097866,S,WNW,7.862840607146799,15.483787476195731,93.8628406071468,62.274318785706406,1011.9371593928532,1008.0129700190432,7.620946869048932,5.7581062619021335,10.190013661924208,16.99001366192421,Yes,2.868905440989265,Yes
14.8,28.88469584517491,6.077217492550774,2.092521647375861,7.731826202440725,N,41.35304336752259,NW,NW,6.353043367522592,21.546087098899523,80.6469566324774,49.51304300366825,1012.753739176312,1008.3806956268622,2.252173833944708,7.0,20.73269573601861,27.54939150842265,Yes,6.072161651446336,Yes
9.262066072724908,26.338706971258784,0.0,5.256950116127354,10.40801123167346,NE,31.934364058644924,SE,NNE,6.4160224633469225,12.532817970677538,74.46718202932246,33.64961347800816,1015.6444975214106,1011.3963316809404,1.1167955073306155,5.233591014661231,14.927027420525723,24.71390023225471,No,0.4336842018817783,Yes
8.56685980979003,17.843528646032183,7.968426650531788,2.950783420370879,1.7564713539678185,NNW,52.0284396679847,S,SW,19.977945962298865,14.463726128306517,89.80441080754022,85.80441080754022,1010.5296576603832,1009.2201974822744,7.2681369358467425,7.2681369358467425,14.70661621131034,14.208821615080454,Yes,8.925998884862027,Yes
-0.9,18.5,0.0,2.2,8.9,E,22.0,SE,N,0.0,7.0,84.0,38.0,1030.2,1027.4,2.0,3.0,4.7,18.2,No,0.0,No
1.5703016494921362,17.874060329898427,1.4214292536140234,1.7496241319593708,7.16560091133519,SE,32.640974391726736,S,SE,6.0,11.633457030914157,87.73308593817168,48.74812065979685,1025.9114663628882,1022.286278428868,3.244361979390563,4.625939670101573,6.499248263918742,17.461842230928898,No,3.600640591245896,Yes
12.640480647289142,19.06140679273937,7.429847549175574,7.832590836398194,6.580445498161084,S,66.51629541819909,N,S,35.37221563649322,30.725556872701357,69.54888625459729,42.274443127298646,1007.832075039981,1005.8307033963696,6.516295418199096,1.725556872701355,15.756776065488236,17.716295418199095,Yes,7.255111339442276,Yes
11.204388951044336,18.00824590802269,0.0,4.802659970329899,8.396675037087624,W,64.9946800593402,N,W,23.982710192855645,32.98271019285565,65.01462983681445,40.0478794659382,1009.486567149834,1005.2914880949442,5.0026599703299,4.00398995549485,12.806782924341244,16.205452939176293,No,0.0,Yes
-0.4,17.9,0.0,2.4,8.7,NW,33.0,NNE,NW,2.0,20.0,80.0,40.0,1023.5,1018.7,1.0,2.0,6.8,17.7,No,1.8,Yes
10.872068613266952,24.32724136253652,0.0,5.811953933528115,10.64482725073043,SE,41.817240876095646,NW,WNW,6.757471208455072,12.514942416910143,70.45517274926956,40.33218329300578,1014.3521842658874,1011.179425628424,6.242528791544928,3.757471208455072,14.15114922959275,22.79103454985391,No,1.637737769355331,Yes
10.679292573899426,19.775138952615592,0.0,4.989348154945663,8.826033348627742,SW,61.449722094768816,N,SW,23.053259225271685,31.343203644225447,60.73966651372258,37.86983325686129,1010.872774123356,1006.7437796814606,4.526629612635842,3.289944418953764,13.91242041030577,18.3064982237705,No,0.3628959792202972,Yes
15.1,26.2,0.0,9.0,9.8,NE,31.0,SE,NNE,4.0,15.0,59.0,48.0,1022.1,1018.7,1.0,4.0,19.7,24.5,No,0.0,No
10.8,21.7,1.4,2.8,10.6,ESE,48.0,SSE,ESE,13.0,20.0,59.0,40.0,1017.6,1016.8,1.0,4.0,15.3,20.8,Yes,0.0,No
8.113924312908136,18.538918160520357,0.3132946724696974,5.292176199299368,5.393662636661263,NW,61.56211991420816,NNW,NW,24.69571685931125,31.629257136172864,67.90964557727031,51.9550329995057,1003.2618297547954,997.7153245715228,6.612738830329057,5.999016255456121,14.331365656978914,16.537277670940362,No,0.0,Yes
9.684935889987807,19.632845280228103,3.4355623404318294,6.005856637262754,7.552301868187358,NW,91.06067895690406,NNW,NNW,32.79079252725057,47.07532055006095,64.79079252725056,35.2384906590632,1008.6970716813686,1002.5073207965784,3.8953962636252815,4.880754670468397,15.846233972496952,18.432845280228104,Yes,3.9583699246612016,Yes
8.504416351846027,25.21765662709472,0.0,5.052805693232956,10.361002863547997,NE,32.14463132872665,SE,NE,6.290811303328197,13.450327097463912,75.02366204035155,31.84282337107763,1016.0905844720836,1011.6329584441364,0.8522063563770224,5.039379135257513,14.447944340250436,24.60173226173776,No,1.4281783935499124,Yes
-2.8,12.2,0.0,2.6,8.7,NNW,31.0,SE,NNW,0.0,15.0,84.0,48.0,1018.3,1014.6,1.0,1.0,2.7,11.5,No,0.0,No
-0.8342312203661513,17.787109881556425,0.0745033488660497,1.729673608414878,8.484252965704425,W,36.081161782336274,SE,NNW,5.731778983083055,14.62009038236837,81.46287552121451,48.97148895715055,1024.8931495538216,1022.155058861812,1.121314066513254,5.074747418092929,5.588890522261399,17.427539311768104,No,0.2520692898342934,Yes
16.807160014902273,28.831846168628896,0.348136214375951,5.65024568307826,9.273954084733283,E,48.04054014483375,SE,ESE,11.341684948939792,17.238507962854484,64.89336211425093,41.5190477380693,1016.6075059033094,1012.2133240422128,5.851283630465058,7.150840703788282,22.163354745722646,29.34639122766812,No,0.0,Yes
3.5,21.8,0.0,6.0,10.3,NNW,22.0,ESE,WNW,7.0,11.0,72.0,34.0,1023.9,1021.2,0.0,1.0,8.7,21.2,No,0.0,No
13.446652371129792,26.75541721409463,0.0,8.518288257010838,10.390579649963522,NNW,62.78640335650013,NW,NW,25.346099928067677,36.905796499635215,51.01863457205393,25.509317286026963,1017.7037269144108,1013.145238292977,1.0,1.1949620714459424,19.439095478298704,26.313905835528413,No,3.8454222790165016,Yes
0.5064140445222891,16.313303203453636,0.0,1.8118778602264611,4.102613129249821,NNW,39.09739845385698,SSW,WSW,3.995248855909416,6.033258008634092,80.92873283864124,45.01187786022646,1023.6724433642746,1017.4738687075018,6.985746567728246,8.0,6.223043048839335,15.413303203453635,No,0.0,Yes
17.2,24.7,12.2,1.4,8.1,NW,50.0,NW,WNW,19.0,28.0,80.0,71.0,1004.9,1004.0,7.0,8.0,19.4,21.9,Yes,0.8,No
13.930317246610937,23.52401697894435,3.440549598500122,5.977167112777642,3.3442917781944104,NW,81.89957552639126,N,NNE,5.822832887222358,6.088583556388821,82.53150133833293,67.84841376694533,1009.7037421796942,1007.3063002676666,7.911416443611179,7.0,15.586025468416524,20.53661751427752,Yes,3.666616199373741,Yes
14.299276893500783,26.699242922054516,0.0,7.199796171322369,7.099898085661184,NNW,64.99883526469925,N,NNW,7.0,47.99893232597431,68.00101914338815,64.00067942892544,1017.3000533837012,1014.30007764902,7.0,7.0,19.7992235097995,18.999354542520837,No,0.0,Yes
7.5,16.8,0.0,2.8,3.0,NW,41.0,W,NW,7.0,26.0,70.0,53.0,1018.0,1013.8,7.0,7.0,12.5,15.4,No,0.0,No
15.590307708196958,19.412095275054376,18.640784312740127,5.254196621488164,0.0,NE,31.009457368720085,SSE,NNE,8.983961797434963,13.201021619168868,92.00300715634222,89.10050039463208,1007.8885306821168,1006.5617970248912,8.0,7.803944701464857,17.573137944343472,18.758276937376365,Yes,18.1244379860428,Yes
10.1,28.2,0.0,6.0,7.3,ESE,39.0,SSE,WNW,6.0,7.0,72.0,28.0,1021.1,1018.2,1.0,7.0,15.6,27.0,No,0.0,No
15.4,33.8,0.0,5.2,11.1,W,35.0,E,NW,7.0,15.0,70.0,26.0,1014.2,1009.0,7.0,1.0,18.0,31.7,No,0.0,No
11.2,18.0,0.0,4.8,8.4,W,65.0,N,W,24.0,33.0,65.0,40.0,1009.5,1005.3,5.0,4.0,12.8,16.2,No,8.2,Yes
10.8,21.7,1.4,2.8,10.6,ESE,48.0,SSE,ESE,13.0,20.0,59.0,40.0,1017.6,1016.8,1.0,4.0,15.3,20.8,Yes,0.0,No
12.6,23.1,3.4,1.6,2.3,NNW,30.0,N,NW,4.0,13.0,97.0,74.0,1015.8,1014.1,8.0,7.0,15.3,20.4,Yes,6.4,Yes
-2.5,16.6,0.0,3.0,9.9,NW,31.0,NE,N,4.0,20.0,68.0,20.0,1018.8,1013.9,1.0,1.0,6.0,16.3,No,0.0,No
7.134667073394679,18.434411676361652,1.0671207058364869,3.6679720292799,6.001702646886826,NW,71.02298573297215,S,NW,22.673761028695107,37.01276985165119,73.65758588327026,42.99148676556587,1013.5628640886194,1007.56150197111,4.665247794260978,6.333049558852196,13.20204317626419,17.267716632246877,Yes,2.27036541044011,Yes
13.797986031873954,30.67648721948408,0.0,7.443947230774992,8.577574619834106,N,44.127170893423305,WSW,W,5.586806206424669,18.40369216646042,72.49155460749779,24.90915371665211,1014.7237965001482,1009.5513370807694,7.087945796433646,6.028319157181528,19.957196376176963,29.16863364667161,No,0.0,Yes
15.01008156758341,17.3184206117891,0.0,7.591355610331525,1.6132051269185612,SSW,49.62133307897359,S,SE,12.808086101398164,11.614678693878316,72.34430525577287,76.5834312082118,1009.8840397427048,1010.999690089166,6.898626044507575,7.100694856031567,15.560554359680603,14.36522914333837,No,0.0,Yes
11.795077226749417,29.82735383313931,0.0,6.557846110464369,8.896861555814253,E,42.69507722674942,SE,SSW,3.695077226749416,13.968615558142524,63.96861555814253,36.48430777907126,1013.592830947096,1010.8296001127928,2.2107694476781545,7.757846110464369,18.44126172500321,29.1,No,0.0449041434771022,Yes
15.47124360758031,21.05566722835298,5.411981830174871,6.356865411370466,0.8892163528426165,S,31.143781962098448,SSE,NE,6.059909150874353,7.155763792273319,93.01198183017488,86.0838728112241,1010.1011981830176,1008.5748381566328,8.0,8.0,16.597603633965026,19.95926177740544,Yes,3.807493874594423,Yes
9.013541628296885,26.369010291964877,0.0,5.170312442445326,10.5202257551966,NE,31.94618023580736,SE,NNE,6.526909882096319,13.0,72.9592017406119,34.18923604716147,1015.7688369174674,1011.558072964629,1.0,5.283854070742209,14.86493046602606,24.66362831554561,No,0.0829966493520489,Yes
-0.3,9.3,0.4,1.4,9.9,N,39.0,NNW,N,9.0,30.0,72.0,60.0,1017.4,1016.6,1.0,1.0,4.7,8.3,No,0.0,No
17.388729636785687,27.33124388161824,5.358452772410736,10.14718240919642,3.685828585055816,ESE,38.60386806897316,N,NNW,13.462153919531314,13.39613193102684,67.84861567812526,50.056351816071576,1014.659419789654,1012.8264087954018,7.066021988504473,7.735912045982106,20.944448279319133,25.837846080468687,Yes,4.303669062145909,Yes
13.80608767392,19.05659031188923,5.820646011142563,3.79576466834872,0.6246160192369243,NW,43.63366842531282,N,NE,10.366331574687178,19.728427817723077,91.01270599495383,87.11593605066666,1009.9646374420266,1006.1831657873436,7.909475939241025,7.456855635446153,17.051773237464616,18.17511865720616,Yes,5.545770617138406,Yes
15.091210127056003,20.413022033991105,0.0,9.588931271107558,0.13906610197332,ESE,39.016277542488886,ESE,ESE,16.967444915022234,18.98046694901334,63.01953305098666,54.96093389802668,1017.4846991100604,1015.7801413981636,7.993488983004447,7.986977966008894,17.790884576206228,19.410092076343105,No,0.0,Yes
14.21700742593075,19.82709107462058,9.997118957517191,8.077230489103632,5.983573420206901,NNW,68.47839218137894,N,S,39.32853159586199,30.0,74.44958175655086,46.12105016068887,1005.5259293823452,1004.4887546590348,7.164265797930993,1.328531595861986,17.340636611930872,18.42997211710339,Yes,11.137010754084155,Yes
-2.0,11.3,0.2,2.2,5.9,WNW,33.0,SE,WNW,2.0,19.0,88.0,50.0,1020.0,1015.3,7.0,7.0,1.2,10.9,No,0.0,No
14.255687440597928,23.955687440597927,4.155687440597929,6.3556874405979285,5.105984181943268,SSW,59.2994558723458,NNE,SSW,8.083827902242232,13.640702308221517,91.02992090971634,62.748516293273305,1010.4029920909716,1006.922156279701,8.0,5.610781398505178,15.677843720298965,21.867062321793785,Yes,2.1304165541552567,Yes
2.3,11.6,19.2,1.8,7.5,WNW,54.0,WNW,WNW,26.0,31.0,78.0,56.0,1006.9,1010.3,7.0,3.0,7.6,11.2,Yes,0.0,No
-2.165483080904082,9.81077863925546,0.0,1.5266041591490989,2.145295558351379,SSE,29.02865879308643,SSE,WNW,6.079127599468187,14.028658793086429,91.76261720159545,66.94953119361824,1014.1639869575536,1010.4668528368622,7.0,7.0,1.221557278510923,7.633832041116808,No,0.5898166508623524,Yes
3.8,13.8,0.0,2.8,0.8,WNW,31.0,W,NNW,6.0,26.0,67.0,54.0,1020.6,1018.5,7.0,7.0,10.5,12.4,No,0.0,No
9.000823730964362,25.50329492385745,0.0,5.600898615597486,10.198951615136266,NW,49.99326038301886,N,NW,19.986520766037717,25.990264997693902,47.01198154129981,31.00374423165619,1015.2979781149056,1011.3991013844025,2.998502307337524,1.0052419243186663,17.499925115366878,25.102995385324952,No,0.0,Yes
13.8,33.5,0.0,11.4,13.6,NE,31.0,SSE,NE,7.0,9.0,44.0,20.0,1019.2,1015.6,0.0,1.0,21.9,32.2,No,0.0,No
-0.6,12.2,0.0,2.6,7.0,S,59.0,S,S,15.0,26.0,66.0,44.0,1018.5,1016.8,8.0,5.0,6.9,10.7,No,0.0,No
10.1,28.2,0.0,6.0,7.3,ESE,39.0,SSE,WNW,6.0,7.0,72.0,28.0,1021.1,1018.2,1.0,7.0,15.6,27.0,No,0.0,No
7.241127294459233,16.548593268719564,0.4496540541500884,1.369811457616582,9.291006917938669,NNE,29.661982616178324,SSE,NE,5.897901982894637,21.94719087529996,74.45456385732308,66.51327986800216,1031.0181872249154,1027.231811711627,7.078650517277441,6.931256452703856,12.088839128103013,15.21194495660288,No,0.0,Yes
10.1,31.2,0.0,8.8,13.1,NW,41.0,S,W,6.0,20.0,45.0,16.0,1018.2,1013.7,0.0,1.0,18.7,30.4,No,0.0,No
14.110200552670898,22.058482377468348,4.441517622531654,4.09964229407597,1.570937664227842,NW,30.52075881126583,NW,NNE,5.041517622531655,9.875447132405036,94.91696475493669,80.24910573518993,1012.8316747757848,1011.235826538038,8.0,7.520758811265827,15.976986454645576,20.191696475493668,Yes,4.200027200247864,Yes
-2.7,15.2,0.0,4.0,9.7,N,30.0,SW,WNW,6.0,20.0,62.0,35.0,1022.8,1017.9,1.0,2.0,6.3,14.9,No,0.0,No
10.786422381179609,21.99192682124193,3.1955964479501437,4.893761634596036,6.803302664037393,W,43.48348667981303,S,SSE,11.00733925341643,15.996330373291784,95.50183481335412,57.99266074658357,1014.6139445814912,1010.3128436934788,6.494495559937679,3.494495559937679,13.240642451894054,20.843578153260623,Yes,3.938535157332181,Yes
10.843307459636092,29.191083758310214,0.0331174691334822,8.411463739315437,7.475161898149888,E,49.92994381529455,SE,ENE,7.038212464384787,9.025474976256524,56.06368744064131,34.09553116096197,1021.5554187915512,1017.6687931540856,0.0445812084489183,7.006368744064131,17.52483810185011,27.691083758310214,No,1.2554789882076074,Yes
9.0501002528693,18.45603934030045,0.0,5.451484771857788,6.706139593169752,SE,61.09109136885327,NNE,SE,25.302969543715577,31.697030456284423,66.95445431557336,47.166332490435664,1005.395645937296,1000.3487157338808,5.651484771857788,5.302969543715576,13.84237563497246,16.460593908743117,No,1.1619574432187147,Yes
14.740839972046576,19.040839972046577,15.64837075153524,4.440839972046574,0.0,NNE,35.541636490697385,S,NE,9.508327298139475,14.779145543488172,92.50832729813948,89.27081824534869,1009.0812454736048,1006.1270818245348,8.0,8.0,17.59333816148842,18.091672701860524,Yes,14.40891019368954,Yes
1.5,20.9,0.0,2.4,9.3,NW,20.0,NW,NNW,2.0,9.0,80.0,41.0,1023.2,1020.0,1.0,1.0,8.4,20.9,No,0.0,No
13.728960979405636,20.57406049489052,9.157062109940906,8.995676749148421,5.664554144316995,NNE,63.0864650170316,N,NW,35.36600323010077,27.623925188912043,70.30115446732707,43.83861463920751,1008.3203144777024,1006.9504299244352,7.0,1.9783837457420996,17.356914800712552,19.332129762930144,Yes,7.574992469659824,Yes
18.578816103899083,22.022778546141627,1.609477290921418,8.436076278993156,0.1087394687606103,ENE,33.37509729683972,SSE,ENE,9.753076983531557,12.664348234677698,91.95703210395789,72.07959679471267,1014.9932433149808,1011.214500516002,7.987409386524346,7.9152593292168625,18.44022794857188,21.953200210030488,Yes,1.6664564947763154,Yes
15.498809510993553,21.09816466278173,5.40049603708602,6.398214266490331,0.8995535666225827,S,31.005952445032232,SSE,NE,6.002480185430096,7.006448482118252,93.00049603708602,86.00347225960213,1010.1000496037086,1008.5989583221194,8.0,8.0,16.599900792582797,19.998313473907533,Yes,6.034163619353902,Yes
12.3,33.8,0.0,7.2,11.3,W,22.0,SE,W,9.0,13.0,57.0,15.0,1022.6,1019.1,0.0,1.0,17.9,32.7,No,0.0,No
0.1,16.7,0.0,3.8,10.2,WNW,28.0,ESE,NNE,2.0,13.0,69.0,44.0,1027.0,1024.8,1.0,4.0,9.0,14.9,No,0.0,No
8.3,28.5,0.0,5.8,9.8,NW,46.0,W,NW,2.0,26.0,66.0,30.0,1024.1,1019.8,1.0,6.0,16.8,27.4,No,0.2,No
13.101475705244528,19.40092593270245,9.79768516824388,8.79976851682439,5.998263876182908,NNW,66.99016196503648,N,NW,38.99074067297551,29.99508098251824,71.00607643335982,43.00954868099401,1007.3020544131836,1006.0015914468324,7.000289353969516,1.0020254777866076,16.700520837145127,18.201128480481103,Yes,9.04997385566636,Yes
8.626185292050476,24.02508662452818,0.1783239871482431,3.901967779488264,6.498293978513187,NW,32.2823931341229,SW,NW,6.337050059527396,21.23853707728862,67.21861976866836,27.99666045369861,1019.6763918105756,1014.2046305537596,6.93004931866982,6.920005209921197,14.642402227926205,23.48852686087637,No,0.0,Yes
5.6,18.9,0.0,3.8,8.0,SE,33.0,SSE,E,13.0,22.0,79.0,49.0,1025.8,1023.5,7.0,6.0,12.5,17.7,No,0.0,No
1.8098065966266204,8.70887604366205,0.0038653738528284,1.803292725874632,1.1997852570081762,NW,64.97566246092664,NW,NW,30.98210475068135,34.97995732076311,83.00715809972746,85.00071580997275,1014.5967788551228,1010.4986399610518,7.000715809972746,7.000715809972746,6.007587585711108,6.909377110642973,No,3.312682726178046,Yes
12.665503540898149,15.52729017028395,37.08462805674692,6.749712190314816,8.615599477459876,NW,51.475659248734566,WNW,W,28.362589782962964,22.840167762932097,64.25143904842592,56.47757797996913,1006.659832237068,1007.8664629065154,2.409352554259258,6.999999999999999,13.152050328879628,14.147757797996912,Yes,35.83608576450745,Yes
11.3,27.4,0.2,7.6,12.1,NW,52.0,SE,NW,6.0,31.0,60.0,20.0,1021.4,1017.5,1.0,1.0,16.4,26.3,No,0.0,No
15.6,33.4,0.0,8.0,10.4,NE,33.0,NNW,NNW,2.0,13.0,61.0,27.0,1018.5,1013.7,0.0,1.0,22.8,32.0,No,0.0,No
3.2,18.7,0.0,2.6,11.1,N,31.0,E,NNW,4.0,13.0,70.0,32.0,1032.2,1026.9,1.0,1.0,11.0,18.1,No,0.0,No
2.5,21.2,0.0,2.0,7.9,NE,28.0,ESE,NE,7.0,9.0,82.0,55.0,1023.7,1019.8,4.0,4.0,9.2,17.6,No,0.0,No
14.436984096776062,21.9944433871621,4.789208645019437,8.43841348382244,5.269840967760601,S,43.355547097296814,NNE,NNW,16.671431290154597,19.3698409677606,87.3428625803092,69.0682506453666,1009.5455604190544,1007.9112741610236,7.630159032239399,5.1095229032818015,15.75745929038604,19.6698409677606,Yes,5.315366350413374,Yes
17.111635967867915,29.55811051567552,0.1210140658262945,5.902396517237634,9.069677159879374,E,47.79055257837757,SE,ESE,9.093087742943304,16.906912257056696,66.97672806426418,38.25599129309408,1016.6511289349548,1012.8,6.023271935735826,7.023271935735826,21.69301841927925,29.034838579939688,No,1.5863924667431684,Yes
15.5,22.4,0.6,4.8,1.9,NW,28.0,SSE,WNW,6.0,19.0,89.0,68.0,1018.7,1015.4,8.0,7.0,17.1,21.1,No,6.4,Yes
8.3,17.0,0.0,5.6,4.6,E,41.0,SE,E,11.0,24.0,65.0,57.0,1026.2,1024.2,6.0,7.0,12.1,15.5,No,0.0,No
14.41099734735786,19.421120910510037,5.853751105267559,4.766496021036788,0.4916240052591972,NW,36.445013263210704,NW,NE,8.268755526337793,12.898764368478265,93.45375110526756,89.17625773687291,1010.1453751105269,1007.647122678938,8.0,8.0,16.50924977894649,18.4572462420903,Yes,5.636931705636314,Yes
6.927559851548369,24.033159714326445,0.0,3.246013763509396,6.474113688835375,NW,27.55641226204352,SW,NW,6.049667149908328,19.21019824280907,68.06061875684337,31.175720586097185,1020.3854298622,1015.3563636302672,7.041715714092076,7.2041513514062965,14.615837037229523,23.770170307189964,No,0.2244422695673669,Yes
9.6,18.8,0.0,6.4,10.0,WNW,57.0,NW,W,19.0,26.0,54.0,42.0,1012.7,1013.0,2.0,5.0,13.1,16.5,No,0.0,No
12.4,32.3,0.6,7.4,13.0,E,39.0,NNE,W,4.0,17.0,60.0,25.0,1017.1,1013.3,1.0,3.0,20.2,31.2,No,0.0,No
13.8,33.5,0.0,11.4,13.6,NE,31.0,SSE,NE,7.0,9.0,44.0,20.0,1019.2,1015.6,0.0,1.0,21.9,32.2,No,0.0,No
-1.7,13.6,0.0,1.8,5.2,NNW,28.0,SE,NNW,7.0,17.0,83.0,46.0,1023.0,1020.1,1.0,7.0,3.9,13.3,No,0.2,No
15.139743136306834,20.241027454772663,21.844880410170145,2.916660771988848,0.1602568636931655,SE,39.41027454772662,ESE,NW,6.596147044602517,18.608990229260797,83.98715681534172,89.60256863693165,1013.7480912063348,1012.4904029795732,8.0,8.0,17.19871568153417,16.7570460675286,Yes,19.8776266552542,Yes
-0.5,21.6,0.0,5.0,9.9,NW,48.0,NNE,NW,9.0,26.0,44.0,27.0,1014.6,1010.9,7.0,5.0,11.9,21.5,No,0.0,No
-0.0831163336520277,10.963977982540008,0.0,2.4015031231760324,5.163226420951991,NNW,42.36022017459992,S,NNW,11.624748593639753,27.904308244439896,85.19138351112021,76.63977982540007,1016.332465334608,1014.13171377302,5.911823860320059,6.455911930160029,4.860971736187943,6.380110087299963,No,0.0,Yes
11.088881916608072,29.189109430708523,0.0,8.486606067243473,7.051480212929952,E,50.9167516613945,SE,ENE,6.064366764320367,8.127490845253186,56.06539625191668,36.43305769725188,1021.7072754540224,1018.0579538573136,0.1156579128759877,6.819414274688348,17.92783424982805,27.898456203091985,No,0.0,Yes
5.4,20.7,0.0,3.2,10.8,SSE,28.0,SSE,S,7.0,9.0,66.0,36.0,1027.2,1023.9,1.0,2.0,12.3,20.4,No,0.0,No
15.523053078579675,23.19177401809865,6.757710191065245,9.68076326964492,4.443759686827008,NNE,35.105724522336885,NNE,NNW,17.543321390606962,16.89427547766311,84.17328556242785,59.38473460710164,1015.1841413216496,1013.0596183651776,7.649045912943852,5.403816348224592,16.921583200687422,21.75667860939304,Yes,7.32003423013093,Yes
16.33884392075552,24.843159911950572,1.7223121584889631,7.644624316977926,4.015799559752881,S,49.61156079244481,NNW,N,4.086319823901152,6.956840088049423,87.22312158488963,56.77687841511037,1011.9165317622663,1008.5337957270468,6.956840088049423,7.0,17.672639647802306,23.939576123269195,Yes,1.697487274974935,Yes
12.8,21.0,0.0,6.4,0.8,NE,22.0,NE,ENE,7.0,6.0,72.0,54.0,1018.0,1015.6,8.0,8.0,16.1,20.0,No,3.4,Yes
18.23267786241876,34.964186996529314,0.0,9.569075230043554,9.659298763015071,NW,67.4755588324288,N,W,5.839532508676715,13.32093498264657,67.4383637803685,28.91976625433836,1017.1655690451188,1012.8414989214205,1.4814024739698533,5.679065017353431,22.312327243926298,33.17221037109548,No,0.0,Yes
17.959769434105176,33.95030542787282,0.0,9.536611141098316,9.77718095845803,NW,69.6745538575624,N,SW,5.862352850438764,12.25746180515059,67.09392143464133,27.42357511100345,1018.1299053548992,1013.6535361087276,1.2879161721628336,5.832090511528426,22.84963639960896,33.115177492180834,No,1.2633989346916934,Yes
12.766000888067111,24.256513325546468,0.0,6.380163598855964,12.366437418975174,NW,44.64141254929465,NNW,WNW,6.966668438616612,13.543170481646287,67.87113015305103,43.46096144476953,1012.1078042758272,1010.1241495984236,5.907393328410752,3.7413451271411473,14.631244226799536,22.359740190917258,No,0.8982909232554087,Yes
15.9,23.4,0.0,12.6,2.2,ESE,50.0,ESE,ESE,20.0,24.0,69.0,55.0,1016.8,1016.3,8.0,7.0,19.2,22.3,No,0.0,No
17.3554059748381,34.492029097998795,0.0,9.004173967039423,9.810246401559736,NNW,66.71536294879327,N,W,5.673623278399038,13.0,67.5920290979988,29.57115926280168,1017.5593914258388,1013.4144203685992,1.0,6.163188360800481,21.80834793407885,32.77362327839904,No,2.7687685366297665,Yes
13.460944609408967,17.956456272838828,6.249606412746263,3.341416914113455,0.1353542285283636,NNW,41.19527695295516,NE,N,10.248032063731312,18.044883365701413,93.84960641274628,91.94724488922384,1010.1849606412746,1006.8158265332328,8.0,8.0,16.430078717450748,17.111338196662707,Yes,7.950193760153546,Yes
17.9,33.2,0.0,10.4,8.4,N,59.0,N,NNE,15.0,20.0,58.0,62.0,1008.5,1006.1,6.0,7.0,24.5,23.5,No,4.8,Yes
15.951620654265348,21.475810327132677,5.231736896121311,8.82835028527066,2.899225998447315,NE,33.0,S,NE,14.691824077513283,16.55007265115998,93.18335755038666,69.49153347287337,1015.0508466527126,1012.5058539178286,8.0,5.633284899226682,16.13328489922668,20.44329942945868,Yes,4.170676954203217,Yes
13.6,34.2,0.0,8.8,12.8,NNE,35.0,ESE,W,2.0,11.0,50.0,20.0,1015.8,1011.6,7.0,6.0,21.9,31.8,No,0.0,No
1.1,18.0,0.0,1.6,8.6,NNW,39.0,NNW,NNW,2.0,28.0,82.0,36.0,1021.0,1015.6,4.0,1.0,7.0,17.8,No,0.0,No
9.7794324352959,20.029510953932437,1.6227248933746503,5.518148507245107,7.091004265013979,NNW,90.61440965323855,NW,NNE,28.273012795041936,47.56864579194315,66.29510953932433,37.88585207554986,1009.7022096744282,1002.6362446687324,3.568122334366264,6.227248933746505,15.929510953932432,18.90904808074371,Yes,1.4700418496005765,Yes
7.6,16.1,2.8,5.6,10.6,SSE,50.0,SSE,ESE,20.0,28.0,68.0,49.0,1018.3,1018.5,7.0,7.0,11.1,15.4,Yes,0.0,No
12.943099329251,18.35781667195035,5.696452251681044,4.843625678674522,0.5664912168588261,S,31.0,NNW,NNE,4.517738741594783,4.406042797790869,94.48226125840522,88.96452251681043,1016.6590060684432,1014.4178754392404,8.0,8.0,14.265438518011784,16.887251357349044,Yes,6.250050728029416,Yes
7.9,19.7,0.0,3.2,8.3,ESE,48.0,SSE,ENE,17.0,11.0,58.0,43.0,1027.3,1024.1,3.0,6.0,14.0,19.1,No,0.0,No
4.4,21.0,0.0,4.2,12.2,NW,28.0,SW,NW,2.0,9.0,73.0,30.0,1025.7,1022.3,1.0,1.0,9.6,19.2,No,0.0,No
9.4,19.2,0.0,2.2,7.7,NW,24.0,E,NNW,4.0,15.0,73.0,47.0,1024.2,1020.3,7.0,1.0,12.1,18.8,No,0.0,No
13.18276316042084,19.436089881453213,9.953546663517225,9.353640519309517,6.22696817665332,NNW,67.22688248041909,N,NW,39.54587254481448,29.855111114561232,71.50080224971992,42.32060439861551,1007.6737019097068,1006.6140600243896,6.861047139232521,1.116125749280274,17.188373393307913,17.608276854824346,Yes,8.694871646356928,Yes
15.6,33.4,0.0,8.0,10.4,NE,33.0,NNW,NNW,2.0,13.0,61.0,27.0,1018.5,1013.7,0.0,1.0,22.8,32.0,No,0.0,No
5.205013111741706,18.77354876886009,3.4212401661937206,2.252506555870853,5.647097537720181,NE,25.57717620817041,NW,SW,7.472954909246642,7.893799169031396,98.36873361032286,51.26253277935427,1024.8745385348825,1021.1430741920008,6.579155740215246,3.579155740215245,7.778561880601796,18.15250655587085,Yes,2.5570129404749373,Yes
2.863720168211625,11.1,0.7697155929359167,1.4605688141281663,0.3817064423845,W,35.227133052980626,SE,N,0.2649885618107293,13.492121614791351,98.62144491169896,95.31860084105811,1024.1728669470194,1020.9031513540834,7.0,7.962144491169896,6.205361227924739,8.490219024392697,No,2.372689014986822,Yes
4.217989316573906,16.709674604417366,1.183370575686918,1.0359786331478118,2.965381259113012,NNE,18.55706654695647,S,SSW,6.0,6.688586690608706,96.24565323756518,58.95162697791318,1023.7767945685044,1020.7588052519304,7.688586690608706,6.0657600718261175,7.964021366852188,15.765381259113012,No,0.9549580436464198,Yes
17.0,33.8,2.0,9.0,13.5,WNW,52.0,NNW,W,6.0,24.0,65.0,35.0,1004.0,1001.8,2.0,3.0,23.0,31.8,Yes,0.0,No
8.609374543282671,20.623295205426917,2.3659089801897384,3.794602092808325,6.69375030447822,SW,49.51988318045498,S,NW,11.399148211669894,12.941761986432722,92.7982964233398,58.97301046404163,1016.3646312976946,1012.2906254567174,5.686079337855761,3.143465563092933,11.774857629307355,19.35156242388045,Yes,3.361238174037989,Yes
14.615758420787746,20.162002928969653,8.319587604747408,3.557584675777757,4.559793802373704,NNW,69.49042704010085,NNE,WNW,34.49042704010085,24.25625915303016,90.85125183060605,70.80706929868708,1002.1288660300304,1002.0076583679192,7.617083943535344,4.531664225858624,17.881295999100942,16.91958760474741,Yes,8.418719496650791,Yes
17.0,33.8,2.0,9.0,13.5,WNW,52.0,NNW,W,6.0,24.0,65.0,35.0,1004.0,1001.8,2.0,3.0,23.0,31.8,Yes,0.0,No
3.5,21.8,0.0,6.0,10.3,NNW,22.0,ESE,WNW,7.0,11.0,72.0,34.0,1023.9,1021.2,0.0,1.0,8.7,21.2,No,0.0,No
6.479658764273432,16.62433914383949,4.037080118939063,1.845108392034595,2.342258069416548,NW,58.4950967906584,NW,WNW,25.29512766528688,15.550079013897609,88.94705539065359,84.39894906185361,1011.9988587794694,1010.4391947573104,7.208009938357192,6.845725553916874,13.562858279815584,12.476733426398766,Yes,3.884834376605931,Yes
13.185521083164256,30.08276560575319,0.3192098269276593,6.800987716340425,7.921185259608511,ESE,45.19703685097872,WNW,W,7.436444221174467,18.68079017307234,73.35664176444254,27.94775231737872,1014.1446321384578,1009.847881474039,7.0,6.079802456731914,19.66532353989617,28.427397744211067,No,0.0,Yes
13.32991020363854,23.94410581544809,3.786082801556418,5.8263407867063535,3.5397197595750343,NW,84.2587435785087,N,NNE,6.477226348831036,7.428807824251356,82.35466630376041,67.15478681582165,1008.8822469230912,1006.8799732594464,7.942058979168221,6.905078827427623,15.06105689975784,21.0803517399016,Yes,3.882216072708768,Yes
12.3,33.8,0.0,7.2,11.3,W,22.0,SE,W,9.0,13.0,57.0,15.0,1022.6,1019.1,0.0,1.0,17.9,32.7,No,0.0,No
15.036930788713166,28.75761686203208,5.673412247946293,2.747723154852663,7.420798405688925,NE,42.421584732278994,NW,NNW,5.684092281715779,19.630692112868346,82.10567701399478,49.26363087313688,1012.7262507549436,1008.3157953859142,2.7897692957105527,7.0,20.44716149300261,27.53659379160313,Yes,4.279217825413356,Yes
5.606595371663198,18.991072492984237,3.1200534712526014,2.453297685831599,6.082144985968465,NNW,28.42171721594765,S,SSW,8.644236500684327,9.399732643736993,97.866755785421,52.266488429158,1023.502465813484,1019.586942934805,6.244503856947335,3.2445038569473352,8.39766786464743,18.3532976858316,Yes,2.629160034856848,Yes
17.79521220925297,21.19522819765555,10.628566860456408,5.761921511659843,5.930952761628633,NNW,73.21425145342305,N,SW,40.380944767427344,30.0,85.49992005798711,56.118975290559774,999.8428982558924,999.6476540698342,7.690472383713672,2.3809447674273443,19.392842296483323,19.16666133719914,Yes,10.926960768569772,Yes
15.1,20.4,0.0,9.6,0.1,ESE,39.0,ESE,ESE,17.0,19.0,63.0,55.0,1017.5,1015.8,8.0,8.0,17.8,19.4,No,18.8,Yes
13.71769666841141,23.661515656309465,0.8482144047654601,2.7645543228824225,0.5385596891766988,NNW,29.72982829998269,SSW,S,6.112322783273553,5.274184665056213,81.68045173889789,49.465016608941006,1016.8578347758043,1013.5460446341808,7.919914373889297,7.124173159265433,17.38939552470131,23.715445824027857,No,2.0922307407430507,Yes
0.3,17.0,0.0,2.2,5.6,WNW,31.0,S,WNW,6.0,24.0,99.0,52.0,1021.9,1018.6,8.0,1.0,3.8,16.2,No,0.0,No
16.77241424848227,29.75882945528133,0.0,5.9389757733711575,9.120585272359335,E,47.60292636179669,SSE,N,8.702194771347518,17.198536819101655,67.49634204775414,36.51097385673759,1016.4716826580332,1012.5021947713476,6.099268409550827,6.900731590449173,21.55109738567376,29.16948788668558,No,0.3138731079079807,Yes
17.0,33.8,2.0,9.0,13.5,WNW,52.0,NNW,W,6.0,24.0,65.0,35.0,1004.0,1001.8,2.0,3.0,23.0,31.8,Yes,0.0,No
0.4,19.0,0.0,3.4,8.3,NW,39.0,NE,WNW,2.0,19.0,76.0,41.0,1019.8,1015.8,6.0,5.0,7.7,18.5,No,0.0,No
13.870243585046858,19.69450490016497,9.93592533853768,8.301607092028505,5.988672888455193,NNW,68.0194400390326,N,S,39.226542230896136,30.0,73.37869342440942,45.15215119351328,1006.0766719531608,1004.9579057378778,7.113271115448067,1.226542230896135,17.141757350247463,18.35857956162729,Yes,7.317471352204597,Yes
16.8,22.8,9.0,2.8,0.3,ESE,30.0,S,SSE,7.0,11.0,88.0,71.0,1010.0,1007.8,8.0,8.0,18.4,21.5,Yes,1.0,No
13.299054783714226,23.48592446599224,4.010504254177588,6.0482143600849145,6.19212180936681,W,46.53939095316595,NW,W,9.649159576370687,16.675420211814657,95.16228989409268,59.35084042362932,1012.0334031951044,1007.9360292586488,7.513130317721984,4.513130317721984,14.972321540127371,22.03198537067565,Yes,6.337806786692281,Yes
7.5,23.3,0.0,6.8,10.9,WNW,65.0,N,NW,15.0,41.0,46.0,15.0,1012.5,1010.9,1.0,0.0,18.3,21.3,No,0.0,No
15.488148480890434,32.911450880704926,0.0,8.920905386765604,9.062716160296812,NNE,62.37150293568309,NNE,SE,6.348868266542995,11.60452693382802,63.81358080148406,30.744341332714978,1019.2559257595548,1015.095473066172,0.6511317334570047,6.348868266542995,20.56031914724792,31.216111360667824,No,0.0,Yes
4.5,16.0,1.8,3.0,4.3,NW,35.0,W,NW,9.0,15.0,88.0,69.0,1017.7,1013.7,7.0,7.0,10.0,15.2,Yes,1.0,No
15.636137538680504,23.57715848448529,4.213888030546292,6.679014695802225,6.189003258704847,W,46.27490542892037,NNW,WSW,7.786382681351149,17.219669620703034,96.92666427859952,58.66773261043171,1010.9720519482448,1006.2791450553308,8.0,4.994201869252236,14.69292055633554,23.200803672061436,Yes,6.550903561883814,Yes
9.2,19.6,0.6,3.4,10.4,ENE,31.0,SSE,NNW,4.0,7.0,71.0,42.0,1022.3,1019.7,7.0,4.0,11.6,18.4,No,0.0,No
13.726716714520853,29.964653187637243,1.0259659967080514,7.367504652523764,8.148743021214354,ESE,46.4078793800291,WNW,SW,9.454783458302622,20.151594486100876,71.89530959217264,25.09380815654704,1013.6566981044258,1009.402176450256,7.0,5.476547960863239,19.83358357260427,28.58559126920272,No,0.4416351095533536,Yes
12.711236627653776,17.366060340509456,6.202532890236839,2.769145764099506,0.1265023671920252,NNW,42.876583056398026,N,N,10.784020348696542,19.568040697393087,93.59889493329358,91.51899667677628,1010.6165321846568,1006.8393965949056,7.969145764099506,8.0,16.085286793814962,16.56297491691941,Yes,7.843655367289456,Yes
9.2,19.6,0.6,3.4,10.4,ENE,31.0,SSE,NNW,4.0,7.0,71.0,42.0,1022.3,1019.7,7.0,4.0,11.6,18.4,No,0.0,No
14.703922149870245,31.772908404847332,0.0,8.040265660442762,8.209030531717556,N,44.763877873129786,W,W,5.745374042290072,18.745374042290077,70.5995572325954,23.63656489427482,1013.5342717437862,1008.9342717437862,7.0,5.490748084580145,20.63286412810688,30.33471451119085,No,0.9082571697988246,Yes
